Visualizador calidad de aire activada,Turismo activada,Deportes activada,Entretenimiento activada,HQC activada,Visualizador restriccion uso lena activada,Ambientes abiertos desactivada,Ambientes cerrados activada,Optimizacion de rutas activada,Entretenimiento adulto activada,Entretenimiento familiar activada,Entretenimiento tercera edad activada,Backend activada,Algoritmo activada,Qiskit Simulator activada,SpinQ Simulator desactivada,TQL Simulator desactivada,QAOA activada,VQE desactivada,332
Visualizador calidad de aire activada,Turismo activada,Deportes activada,Entretenimiento activada,HQC activada,Visualizador restriccion uso lena activada,Ambientes abiertos desactivada,Ambientes cerrados activada,Optimizacion de rutas activada,Entretenimiento adulto activada,Entretenimiento familiar activada,Entretenimiento tercera edad activada,Backend activada,Algoritmo activada,Qiskit Simulator activada,SpinQ Simulator desactivada,TQL Simulator desactivada,QAOA desactivada,VQE activada,308
Visualizador calidad de aire activada,Turismo activada,Deportes activada,Entretenimiento activada,HQC activada,Visualizador restriccion uso lena activada,Ambientes abiertos desactivada,Ambientes cerrados activada,Optimizacion de rutas activada,Entretenimiento adulto activada,Entretenimiento familiar activada,Entretenimiento tercera edad activada,Backend activada,Algoritmo activada,Qiskit Simulator desactivada,SpinQ Simulator activada,TQL Simulator desactivada,QAOA activada,VQE desactivada,348
Visualizador calidad de aire activada,Turismo activada,Deportes activada,Entretenimiento activada,HQC activada,Visualizador restriccion uso lena activada,Ambientes abiertos desactivada,Ambientes cerrados activada,Optimizacion de rutas activada,Entretenimiento adulto activada,Entretenimiento familiar activada,Entretenimiento tercera edad activada,Backend activada,Algoritmo activada,Qiskit Simulator desactivada,SpinQ Simulator activada,TQL Simulator desactivada,QAOA desactivada,VQE activada,320
Visualizador calidad de aire activada,Turismo activada,Deportes activada,Entretenimiento activada,HQC activada,Visualizador restriccion uso lena activada,Ambientes abiertos desactivada,Ambientes cerrados activada,Optimizacion de rutas activada,Entretenimiento adulto activada,Entretenimiento familiar activada,Entretenimiento tercera edad activada,Backend activada,Algoritmo activada,Qiskit Simulator desactivada,SpinQ Simulator desactivada,TQL Simulator activada,QAOA activada,VQE desactivada,312
Visualizador calidad de aire activada,Turismo activada,Deportes activada,Entretenimiento activada,HQC activada,Visualizador restriccion uso lena activada,Ambientes abiertos desactivada,Ambientes cerrados activada,Optimizacion de rutas activada,Entretenimiento adulto activada,Entretenimiento familiar activada,Entretenimiento tercera edad activada,Backend activada,Algoritmo activada,Qiskit Simulator desactivada,SpinQ Simulator desactivada,TQL Simulator activada,QAOA desactivada,VQE activada,321
Visualizador calidad de aire activada,Turismo activada,Deportes activada,Entretenimiento activada,HQC activada,Visualizador restriccion uso lena activada,Ambientes abiertos desactivada,Ambientes cerrados activada,Optimizacion de rutas activada,Entretenimiento adulto activada,Entretenimiento familiar activada,Entretenimiento tercera edad desactivada,Backend activada,Algoritmo activada,Qiskit Simulator activada,SpinQ Simulator desactivada,TQL Simulator desactivada,QAOA activada,VQE desactivada,350
Visualizador calidad de aire activada,Turismo activada,Deportes activada,Entretenimiento activada,HQC activada,Visualizador restriccion uso lena activada,Ambientes abiertos desactivada,Ambientes cerrados activada,Optimizacion de rutas activada,Entretenimiento adulto activada,Entretenimiento familiar activada,Entretenimiento tercera edad desactivada,Backend activada,Algoritmo activada,Qiskit Simulator activada,SpinQ Simulator desactivada,TQL Simulator desactivada,QAOA desactivada,VQE activada,325
Visualizador calidad de aire activada,Turismo activada,Deportes activada,Entretenimiento activada,HQC activada,Visualizador restriccion uso lena activada,Ambientes abiertos desactivada,Ambientes cerrados activada,Optimizacion de rutas activada,Entretenimiento adulto activada,Entretenimiento familiar activada,Entretenimiento tercera edad desactivada,Backend activada,Algoritmo activada,Qiskit Simulator desactivada,SpinQ Simulator activada,TQL Simulator desactivada,QAOA activada,VQE desactivada,343
Visualizador calidad de aire activada,Turismo activada,Deportes activada,Entretenimiento activada,HQC activada,Visualizador restriccion uso lena activada,Ambientes abiertos desactivada,Ambientes cerrados activada,Optimizacion de rutas activada,Entretenimiento adulto activada,Entretenimiento familiar activada,Entretenimiento tercera edad desactivada,Backend activada,Algoritmo activada,Qiskit Simulator desactivada,SpinQ Simulator activada,TQL Simulator desactivada,QAOA desactivada,VQE activada,345
Visualizador calidad de aire activada,Turismo activada,Deportes activada,Entretenimiento activada,HQC activada,Visualizador restriccion uso lena activada,Ambientes abiertos desactivada,Ambientes cerrados activada,Optimizacion de rutas activada,Entretenimiento adulto activada,Entretenimiento familiar activada,Entretenimiento tercera edad desactivada,Backend activada,Algoritmo activada,Qiskit Simulator desactivada,SpinQ Simulator desactivada,TQL Simulator activada,QAOA activada,VQE desactivada,334
Visualizador calidad de aire activada,Turismo activada,Deportes activada,Entretenimiento activada,HQC activada,Visualizador restriccion uso lena activada,Ambientes abiertos desactivada,Ambientes cerrados activada,Optimizacion de rutas activada,Entretenimiento adulto activada,Entretenimiento familiar activada,Entretenimiento tercera edad desactivada,Backend activada,Algoritmo activada,Qiskit Simulator desactivada,SpinQ Simulator desactivada,TQL Simulator activada,QAOA desactivada,VQE activada,337
Visualizador calidad de aire activada,Turismo activada,Deportes activada,Entretenimiento activada,HQC activada,Visualizador restriccion uso lena activada,Ambientes abiertos desactivada,Ambientes cerrados activada,Optimizacion de rutas activada,Entretenimiento adulto desactivada,Entretenimiento familiar activada,Entretenimiento tercera edad activada,Backend activada,Algoritmo activada,Qiskit Simulator activada,SpinQ Simulator desactivada,TQL Simulator desactivada,QAOA activada,VQE desactivada,347
Visualizador calidad de aire activada,Turismo activada,Deportes activada,Entretenimiento activada,HQC activada,Visualizador restriccion uso lena activada,Ambientes abiertos desactivada,Ambientes cerrados activada,Optimizacion de rutas activada,Entretenimiento adulto desactivada,Entretenimiento familiar activada,Entretenimiento tercera edad activada,Backend activada,Algoritmo activada,Qiskit Simulator activada,SpinQ Simulator desactivada,TQL Simulator desactivada,QAOA desactivada,VQE activada,327
Visualizador calidad de aire activada,Turismo activada,Deportes activada,Entretenimiento activada,HQC activada,Visualizador restriccion uso lena activada,Ambientes abiertos desactivada,Ambientes cerrados activada,Optimizacion de rutas activada,Entretenimiento adulto desactivada,Entretenimiento familiar activada,Entretenimiento tercera edad activada,Backend activada,Algoritmo activada,Qiskit Simulator desactivada,SpinQ Simulator activada,TQL Simulator desactivada,QAOA activada,VQE desactivada,308
Visualizador calidad de aire activada,Turismo activada,Deportes activada,Entretenimiento activada,HQC activada,Visualizador restriccion uso lena activada,Ambientes abiertos desactivada,Ambientes cerrados activada,Optimizacion de rutas activada,Entretenimiento adulto desactivada,Entretenimiento familiar activada,Entretenimiento tercera edad activada,Backend activada,Algoritmo activada,Qiskit Simulator desactivada,SpinQ Simulator activada,TQL Simulator desactivada,QAOA desactivada,VQE activada,318
Visualizador calidad de aire activada,Turismo activada,Deportes activada,Entretenimiento activada,HQC activada,Visualizador restriccion uso lena activada,Ambientes abiertos desactivada,Ambientes cerrados activada,Optimizacion de rutas activada,Entretenimiento adulto desactivada,Entretenimiento familiar activada,Entretenimiento tercera edad activada,Backend activada,Algoritmo activada,Qiskit Simulator desactivada,SpinQ Simulator desactivada,TQL Simulator activada,QAOA activada,VQE desactivada,348
Visualizador calidad de aire activada,Turismo activada,Deportes activada,Entretenimiento activada,HQC activada,Visualizador restriccion uso lena activada,Ambientes abiertos desactivada,Ambientes cerrados activada,Optimizacion de rutas activada,Entretenimiento adulto desactivada,Entretenimiento familiar activada,Entretenimiento tercera edad activada,Backend activada,Algoritmo activada,Qiskit Simulator desactivada,SpinQ Simulator desactivada,TQL Simulator activada,QAOA desactivada,VQE activada,338
Visualizador calidad de aire activada,Turismo activada,Deportes activada,Entretenimiento activada,HQC activada,Visualizador restriccion uso lena activada,Ambientes abiertos desactivada,Ambientes cerrados activada,Optimizacion de rutas activada,Entretenimiento adulto desactivada,Entretenimiento familiar activada,Entretenimiento tercera edad desactivada,Backend activada,Algoritmo activada,Qiskit Simulator activada,SpinQ Simulator desactivada,TQL Simulator desactivada,QAOA activada,VQE desactivada,337
Visualizador calidad de aire activada,Turismo activada,Deportes activada,Entretenimiento activada,HQC activada,Visualizador restriccion uso lena activada,Ambientes abiertos desactivada,Ambientes cerrados activada,Optimizacion de rutas activada,Entretenimiento adulto desactivada,Entretenimiento familiar activada,Entretenimiento tercera edad desactivada,Backend activada,Algoritmo activada,Qiskit Simulator activada,SpinQ Simulator desactivada,TQL Simulator desactivada,QAOA desactivada,VQE activada,330
Visualizador calidad de aire activada,Turismo activada,Deportes activada,Entretenimiento activada,HQC activada,Visualizador restriccion uso lena activada,Ambientes abiertos desactivada,Ambientes cerrados activada,Optimizacion de rutas activada,Entretenimiento adulto desactivada,Entretenimiento familiar activada,Entretenimiento tercera edad desactivada,Backend activada,Algoritmo activada,Qiskit Simulator desactivada,SpinQ Simulator activada,TQL Simulator desactivada,QAOA activada,VQE desactivada,332
Visualizador calidad de aire activada,Turismo activada,Deportes activada,Entretenimiento activada,HQC activada,Visualizador restriccion uso lena activada,Ambientes abiertos desactivada,Ambientes cerrados activada,Optimizacion de rutas activada,Entretenimiento adulto desactivada,Entretenimiento familiar activada,Entretenimiento tercera edad desactivada,Backend activada,Algoritmo activada,Qiskit Simulator desactivada,SpinQ Simulator activada,TQL Simulator desactivada,QAOA desactivada,VQE activada,346
Visualizador calidad de aire activada,Turismo activada,Deportes activada,Entretenimiento activada,HQC activada,Visualizador restriccion uso lena activada,Ambientes abiertos desactivada,Ambientes cerrados activada,Optimizacion de rutas activada,Entretenimiento adulto desactivada,Entretenimiento familiar activada,Entretenimiento tercera edad desactivada,Backend activada,Algoritmo activada,Qiskit Simulator desactivada,SpinQ Simulator desactivada,TQL Simulator activada,QAOA activada,VQE desactivada,348
Visualizador calidad de aire activada,Turismo activada,Deportes activada,Entretenimiento activada,HQC activada,Visualizador restriccion uso lena activada,Ambientes abiertos desactivada,Ambientes cerrados activada,Optimizacion de rutas activada,Entretenimiento adulto desactivada,Entretenimiento familiar activada,Entretenimiento tercera edad desactivada,Backend activada,Algoritmo activada,Qiskit Simulator desactivada,SpinQ Simulator desactivada,TQL Simulator activada,QAOA desactivada,VQE activada,317
Visualizador calidad de aire activada,Turismo activada,Deportes activada,Entretenimiento activada,HQC activada,Visualizador restriccion uso lena activada,Ambientes abiertos desactivada,Ambientes cerrados activada,Optimizacion de rutas activada,Entretenimiento adulto activada,Entretenimiento familiar desactivada,Entretenimiento tercera edad activada,Backend activada,Algoritmo activada,Qiskit Simulator activada,SpinQ Simulator desactivada,TQL Simulator desactivada,QAOA activada,VQE desactivada,341
Visualizador calidad de aire activada,Turismo activada,Deportes activada,Entretenimiento activada,HQC activada,Visualizador restriccion uso lena activada,Ambientes abiertos desactivada,Ambientes cerrados activada,Optimizacion de rutas activada,Entretenimiento adulto activada,Entretenimiento familiar desactivada,Entretenimiento tercera edad activada,Backend activada,Algoritmo activada,Qiskit Simulator activada,SpinQ Simulator desactivada,TQL Simulator desactivada,QAOA desactivada,VQE activada,304
Visualizador calidad de aire activada,Turismo activada,Deportes activada,Entretenimiento activada,HQC activada,Visualizador restriccion uso lena activada,Ambientes abiertos desactivada,Ambientes cerrados activada,Optimizacion de rutas activada,Entretenimiento adulto activada,Entretenimiento familiar desactivada,Entretenimiento tercera edad activada,Backend activada,Algoritmo activada,Qiskit Simulator desactivada,SpinQ Simulator activada,TQL Simulator desactivada,QAOA activada,VQE desactivada,350
Visualizador calidad de aire activada,Turismo activada,Deportes activada,Entretenimiento activada,HQC activada,Visualizador restriccion uso lena activada,Ambientes abiertos desactivada,Ambientes cerrados activada,Optimizacion de rutas activada,Entretenimiento adulto activada,Entretenimiento familiar desactivada,Entretenimiento tercera edad activada,Backend activada,Algoritmo activada,Qiskit Simulator desactivada,SpinQ Simulator activada,TQL Simulator desactivada,QAOA desactivada,VQE activada,325
Visualizador calidad de aire activada,Turismo activada,Deportes activada,Entretenimiento activada,HQC activada,Visualizador restriccion uso lena activada,Ambientes abiertos desactivada,Ambientes cerrados activada,Optimizacion de rutas activada,Entretenimiento adulto activada,Entretenimiento familiar desactivada,Entretenimiento tercera edad activada,Backend activada,Algoritmo activada,Qiskit Simulator desactivada,SpinQ Simulator desactivada,TQL Simulator activada,QAOA activada,VQE desactivada,327
Visualizador calidad de aire activada,Turismo activada,Deportes activada,Entretenimiento activada,HQC activada,Visualizador restriccion uso lena activada,Ambientes abiertos desactivada,Ambientes cerrados activada,Optimizacion de rutas activada,Entretenimiento adulto activada,Entretenimiento familiar desactivada,Entretenimiento tercera edad activada,Backend activada,Algoritmo activada,Qiskit Simulator desactivada,SpinQ Simulator desactivada,TQL Simulator activada,QAOA desactivada,VQE activada,314
Visualizador calidad de aire activada,Turismo activada,Deportes activada,Entretenimiento activada,HQC activada,Visualizador restriccion uso lena activada,Ambientes abiertos desactivada,Ambientes cerrados activada,Optimizacion de rutas activada,Entretenimiento adulto activada,Entretenimiento familiar desactivada,Entretenimiento tercera edad desactivada,Backend activada,Algoritmo activada,Qiskit Simulator activada,SpinQ Simulator desactivada,TQL Simulator desactivada,QAOA activada,VQE desactivada,337
Visualizador calidad de aire activada,Turismo activada,Deportes activada,Entretenimiento activada,HQC activada,Visualizador restriccion uso lena activada,Ambientes abiertos desactivada,Ambientes cerrados activada,Optimizacion de rutas activada,Entretenimiento adulto activada,Entretenimiento familiar desactivada,Entretenimiento tercera edad desactivada,Backend activada,Algoritmo activada,Qiskit Simulator activada,SpinQ Simulator desactivada,TQL Simulator desactivada,QAOA desactivada,VQE activada,329
Visualizador calidad de aire activada,Turismo activada,Deportes activada,Entretenimiento activada,HQC activada,Visualizador restriccion uso lena activada,Ambientes abiertos desactivada,Ambientes cerrados activada,Optimizacion de rutas activada,Entretenimiento adulto activada,Entretenimiento familiar desactivada,Entretenimiento tercera edad desactivada,Backend activada,Algoritmo activada,Qiskit Simulator desactivada,SpinQ Simulator activada,TQL Simulator desactivada,QAOA activada,VQE desactivada,302
Visualizador calidad de aire activada,Turismo activada,Deportes activada,Entretenimiento activada,HQC activada,Visualizador restriccion uso lena activada,Ambientes abiertos desactivada,Ambientes cerrados activada,Optimizacion de rutas activada,Entretenimiento adulto activada,Entretenimiento familiar desactivada,Entretenimiento tercera edad desactivada,Backend activada,Algoritmo activada,Qiskit Simulator desactivada,SpinQ Simulator activada,TQL Simulator desactivada,QAOA desactivada,VQE activada,336
Visualizador calidad de aire activada,Turismo activada,Deportes activada,Entretenimiento activada,HQC activada,Visualizador restriccion uso lena activada,Ambientes abiertos desactivada,Ambientes cerrados activada,Optimizacion de rutas activada,Entretenimiento adulto activada,Entretenimiento familiar desactivada,Entretenimiento tercera edad desactivada,Backend activada,Algoritmo activada,Qiskit Simulator desactivada,SpinQ Simulator desactivada,TQL Simulator activada,QAOA activada,VQE desactivada,330
Visualizador calidad de aire activada,Turismo activada,Deportes activada,Entretenimiento activada,HQC activada,Visualizador restriccion uso lena activada,Ambientes abiertos desactivada,Ambientes cerrados activada,Optimizacion de rutas activada,Entretenimiento adulto activada,Entretenimiento familiar desactivada,Entretenimiento tercera edad desactivada,Backend activada,Algoritmo activada,Qiskit Simulator desactivada,SpinQ Simulator desactivada,TQL Simulator activada,QAOA desactivada,VQE activada,307
Visualizador calidad de aire activada,Turismo activada,Deportes activada,Entretenimiento activada,HQC activada,Visualizador restriccion uso lena activada,Ambientes abiertos desactivada,Ambientes cerrados activada,Optimizacion de rutas activada,Entretenimiento adulto desactivada,Entretenimiento familiar desactivada,Entretenimiento tercera edad activada,Backend activada,Algoritmo activada,Qiskit Simulator activada,SpinQ Simulator desactivada,TQL Simulator desactivada,QAOA activada,VQE desactivada,310
Visualizador calidad de aire activada,Turismo activada,Deportes activada,Entretenimiento activada,HQC activada,Visualizador restriccion uso lena activada,Ambientes abiertos desactivada,Ambientes cerrados activada,Optimizacion de rutas activada,Entretenimiento adulto desactivada,Entretenimiento familiar desactivada,Entretenimiento tercera edad activada,Backend activada,Algoritmo activada,Qiskit Simulator activada,SpinQ Simulator desactivada,TQL Simulator desactivada,QAOA desactivada,VQE activada,337
Visualizador calidad de aire activada,Turismo activada,Deportes activada,Entretenimiento activada,HQC activada,Visualizador restriccion uso lena activada,Ambientes abiertos desactivada,Ambientes cerrados activada,Optimizacion de rutas activada,Entretenimiento adulto desactivada,Entretenimiento familiar desactivada,Entretenimiento tercera edad activada,Backend activada,Algoritmo activada,Qiskit Simulator desactivada,SpinQ Simulator activada,TQL Simulator desactivada,QAOA activada,VQE desactivada,310
Visualizador calidad de aire activada,Turismo activada,Deportes activada,Entretenimiento activada,HQC activada,Visualizador restriccion uso lena activada,Ambientes abiertos desactivada,Ambientes cerrados activada,Optimizacion de rutas activada,Entretenimiento adulto desactivada,Entretenimiento familiar desactivada,Entretenimiento tercera edad activada,Backend activada,Algoritmo activada,Qiskit Simulator desactivada,SpinQ Simulator activada,TQL Simulator desactivada,QAOA desactivada,VQE activada,302
Visualizador calidad de aire activada,Turismo activada,Deportes activada,Entretenimiento activada,HQC activada,Visualizador restriccion uso lena activada,Ambientes abiertos desactivada,Ambientes cerrados activada,Optimizacion de rutas activada,Entretenimiento adulto desactivada,Entretenimiento familiar desactivada,Entretenimiento tercera edad activada,Backend activada,Algoritmo activada,Qiskit Simulator desactivada,SpinQ Simulator desactivada,TQL Simulator activada,QAOA activada,VQE desactivada,339
Visualizador calidad de aire activada,Turismo activada,Deportes activada,Entretenimiento activada,HQC activada,Visualizador restriccion uso lena activada,Ambientes abiertos desactivada,Ambientes cerrados activada,Optimizacion de rutas activada,Entretenimiento adulto desactivada,Entretenimiento familiar desactivada,Entretenimiento tercera edad activada,Backend activada,Algoritmo activada,Qiskit Simulator desactivada,SpinQ Simulator desactivada,TQL Simulator activada,QAOA desactivada,VQE activada,304
Visualizador calidad de aire activada,Turismo activada,Deportes activada,Entretenimiento activada,HQC activada,Visualizador restriccion uso lena activada,Ambientes abiertos desactivada,Ambientes cerrados activada,Optimizacion de rutas desactivada,Entretenimiento adulto activada,Entretenimiento familiar activada,Entretenimiento tercera edad activada,Backend activada,Algoritmo activada,Qiskit Simulator activada,SpinQ Simulator desactivada,TQL Simulator desactivada,QAOA activada,VQE desactivada,338
Visualizador calidad de aire activada,Turismo activada,Deportes activada,Entretenimiento activada,HQC activada,Visualizador restriccion uso lena activada,Ambientes abiertos desactivada,Ambientes cerrados activada,Optimizacion de rutas desactivada,Entretenimiento adulto activada,Entretenimiento familiar activada,Entretenimiento tercera edad activada,Backend activada,Algoritmo activada,Qiskit Simulator activada,SpinQ Simulator desactivada,TQL Simulator desactivada,QAOA desactivada,VQE activada,318
Visualizador calidad de aire activada,Turismo activada,Deportes activada,Entretenimiento activada,HQC activada,Visualizador restriccion uso lena activada,Ambientes abiertos desactivada,Ambientes cerrados activada,Optimizacion de rutas desactivada,Entretenimiento adulto activada,Entretenimiento familiar activada,Entretenimiento tercera edad activada,Backend activada,Algoritmo activada,Qiskit Simulator desactivada,SpinQ Simulator activada,TQL Simulator desactivada,QAOA activada,VQE desactivada,305
Visualizador calidad de aire activada,Turismo activada,Deportes activada,Entretenimiento activada,HQC activada,Visualizador restriccion uso lena activada,Ambientes abiertos desactivada,Ambientes cerrados activada,Optimizacion de rutas desactivada,Entretenimiento adulto activada,Entretenimiento familiar activada,Entretenimiento tercera edad activada,Backend activada,Algoritmo activada,Qiskit Simulator desactivada,SpinQ Simulator activada,TQL Simulator desactivada,QAOA desactivada,VQE activada,326
Visualizador calidad de aire activada,Turismo activada,Deportes activada,Entretenimiento activada,HQC activada,Visualizador restriccion uso lena activada,Ambientes abiertos desactivada,Ambientes cerrados activada,Optimizacion de rutas desactivada,Entretenimiento adulto activada,Entretenimiento familiar activada,Entretenimiento tercera edad activada,Backend activada,Algoritmo activada,Qiskit Simulator desactivada,SpinQ Simulator desactivada,TQL Simulator activada,QAOA activada,VQE desactivada,321
Visualizador calidad de aire activada,Turismo activada,Deportes activada,Entretenimiento activada,HQC activada,Visualizador restriccion uso lena activada,Ambientes abiertos desactivada,Ambientes cerrados activada,Optimizacion de rutas desactivada,Entretenimiento adulto activada,Entretenimiento familiar activada,Entretenimiento tercera edad activada,Backend activada,Algoritmo activada,Qiskit Simulator desactivada,SpinQ Simulator desactivada,TQL Simulator activada,QAOA desactivada,VQE activada,321
Visualizador calidad de aire activada,Turismo activada,Deportes activada,Entretenimiento activada,HQC activada,Visualizador restriccion uso lena activada,Ambientes abiertos desactivada,Ambientes cerrados activada,Optimizacion de rutas desactivada,Entretenimiento adulto activada,Entretenimiento familiar activada,Entretenimiento tercera edad desactivada,Backend activada,Algoritmo activada,Qiskit Simulator activada,SpinQ Simulator desactivada,TQL Simulator desactivada,QAOA activada,VQE desactivada,311
Visualizador calidad de aire activada,Turismo activada,Deportes activada,Entretenimiento activada,HQC activada,Visualizador restriccion uso lena activada,Ambientes abiertos desactivada,Ambientes cerrados activada,Optimizacion de rutas desactivada,Entretenimiento adulto activada,Entretenimiento familiar activada,Entretenimiento tercera edad desactivada,Backend activada,Algoritmo activada,Qiskit Simulator activada,SpinQ Simulator desactivada,TQL Simulator desactivada,QAOA desactivada,VQE activada,330
Visualizador calidad de aire activada,Turismo activada,Deportes activada,Entretenimiento activada,HQC activada,Visualizador restriccion uso lena activada,Ambientes abiertos desactivada,Ambientes cerrados activada,Optimizacion de rutas desactivada,Entretenimiento adulto activada,Entretenimiento familiar activada,Entretenimiento tercera edad desactivada,Backend activada,Algoritmo activada,Qiskit Simulator desactivada,SpinQ Simulator activada,TQL Simulator desactivada,QAOA activada,VQE desactivada,346
Visualizador calidad de aire activada,Turismo activada,Deportes activada,Entretenimiento activada,HQC activada,Visualizador restriccion uso lena activada,Ambientes abiertos desactivada,Ambientes cerrados activada,Optimizacion de rutas desactivada,Entretenimiento adulto activada,Entretenimiento familiar activada,Entretenimiento tercera edad desactivada,Backend activada,Algoritmo activada,Qiskit Simulator desactivada,SpinQ Simulator activada,TQL Simulator desactivada,QAOA desactivada,VQE activada,337
Visualizador calidad de aire activada,Turismo activada,Deportes activada,Entretenimiento activada,HQC activada,Visualizador restriccion uso lena activada,Ambientes abiertos desactivada,Ambientes cerrados activada,Optimizacion de rutas desactivada,Entretenimiento adulto activada,Entretenimiento familiar activada,Entretenimiento tercera edad desactivada,Backend activada,Algoritmo activada,Qiskit Simulator desactivada,SpinQ Simulator desactivada,TQL Simulator activada,QAOA activada,VQE desactivada,337
Visualizador calidad de aire activada,Turismo activada,Deportes activada,Entretenimiento activada,HQC activada,Visualizador restriccion uso lena activada,Ambientes abiertos desactivada,Ambientes cerrados activada,Optimizacion de rutas desactivada,Entretenimiento adulto activada,Entretenimiento familiar activada,Entretenimiento tercera edad desactivada,Backend activada,Algoritmo activada,Qiskit Simulator desactivada,SpinQ Simulator desactivada,TQL Simulator activada,QAOA desactivada,VQE activada,325
Visualizador calidad de aire activada,Turismo activada,Deportes activada,Entretenimiento activada,HQC activada,Visualizador restriccion uso lena activada,Ambientes abiertos desactivada,Ambientes cerrados activada,Optimizacion de rutas desactivada,Entretenimiento adulto desactivada,Entretenimiento familiar activada,Entretenimiento tercera edad activada,Backend activada,Algoritmo activada,Qiskit Simulator activada,SpinQ Simulator desactivada,TQL Simulator desactivada,QAOA activada,VQE desactivada,309
Visualizador calidad de aire activada,Turismo activada,Deportes activada,Entretenimiento activada,HQC activada,Visualizador restriccion uso lena activada,Ambientes abiertos desactivada,Ambientes cerrados activada,Optimizacion de rutas desactivada,Entretenimiento adulto desactivada,Entretenimiento familiar activada,Entretenimiento tercera edad activada,Backend activada,Algoritmo activada,Qiskit Simulator activada,SpinQ Simulator desactivada,TQL Simulator desactivada,QAOA desactivada,VQE activada,328
Visualizador calidad de aire activada,Turismo activada,Deportes activada,Entretenimiento activada,HQC activada,Visualizador restriccion uso lena activada,Ambientes abiertos desactivada,Ambientes cerrados activada,Optimizacion de rutas desactivada,Entretenimiento adulto desactivada,Entretenimiento familiar activada,Entretenimiento tercera edad activada,Backend activada,Algoritmo activada,Qiskit Simulator desactivada,SpinQ Simulator activada,TQL Simulator desactivada,QAOA activada,VQE desactivada,349
Visualizador calidad de aire activada,Turismo activada,Deportes activada,Entretenimiento activada,HQC activada,Visualizador restriccion uso lena activada,Ambientes abiertos desactivada,Ambientes cerrados activada,Optimizacion de rutas desactivada,Entretenimiento adulto desactivada,Entretenimiento familiar activada,Entretenimiento tercera edad activada,Backend activada,Algoritmo activada,Qiskit Simulator desactivada,SpinQ Simulator activada,TQL Simulator desactivada,QAOA desactivada,VQE activada,308
Visualizador calidad de aire activada,Turismo activada,Deportes activada,Entretenimiento activada,HQC activada,Visualizador restriccion uso lena activada,Ambientes abiertos desactivada,Ambientes cerrados activada,Optimizacion de rutas desactivada,Entretenimiento adulto desactivada,Entretenimiento familiar activada,Entretenimiento tercera edad activada,Backend activada,Algoritmo activada,Qiskit Simulator desactivada,SpinQ Simulator desactivada,TQL Simulator activada,QAOA activada,VQE desactivada,326
Visualizador calidad de aire activada,Turismo activada,Deportes activada,Entretenimiento activada,HQC activada,Visualizador restriccion uso lena activada,Ambientes abiertos desactivada,Ambientes cerrados activada,Optimizacion de rutas desactivada,Entretenimiento adulto desactivada,Entretenimiento familiar activada,Entretenimiento tercera edad activada,Backend activada,Algoritmo activada,Qiskit Simulator desactivada,SpinQ Simulator desactivada,TQL Simulator activada,QAOA desactivada,VQE activada,306
Visualizador calidad de aire activada,Turismo activada,Deportes activada,Entretenimiento activada,HQC activada,Visualizador restriccion uso lena activada,Ambientes abiertos desactivada,Ambientes cerrados activada,Optimizacion de rutas desactivada,Entretenimiento adulto desactivada,Entretenimiento familiar activada,Entretenimiento tercera edad desactivada,Backend activada,Algoritmo activada,Qiskit Simulator activada,SpinQ Simulator desactivada,TQL Simulator desactivada,QAOA activada,VQE desactivada,348
Visualizador calidad de aire activada,Turismo activada,Deportes activada,Entretenimiento activada,HQC activada,Visualizador restriccion uso lena activada,Ambientes abiertos desactivada,Ambientes cerrados activada,Optimizacion de rutas desactivada,Entretenimiento adulto desactivada,Entretenimiento familiar activada,Entretenimiento tercera edad desactivada,Backend activada,Algoritmo activada,Qiskit Simulator activada,SpinQ Simulator desactivada,TQL Simulator desactivada,QAOA desactivada,VQE activada,310
Visualizador calidad de aire activada,Turismo activada,Deportes activada,Entretenimiento activada,HQC activada,Visualizador restriccion uso lena activada,Ambientes abiertos desactivada,Ambientes cerrados activada,Optimizacion de rutas desactivada,Entretenimiento adulto desactivada,Entretenimiento familiar activada,Entretenimiento tercera edad desactivada,Backend activada,Algoritmo activada,Qiskit Simulator desactivada,SpinQ Simulator activada,TQL Simulator desactivada,QAOA activada,VQE desactivada,327
Visualizador calidad de aire activada,Turismo activada,Deportes activada,Entretenimiento activada,HQC activada,Visualizador restriccion uso lena activada,Ambientes abiertos desactivada,Ambientes cerrados activada,Optimizacion de rutas desactivada,Entretenimiento adulto desactivada,Entretenimiento familiar activada,Entretenimiento tercera edad desactivada,Backend activada,Algoritmo activada,Qiskit Simulator desactivada,SpinQ Simulator activada,TQL Simulator desactivada,QAOA desactivada,VQE activada,314
Visualizador calidad de aire activada,Turismo activada,Deportes activada,Entretenimiento activada,HQC activada,Visualizador restriccion uso lena activada,Ambientes abiertos desactivada,Ambientes cerrados activada,Optimizacion de rutas desactivada,Entretenimiento adulto desactivada,Entretenimiento familiar activada,Entretenimiento tercera edad desactivada,Backend activada,Algoritmo activada,Qiskit Simulator desactivada,SpinQ Simulator desactivada,TQL Simulator activada,QAOA activada,VQE desactivada,349
Visualizador calidad de aire activada,Turismo activada,Deportes activada,Entretenimiento activada,HQC activada,Visualizador restriccion uso lena activada,Ambientes abiertos desactivada,Ambientes cerrados activada,Optimizacion de rutas desactivada,Entretenimiento adulto desactivada,Entretenimiento familiar activada,Entretenimiento tercera edad desactivada,Backend activada,Algoritmo activada,Qiskit Simulator desactivada,SpinQ Simulator desactivada,TQL Simulator activada,QAOA desactivada,VQE activada,344
Visualizador calidad de aire activada,Turismo activada,Deportes activada,Entretenimiento activada,HQC activada,Visualizador restriccion uso lena activada,Ambientes abiertos desactivada,Ambientes cerrados activada,Optimizacion de rutas desactivada,Entretenimiento adulto activada,Entretenimiento familiar desactivada,Entretenimiento tercera edad activada,Backend activada,Algoritmo activada,Qiskit Simulator activada,SpinQ Simulator desactivada,TQL Simulator desactivada,QAOA activada,VQE desactivada,345
Visualizador calidad de aire activada,Turismo activada,Deportes activada,Entretenimiento activada,HQC activada,Visualizador restriccion uso lena activada,Ambientes abiertos desactivada,Ambientes cerrados activada,Optimizacion de rutas desactivada,Entretenimiento adulto activada,Entretenimiento familiar desactivada,Entretenimiento tercera edad activada,Backend activada,Algoritmo activada,Qiskit Simulator activada,SpinQ Simulator desactivada,TQL Simulator desactivada,QAOA desactivada,VQE activada,323
Visualizador calidad de aire activada,Turismo activada,Deportes activada,Entretenimiento activada,HQC activada,Visualizador restriccion uso lena activada,Ambientes abiertos desactivada,Ambientes cerrados activada,Optimizacion de rutas desactivada,Entretenimiento adulto activada,Entretenimiento familiar desactivada,Entretenimiento tercera edad activada,Backend activada,Algoritmo activada,Qiskit Simulator desactivada,SpinQ Simulator activada,TQL Simulator desactivada,QAOA activada,VQE desactivada,341
Visualizador calidad de aire activada,Turismo activada,Deportes activada,Entretenimiento activada,HQC activada,Visualizador restriccion uso lena activada,Ambientes abiertos desactivada,Ambientes cerrados activada,Optimizacion de rutas desactivada,Entretenimiento adulto activada,Entretenimiento familiar desactivada,Entretenimiento tercera edad activada,Backend activada,Algoritmo activada,Qiskit Simulator desactivada,SpinQ Simulator activada,TQL Simulator desactivada,QAOA desactivada,VQE activada,320
Visualizador calidad de aire activada,Turismo activada,Deportes activada,Entretenimiento activada,HQC activada,Visualizador restriccion uso lena activada,Ambientes abiertos desactivada,Ambientes cerrados activada,Optimizacion de rutas desactivada,Entretenimiento adulto activada,Entretenimiento familiar desactivada,Entretenimiento tercera edad activada,Backend activada,Algoritmo activada,Qiskit Simulator desactivada,SpinQ Simulator desactivada,TQL Simulator activada,QAOA activada,VQE desactivada,340
Visualizador calidad de aire activada,Turismo activada,Deportes activada,Entretenimiento activada,HQC activada,Visualizador restriccion uso lena activada,Ambientes abiertos desactivada,Ambientes cerrados activada,Optimizacion de rutas desactivada,Entretenimiento adulto activada,Entretenimiento familiar desactivada,Entretenimiento tercera edad activada,Backend activada,Algoritmo activada,Qiskit Simulator desactivada,SpinQ Simulator desactivada,TQL Simulator activada,QAOA desactivada,VQE activada,346
Visualizador calidad de aire activada,Turismo activada,Deportes activada,Entretenimiento activada,HQC activada,Visualizador restriccion uso lena activada,Ambientes abiertos desactivada,Ambientes cerrados activada,Optimizacion de rutas desactivada,Entretenimiento adulto activada,Entretenimiento familiar desactivada,Entretenimiento tercera edad desactivada,Backend activada,Algoritmo activada,Qiskit Simulator activada,SpinQ Simulator desactivada,TQL Simulator desactivada,QAOA activada,VQE desactivada,350
Visualizador calidad de aire activada,Turismo activada,Deportes activada,Entretenimiento activada,HQC activada,Visualizador restriccion uso lena activada,Ambientes abiertos desactivada,Ambientes cerrados activada,Optimizacion de rutas desactivada,Entretenimiento adulto activada,Entretenimiento familiar desactivada,Entretenimiento tercera edad desactivada,Backend activada,Algoritmo activada,Qiskit Simulator activada,SpinQ Simulator desactivada,TQL Simulator desactivada,QAOA desactivada,VQE activada,336
Visualizador calidad de aire activada,Turismo activada,Deportes activada,Entretenimiento activada,HQC activada,Visualizador restriccion uso lena activada,Ambientes abiertos desactivada,Ambientes cerrados activada,Optimizacion de rutas desactivada,Entretenimiento adulto activada,Entretenimiento familiar desactivada,Entretenimiento tercera edad desactivada,Backend activada,Algoritmo activada,Qiskit Simulator desactivada,SpinQ Simulator activada,TQL Simulator desactivada,QAOA activada,VQE desactivada,304
Visualizador calidad de aire activada,Turismo activada,Deportes activada,Entretenimiento activada,HQC activada,Visualizador restriccion uso lena activada,Ambientes abiertos desactivada,Ambientes cerrados activada,Optimizacion de rutas desactivada,Entretenimiento adulto activada,Entretenimiento familiar desactivada,Entretenimiento tercera edad desactivada,Backend activada,Algoritmo activada,Qiskit Simulator desactivada,SpinQ Simulator activada,TQL Simulator desactivada,QAOA desactivada,VQE activada,323
Visualizador calidad de aire activada,Turismo activada,Deportes activada,Entretenimiento activada,HQC activada,Visualizador restriccion uso lena activada,Ambientes abiertos desactivada,Ambientes cerrados activada,Optimizacion de rutas desactivada,Entretenimiento adulto activada,Entretenimiento familiar desactivada,Entretenimiento tercera edad desactivada,Backend activada,Algoritmo activada,Qiskit Simulator desactivada,SpinQ Simulator desactivada,TQL Simulator activada,QAOA activada,VQE desactivada,306
Visualizador calidad de aire activada,Turismo activada,Deportes activada,Entretenimiento activada,HQC activada,Visualizador restriccion uso lena activada,Ambientes abiertos desactivada,Ambientes cerrados activada,Optimizacion de rutas desactivada,Entretenimiento adulto activada,Entretenimiento familiar desactivada,Entretenimiento tercera edad desactivada,Backend activada,Algoritmo activada,Qiskit Simulator desactivada,SpinQ Simulator desactivada,TQL Simulator activada,QAOA desactivada,VQE activada,300
Visualizador calidad de aire activada,Turismo activada,Deportes activada,Entretenimiento activada,HQC activada,Visualizador restriccion uso lena activada,Ambientes abiertos desactivada,Ambientes cerrados activada,Optimizacion de rutas desactivada,Entretenimiento adulto desactivada,Entretenimiento familiar desactivada,Entretenimiento tercera edad activada,Backend activada,Algoritmo activada,Qiskit Simulator activada,SpinQ Simulator desactivada,TQL Simulator desactivada,QAOA activada,VQE desactivada,331
Visualizador calidad de aire activada,Turismo activada,Deportes activada,Entretenimiento activada,HQC activada,Visualizador restriccion uso lena activada,Ambientes abiertos desactivada,Ambientes cerrados activada,Optimizacion de rutas desactivada,Entretenimiento adulto desactivada,Entretenimiento familiar desactivada,Entretenimiento tercera edad activada,Backend activada,Algoritmo activada,Qiskit Simulator activada,SpinQ Simulator desactivada,TQL Simulator desactivada,QAOA desactivada,VQE activada,338
Visualizador calidad de aire activada,Turismo activada,Deportes activada,Entretenimiento activada,HQC activada,Visualizador restriccion uso lena activada,Ambientes abiertos desactivada,Ambientes cerrados activada,Optimizacion de rutas desactivada,Entretenimiento adulto desactivada,Entretenimiento familiar desactivada,Entretenimiento tercera edad activada,Backend activada,Algoritmo activada,Qiskit Simulator desactivada,SpinQ Simulator activada,TQL Simulator desactivada,QAOA activada,VQE desactivada,303
Visualizador calidad de aire activada,Turismo activada,Deportes activada,Entretenimiento activada,HQC activada,Visualizador restriccion uso lena activada,Ambientes abiertos desactivada,Ambientes cerrados activada,Optimizacion de rutas desactivada,Entretenimiento adulto desactivada,Entretenimiento familiar desactivada,Entretenimiento tercera edad activada,Backend activada,Algoritmo activada,Qiskit Simulator desactivada,SpinQ Simulator activada,TQL Simulator desactivada,QAOA desactivada,VQE activada,350
Visualizador calidad de aire activada,Turismo activada,Deportes activada,Entretenimiento activada,HQC activada,Visualizador restriccion uso lena activada,Ambientes abiertos desactivada,Ambientes cerrados activada,Optimizacion de rutas desactivada,Entretenimiento adulto desactivada,Entretenimiento familiar desactivada,Entretenimiento tercera edad activada,Backend activada,Algoritmo activada,Qiskit Simulator desactivada,SpinQ Simulator desactivada,TQL Simulator activada,QAOA activada,VQE desactivada,343
Visualizador calidad de aire activada,Turismo activada,Deportes activada,Entretenimiento activada,HQC activada,Visualizador restriccion uso lena activada,Ambientes abiertos desactivada,Ambientes cerrados activada,Optimizacion de rutas desactivada,Entretenimiento adulto desactivada,Entretenimiento familiar desactivada,Entretenimiento tercera edad activada,Backend activada,Algoritmo activada,Qiskit Simulator desactivada,SpinQ Simulator desactivada,TQL Simulator activada,QAOA desactivada,VQE activada,330
Visualizador calidad de aire activada,Turismo activada,Deportes activada,Entretenimiento activada,HQC activada,Visualizador restriccion uso lena activada,Ambientes abiertos activada,Ambientes cerrados desactivada,Optimizacion de rutas activada,Entretenimiento adulto activada,Entretenimiento familiar activada,Entretenimiento tercera edad activada,Backend activada,Algoritmo activada,Qiskit Simulator activada,SpinQ Simulator desactivada,TQL Simulator desactivada,QAOA activada,VQE desactivada,306
Visualizador calidad de aire activada,Turismo activada,Deportes activada,Entretenimiento activada,HQC activada,Visualizador restriccion uso lena activada,Ambientes abiertos activada,Ambientes cerrados desactivada,Optimizacion de rutas activada,Entretenimiento adulto activada,Entretenimiento familiar activada,Entretenimiento tercera edad activada,Backend activada,Algoritmo activada,Qiskit Simulator activada,SpinQ Simulator desactivada,TQL Simulator desactivada,QAOA desactivada,VQE activada,329
Visualizador calidad de aire activada,Turismo activada,Deportes activada,Entretenimiento activada,HQC activada,Visualizador restriccion uso lena activada,Ambientes abiertos activada,Ambientes cerrados desactivada,Optimizacion de rutas activada,Entretenimiento adulto activada,Entretenimiento familiar activada,Entretenimiento tercera edad activada,Backend activada,Algoritmo activada,Qiskit Simulator desactivada,SpinQ Simulator activada,TQL Simulator desactivada,QAOA activada,VQE desactivada,348
Visualizador calidad de aire activada,Turismo activada,Deportes activada,Entretenimiento activada,HQC activada,Visualizador restriccion uso lena activada,Ambientes abiertos activada,Ambientes cerrados desactivada,Optimizacion de rutas activada,Entretenimiento adulto activada,Entretenimiento familiar activada,Entretenimiento tercera edad activada,Backend activada,Algoritmo activada,Qiskit Simulator desactivada,SpinQ Simulator activada,TQL Simulator desactivada,QAOA desactivada,VQE activada,325
Visualizador calidad de aire activada,Turismo activada,Deportes activada,Entretenimiento activada,HQC activada,Visualizador restriccion uso lena activada,Ambientes abiertos activada,Ambientes cerrados desactivada,Optimizacion de rutas activada,Entretenimiento adulto activada,Entretenimiento familiar activada,Entretenimiento tercera edad activada,Backend activada,Algoritmo activada,Qiskit Simulator desactivada,SpinQ Simulator desactivada,TQL Simulator activada,QAOA activada,VQE desactivada,335
Visualizador calidad de aire activada,Turismo activada,Deportes activada,Entretenimiento activada,HQC activada,Visualizador restriccion uso lena activada,Ambientes abiertos activada,Ambientes cerrados desactivada,Optimizacion de rutas activada,Entretenimiento adulto activada,Entretenimiento familiar activada,Entretenimiento tercera edad activada,Backend activada,Algoritmo activada,Qiskit Simulator desactivada,SpinQ Simulator desactivada,TQL Simulator activada,QAOA desactivada,VQE activada,334
Visualizador calidad de aire activada,Turismo activada,Deportes activada,Entretenimiento activada,HQC activada,Visualizador restriccion uso lena activada,Ambientes abiertos activada,Ambientes cerrados desactivada,Optimizacion de rutas activada,Entretenimiento adulto activada,Entretenimiento familiar activada,Entretenimiento tercera edad desactivada,Backend activada,Algoritmo activada,Qiskit Simulator activada,SpinQ Simulator desactivada,TQL Simulator desactivada,QAOA activada,VQE desactivada,318
Visualizador calidad de aire activada,Turismo activada,Deportes activada,Entretenimiento activada,HQC activada,Visualizador restriccion uso lena activada,Ambientes abiertos activada,Ambientes cerrados desactivada,Optimizacion de rutas activada,Entretenimiento adulto activada,Entretenimiento familiar activada,Entretenimiento tercera edad desactivada,Backend activada,Algoritmo activada,Qiskit Simulator activada,SpinQ Simulator desactivada,TQL Simulator desactivada,QAOA desactivada,VQE activada,329
Visualizador calidad de aire activada,Turismo activada,Deportes activada,Entretenimiento activada,HQC activada,Visualizador restriccion uso lena activada,Ambientes abiertos activada,Ambientes cerrados desactivada,Optimizacion de rutas activada,Entretenimiento adulto activada,Entretenimiento familiar activada,Entretenimiento tercera edad desactivada,Backend activada,Algoritmo activada,Qiskit Simulator desactivada,SpinQ Simulator activada,TQL Simulator desactivada,QAOA activada,VQE desactivada,307
Visualizador calidad de aire activada,Turismo activada,Deportes activada,Entretenimiento activada,HQC activada,Visualizador restriccion uso lena activada,Ambientes abiertos activada,Ambientes cerrados desactivada,Optimizacion de rutas activada,Entretenimiento adulto activada,Entretenimiento familiar activada,Entretenimiento tercera edad desactivada,Backend activada,Algoritmo activada,Qiskit Simulator desactivada,SpinQ Simulator activada,TQL Simulator desactivada,QAOA desactivada,VQE activada,341
Visualizador calidad de aire activada,Turismo activada,Deportes activada,Entretenimiento activada,HQC activada,Visualizador restriccion uso lena activada,Ambientes abiertos activada,Ambientes cerrados desactivada,Optimizacion de rutas activada,Entretenimiento adulto activada,Entretenimiento familiar activada,Entretenimiento tercera edad desactivada,Backend activada,Algoritmo activada,Qiskit Simulator desactivada,SpinQ Simulator desactivada,TQL Simulator activada,QAOA activada,VQE desactivada,347
Visualizador calidad de aire activada,Turismo activada,Deportes activada,Entretenimiento activada,HQC activada,Visualizador restriccion uso lena activada,Ambientes abiertos activada,Ambientes cerrados desactivada,Optimizacion de rutas activada,Entretenimiento adulto activada,Entretenimiento familiar activada,Entretenimiento tercera edad desactivada,Backend activada,Algoritmo activada,Qiskit Simulator desactivada,SpinQ Simulator desactivada,TQL Simulator activada,QAOA desactivada,VQE activada,337
Visualizador calidad de aire activada,Turismo activada,Deportes activada,Entretenimiento activada,HQC activada,Visualizador restriccion uso lena activada,Ambientes abiertos activada,Ambientes cerrados desactivada,Optimizacion de rutas activada,Entretenimiento adulto desactivada,Entretenimiento familiar activada,Entretenimiento tercera edad activada,Backend activada,Algoritmo activada,Qiskit Simulator activada,SpinQ Simulator desactivada,TQL Simulator desactivada,QAOA activada,VQE desactivada,303
Visualizador calidad de aire activada,Turismo activada,Deportes activada,Entretenimiento activada,HQC activada,Visualizador restriccion uso lena activada,Ambientes abiertos activada,Ambientes cerrados desactivada,Optimizacion de rutas activada,Entretenimiento adulto desactivada,Entretenimiento familiar activada,Entretenimiento tercera edad activada,Backend activada,Algoritmo activada,Qiskit Simulator activada,SpinQ Simulator desactivada,TQL Simulator desactivada,QAOA desactivada,VQE activada,302
Visualizador calidad de aire activada,Turismo activada,Deportes activada,Entretenimiento activada,HQC activada,Visualizador restriccion uso lena activada,Ambientes abiertos activada,Ambientes cerrados desactivada,Optimizacion de rutas activada,Entretenimiento adulto desactivada,Entretenimiento familiar activada,Entretenimiento tercera edad activada,Backend activada,Algoritmo activada,Qiskit Simulator desactivada,SpinQ Simulator activada,TQL Simulator desactivada,QAOA activada,VQE desactivada,328
Visualizador calidad de aire activada,Turismo activada,Deportes activada,Entretenimiento activada,HQC activada,Visualizador restriccion uso lena activada,Ambientes abiertos activada,Ambientes cerrados desactivada,Optimizacion de rutas activada,Entretenimiento adulto desactivada,Entretenimiento familiar activada,Entretenimiento tercera edad activada,Backend activada,Algoritmo activada,Qiskit Simulator desactivada,SpinQ Simulator activada,TQL Simulator desactivada,QAOA desactivada,VQE activada,319
Visualizador calidad de aire activada,Turismo activada,Deportes activada,Entretenimiento activada,HQC activada,Visualizador restriccion uso lena activada,Ambientes abiertos activada,Ambientes cerrados desactivada,Optimizacion de rutas activada,Entretenimiento adulto desactivada,Entretenimiento familiar activada,Entretenimiento tercera edad activada,Backend activada,Algoritmo activada,Qiskit Simulator desactivada,SpinQ Simulator desactivada,TQL Simulator activada,QAOA activada,VQE desactivada,346
Visualizador calidad de aire activada,Turismo activada,Deportes activada,Entretenimiento activada,HQC activada,Visualizador restriccion uso lena activada,Ambientes abiertos activada,Ambientes cerrados desactivada,Optimizacion de rutas activada,Entretenimiento adulto desactivada,Entretenimiento familiar activada,Entretenimiento tercera edad activada,Backend activada,Algoritmo activada,Qiskit Simulator desactivada,SpinQ Simulator desactivada,TQL Simulator activada,QAOA desactivada,VQE activada,342
Visualizador calidad de aire activada,Turismo activada,Deportes activada,Entretenimiento activada,HQC activada,Visualizador restriccion uso lena activada,Ambientes abiertos activada,Ambientes cerrados desactivada,Optimizacion de rutas activada,Entretenimiento adulto desactivada,Entretenimiento familiar activada,Entretenimiento tercera edad desactivada,Backend activada,Algoritmo activada,Qiskit Simulator activada,SpinQ Simulator desactivada,TQL Simulator desactivada,QAOA activada,VQE desactivada,301
Visualizador calidad de aire activada,Turismo activada,Deportes activada,Entretenimiento activada,HQC activada,Visualizador restriccion uso lena activada,Ambientes abiertos activada,Ambientes cerrados desactivada,Optimizacion de rutas activada,Entretenimiento adulto desactivada,Entretenimiento familiar activada,Entretenimiento tercera edad desactivada,Backend activada,Algoritmo activada,Qiskit Simulator activada,SpinQ Simulator desactivada,TQL Simulator desactivada,QAOA desactivada,VQE activada,310
Visualizador calidad de aire activada,Turismo activada,Deportes activada,Entretenimiento activada,HQC activada,Visualizador restriccion uso lena activada,Ambientes abiertos activada,Ambientes cerrados desactivada,Optimizacion de rutas activada,Entretenimiento adulto desactivada,Entretenimiento familiar activada,Entretenimiento tercera edad desactivada,Backend activada,Algoritmo activada,Qiskit Simulator desactivada,SpinQ Simulator activada,TQL Simulator desactivada,QAOA activada,VQE desactivada,300
Visualizador calidad de aire activada,Turismo activada,Deportes activada,Entretenimiento activada,HQC activada,Visualizador restriccion uso lena activada,Ambientes abiertos activada,Ambientes cerrados desactivada,Optimizacion de rutas activada,Entretenimiento adulto desactivada,Entretenimiento familiar activada,Entretenimiento tercera edad desactivada,Backend activada,Algoritmo activada,Qiskit Simulator desactivada,SpinQ Simulator activada,TQL Simulator desactivada,QAOA desactivada,VQE activada,349
Visualizador calidad de aire activada,Turismo activada,Deportes activada,Entretenimiento activada,HQC activada,Visualizador restriccion uso lena activada,Ambientes abiertos activada,Ambientes cerrados desactivada,Optimizacion de rutas activada,Entretenimiento adulto desactivada,Entretenimiento familiar activada,Entretenimiento tercera edad desactivada,Backend activada,Algoritmo activada,Qiskit Simulator desactivada,SpinQ Simulator desactivada,TQL Simulator activada,QAOA activada,VQE desactivada,317
Visualizador calidad de aire activada,Turismo activada,Deportes activada,Entretenimiento activada,HQC activada,Visualizador restriccion uso lena activada,Ambientes abiertos activada,Ambientes cerrados desactivada,Optimizacion de rutas activada,Entretenimiento adulto desactivada,Entretenimiento familiar activada,Entretenimiento tercera edad desactivada,Backend activada,Algoritmo activada,Qiskit Simulator desactivada,SpinQ Simulator desactivada,TQL Simulator activada,QAOA desactivada,VQE activada,319
Visualizador calidad de aire activada,Turismo activada,Deportes activada,Entretenimiento activada,HQC activada,Visualizador restriccion uso lena activada,Ambientes abiertos activada,Ambientes cerrados desactivada,Optimizacion de rutas activada,Entretenimiento adulto activada,Entretenimiento familiar desactivada,Entretenimiento tercera edad activada,Backend activada,Algoritmo activada,Qiskit Simulator activada,SpinQ Simulator desactivada,TQL Simulator desactivada,QAOA activada,VQE desactivada,340
Visualizador calidad de aire activada,Turismo activada,Deportes activada,Entretenimiento activada,HQC activada,Visualizador restriccion uso lena activada,Ambientes abiertos activada,Ambientes cerrados desactivada,Optimizacion de rutas activada,Entretenimiento adulto activada,Entretenimiento familiar desactivada,Entretenimiento tercera edad activada,Backend activada,Algoritmo activada,Qiskit Simulator activada,SpinQ Simulator desactivada,TQL Simulator desactivada,QAOA desactivada,VQE activada,302
Visualizador calidad de aire activada,Turismo activada,Deportes activada,Entretenimiento activada,HQC activada,Visualizador restriccion uso lena activada,Ambientes abiertos activada,Ambientes cerrados desactivada,Optimizacion de rutas activada,Entretenimiento adulto activada,Entretenimiento familiar desactivada,Entretenimiento tercera edad activada,Backend activada,Algoritmo activada,Qiskit Simulator desactivada,SpinQ Simulator activada,TQL Simulator desactivada,QAOA activada,VQE desactivada,344
Visualizador calidad de aire activada,Turismo activada,Deportes activada,Entretenimiento activada,HQC activada,Visualizador restriccion uso lena activada,Ambientes abiertos activada,Ambientes cerrados desactivada,Optimizacion de rutas activada,Entretenimiento adulto activada,Entretenimiento familiar desactivada,Entretenimiento tercera edad activada,Backend activada,Algoritmo activada,Qiskit Simulator desactivada,SpinQ Simulator activada,TQL Simulator desactivada,QAOA desactivada,VQE activada,336
Visualizador calidad de aire activada,Turismo activada,Deportes activada,Entretenimiento activada,HQC activada,Visualizador restriccion uso lena activada,Ambientes abiertos activada,Ambientes cerrados desactivada,Optimizacion de rutas activada,Entretenimiento adulto activada,Entretenimiento familiar desactivada,Entretenimiento tercera edad activada,Backend activada,Algoritmo activada,Qiskit Simulator desactivada,SpinQ Simulator desactivada,TQL Simulator activada,QAOA activada,VQE desactivada,345
Visualizador calidad de aire activada,Turismo activada,Deportes activada,Entretenimiento activada,HQC activada,Visualizador restriccion uso lena activada,Ambientes abiertos activada,Ambientes cerrados desactivada,Optimizacion de rutas activada,Entretenimiento adulto activada,Entretenimiento familiar desactivada,Entretenimiento tercera edad activada,Backend activada,Algoritmo activada,Qiskit Simulator desactivada,SpinQ Simulator desactivada,TQL Simulator activada,QAOA desactivada,VQE activada,320
Visualizador calidad de aire activada,Turismo activada,Deportes activada,Entretenimiento activada,HQC activada,Visualizador restriccion uso lena activada,Ambientes abiertos activada,Ambientes cerrados desactivada,Optimizacion de rutas activada,Entretenimiento adulto activada,Entretenimiento familiar desactivada,Entretenimiento tercera edad desactivada,Backend activada,Algoritmo activada,Qiskit Simulator activada,SpinQ Simulator desactivada,TQL Simulator desactivada,QAOA activada,VQE desactivada,327
Visualizador calidad de aire activada,Turismo activada,Deportes activada,Entretenimiento activada,HQC activada,Visualizador restriccion uso lena activada,Ambientes abiertos activada,Ambientes cerrados desactivada,Optimizacion de rutas activada,Entretenimiento adulto activada,Entretenimiento familiar desactivada,Entretenimiento tercera edad desactivada,Backend activada,Algoritmo activada,Qiskit Simulator activada,SpinQ Simulator desactivada,TQL Simulator desactivada,QAOA desactivada,VQE activada,301
Visualizador calidad de aire activada,Turismo activada,Deportes activada,Entretenimiento activada,HQC activada,Visualizador restriccion uso lena activada,Ambientes abiertos activada,Ambientes cerrados desactivada,Optimizacion de rutas activada,Entretenimiento adulto activada,Entretenimiento familiar desactivada,Entretenimiento tercera edad desactivada,Backend activada,Algoritmo activada,Qiskit Simulator desactivada,SpinQ Simulator activada,TQL Simulator desactivada,QAOA activada,VQE desactivada,300
Visualizador calidad de aire activada,Turismo activada,Deportes activada,Entretenimiento activada,HQC activada,Visualizador restriccion uso lena activada,Ambientes abiertos activada,Ambientes cerrados desactivada,Optimizacion de rutas activada,Entretenimiento adulto activada,Entretenimiento familiar desactivada,Entretenimiento tercera edad desactivada,Backend activada,Algoritmo activada,Qiskit Simulator desactivada,SpinQ Simulator activada,TQL Simulator desactivada,QAOA desactivada,VQE activada,343
Visualizador calidad de aire activada,Turismo activada,Deportes activada,Entretenimiento activada,HQC activada,Visualizador restriccion uso lena activada,Ambientes abiertos activada,Ambientes cerrados desactivada,Optimizacion de rutas activada,Entretenimiento adulto activada,Entretenimiento familiar desactivada,Entretenimiento tercera edad desactivada,Backend activada,Algoritmo activada,Qiskit Simulator desactivada,SpinQ Simulator desactivada,TQL Simulator activada,QAOA activada,VQE desactivada,313
Visualizador calidad de aire activada,Turismo activada,Deportes activada,Entretenimiento activada,HQC activada,Visualizador restriccion uso lena activada,Ambientes abiertos activada,Ambientes cerrados desactivada,Optimizacion de rutas activada,Entretenimiento adulto activada,Entretenimiento familiar desactivada,Entretenimiento tercera edad desactivada,Backend activada,Algoritmo activada,Qiskit Simulator desactivada,SpinQ Simulator desactivada,TQL Simulator activada,QAOA desactivada,VQE activada,307
Visualizador calidad de aire activada,Turismo activada,Deportes activada,Entretenimiento activada,HQC activada,Visualizador restriccion uso lena activada,Ambientes abiertos activada,Ambientes cerrados desactivada,Optimizacion de rutas activada,Entretenimiento adulto desactivada,Entretenimiento familiar desactivada,Entretenimiento tercera edad activada,Backend activada,Algoritmo activada,Qiskit Simulator activada,SpinQ Simulator desactivada,TQL Simulator desactivada,QAOA activada,VQE desactivada,347
Visualizador calidad de aire activada,Turismo activada,Deportes activada,Entretenimiento activada,HQC activada,Visualizador restriccion uso lena activada,Ambientes abiertos activada,Ambientes cerrados desactivada,Optimizacion de rutas activada,Entretenimiento adulto desactivada,Entretenimiento familiar desactivada,Entretenimiento tercera edad activada,Backend activada,Algoritmo activada,Qiskit Simulator activada,SpinQ Simulator desactivada,TQL Simulator desactivada,QAOA desactivada,VQE activada,341
Visualizador calidad de aire activada,Turismo activada,Deportes activada,Entretenimiento activada,HQC activada,Visualizador restriccion uso lena activada,Ambientes abiertos activada,Ambientes cerrados desactivada,Optimizacion de rutas activada,Entretenimiento adulto desactivada,Entretenimiento familiar desactivada,Entretenimiento tercera edad activada,Backend activada,Algoritmo activada,Qiskit Simulator desactivada,SpinQ Simulator activada,TQL Simulator desactivada,QAOA activada,VQE desactivada,334
Visualizador calidad de aire activada,Turismo activada,Deportes activada,Entretenimiento activada,HQC activada,Visualizador restriccion uso lena activada,Ambientes abiertos activada,Ambientes cerrados desactivada,Optimizacion de rutas activada,Entretenimiento adulto desactivada,Entretenimiento familiar desactivada,Entretenimiento tercera edad activada,Backend activada,Algoritmo activada,Qiskit Simulator desactivada,SpinQ Simulator activada,TQL Simulator desactivada,QAOA desactivada,VQE activada,320
Visualizador calidad de aire activada,Turismo activada,Deportes activada,Entretenimiento activada,HQC activada,Visualizador restriccion uso lena activada,Ambientes abiertos activada,Ambientes cerrados desactivada,Optimizacion de rutas activada,Entretenimiento adulto desactivada,Entretenimiento familiar desactivada,Entretenimiento tercera edad activada,Backend activada,Algoritmo activada,Qiskit Simulator desactivada,SpinQ Simulator desactivada,TQL Simulator activada,QAOA activada,VQE desactivada,326
Visualizador calidad de aire activada,Turismo activada,Deportes activada,Entretenimiento activada,HQC activada,Visualizador restriccion uso lena activada,Ambientes abiertos activada,Ambientes cerrados desactivada,Optimizacion de rutas activada,Entretenimiento adulto desactivada,Entretenimiento familiar desactivada,Entretenimiento tercera edad activada,Backend activada,Algoritmo activada,Qiskit Simulator desactivada,SpinQ Simulator desactivada,TQL Simulator activada,QAOA desactivada,VQE activada,341
Visualizador calidad de aire activada,Turismo activada,Deportes activada,Entretenimiento activada,HQC activada,Visualizador restriccion uso lena activada,Ambientes abiertos activada,Ambientes cerrados desactivada,Optimizacion de rutas desactivada,Entretenimiento adulto activada,Entretenimiento familiar activada,Entretenimiento tercera edad activada,Backend activada,Algoritmo activada,Qiskit Simulator activada,SpinQ Simulator desactivada,TQL Simulator desactivada,QAOA activada,VQE desactivada,328
Visualizador calidad de aire activada,Turismo activada,Deportes activada,Entretenimiento activada,HQC activada,Visualizador restriccion uso lena activada,Ambientes abiertos activada,Ambientes cerrados desactivada,Optimizacion de rutas desactivada,Entretenimiento adulto activada,Entretenimiento familiar activada,Entretenimiento tercera edad activada,Backend activada,Algoritmo activada,Qiskit Simulator activada,SpinQ Simulator desactivada,TQL Simulator desactivada,QAOA desactivada,VQE activada,326
Visualizador calidad de aire activada,Turismo activada,Deportes activada,Entretenimiento activada,HQC activada,Visualizador restriccion uso lena activada,Ambientes abiertos activada,Ambientes cerrados desactivada,Optimizacion de rutas desactivada,Entretenimiento adulto activada,Entretenimiento familiar activada,Entretenimiento tercera edad activada,Backend activada,Algoritmo activada,Qiskit Simulator desactivada,SpinQ Simulator activada,TQL Simulator desactivada,QAOA activada,VQE desactivada,333
Visualizador calidad de aire activada,Turismo activada,Deportes activada,Entretenimiento activada,HQC activada,Visualizador restriccion uso lena activada,Ambientes abiertos activada,Ambientes cerrados desactivada,Optimizacion de rutas desactivada,Entretenimiento adulto activada,Entretenimiento familiar activada,Entretenimiento tercera edad activada,Backend activada,Algoritmo activada,Qiskit Simulator desactivada,SpinQ Simulator activada,TQL Simulator desactivada,QAOA desactivada,VQE activada,313
Visualizador calidad de aire activada,Turismo activada,Deportes activada,Entretenimiento activada,HQC activada,Visualizador restriccion uso lena activada,Ambientes abiertos activada,Ambientes cerrados desactivada,Optimizacion de rutas desactivada,Entretenimiento adulto activada,Entretenimiento familiar activada,Entretenimiento tercera edad activada,Backend activada,Algoritmo activada,Qiskit Simulator desactivada,SpinQ Simulator desactivada,TQL Simulator activada,QAOA activada,VQE desactivada,342
Visualizador calidad de aire activada,Turismo activada,Deportes activada,Entretenimiento activada,HQC activada,Visualizador restriccion uso lena activada,Ambientes abiertos activada,Ambientes cerrados desactivada,Optimizacion de rutas desactivada,Entretenimiento adulto activada,Entretenimiento familiar activada,Entretenimiento tercera edad activada,Backend activada,Algoritmo activada,Qiskit Simulator desactivada,SpinQ Simulator desactivada,TQL Simulator activada,QAOA desactivada,VQE activada,310
Visualizador calidad de aire activada,Turismo activada,Deportes activada,Entretenimiento activada,HQC activada,Visualizador restriccion uso lena activada,Ambientes abiertos activada,Ambientes cerrados desactivada,Optimizacion de rutas desactivada,Entretenimiento adulto activada,Entretenimiento familiar activada,Entretenimiento tercera edad desactivada,Backend activada,Algoritmo activada,Qiskit Simulator activada,SpinQ Simulator desactivada,TQL Simulator desactivada,QAOA activada,VQE desactivada,342
Visualizador calidad de aire activada,Turismo activada,Deportes activada,Entretenimiento activada,HQC activada,Visualizador restriccion uso lena activada,Ambientes abiertos activada,Ambientes cerrados desactivada,Optimizacion de rutas desactivada,Entretenimiento adulto activada,Entretenimiento familiar activada,Entretenimiento tercera edad desactivada,Backend activada,Algoritmo activada,Qiskit Simulator activada,SpinQ Simulator desactivada,TQL Simulator desactivada,QAOA desactivada,VQE activada,331
Visualizador calidad de aire activada,Turismo activada,Deportes activada,Entretenimiento activada,HQC activada,Visualizador restriccion uso lena activada,Ambientes abiertos activada,Ambientes cerrados desactivada,Optimizacion de rutas desactivada,Entretenimiento adulto activada,Entretenimiento familiar activada,Entretenimiento tercera edad desactivada,Backend activada,Algoritmo activada,Qiskit Simulator desactivada,SpinQ Simulator activada,TQL Simulator desactivada,QAOA activada,VQE desactivada,325
Visualizador calidad de aire activada,Turismo activada,Deportes activada,Entretenimiento activada,HQC activada,Visualizador restriccion uso lena activada,Ambientes abiertos activada,Ambientes cerrados desactivada,Optimizacion de rutas desactivada,Entretenimiento adulto activada,Entretenimiento familiar activada,Entretenimiento tercera edad desactivada,Backend activada,Algoritmo activada,Qiskit Simulator desactivada,SpinQ Simulator activada,TQL Simulator desactivada,QAOA desactivada,VQE activada,311
Visualizador calidad de aire activada,Turismo activada,Deportes activada,Entretenimiento activada,HQC activada,Visualizador restriccion uso lena activada,Ambientes abiertos activada,Ambientes cerrados desactivada,Optimizacion de rutas desactivada,Entretenimiento adulto activada,Entretenimiento familiar activada,Entretenimiento tercera edad desactivada,Backend activada,Algoritmo activada,Qiskit Simulator desactivada,SpinQ Simulator desactivada,TQL Simulator activada,QAOA activada,VQE desactivada,332
Visualizador calidad de aire activada,Turismo activada,Deportes activada,Entretenimiento activada,HQC activada,Visualizador restriccion uso lena activada,Ambientes abiertos activada,Ambientes cerrados desactivada,Optimizacion de rutas desactivada,Entretenimiento adulto activada,Entretenimiento familiar activada,Entretenimiento tercera edad desactivada,Backend activada,Algoritmo activada,Qiskit Simulator desactivada,SpinQ Simulator desactivada,TQL Simulator activada,QAOA desactivada,VQE activada,348
Visualizador calidad de aire activada,Turismo activada,Deportes activada,Entretenimiento activada,HQC activada,Visualizador restriccion uso lena activada,Ambientes abiertos activada,Ambientes cerrados desactivada,Optimizacion de rutas desactivada,Entretenimiento adulto desactivada,Entretenimiento familiar activada,Entretenimiento tercera edad activada,Backend activada,Algoritmo activada,Qiskit Simulator activada,SpinQ Simulator desactivada,TQL Simulator desactivada,QAOA activada,VQE desactivada,321
Visualizador calidad de aire activada,Turismo activada,Deportes activada,Entretenimiento activada,HQC activada,Visualizador restriccion uso lena activada,Ambientes abiertos activada,Ambientes cerrados desactivada,Optimizacion de rutas desactivada,Entretenimiento adulto desactivada,Entretenimiento familiar activada,Entretenimiento tercera edad activada,Backend activada,Algoritmo activada,Qiskit Simulator activada,SpinQ Simulator desactivada,TQL Simulator desactivada,QAOA desactivada,VQE activada,331
Visualizador calidad de aire activada,Turismo activada,Deportes activada,Entretenimiento activada,HQC activada,Visualizador restriccion uso lena activada,Ambientes abiertos activada,Ambientes cerrados desactivada,Optimizacion de rutas desactivada,Entretenimiento adulto desactivada,Entretenimiento familiar activada,Entretenimiento tercera edad activada,Backend activada,Algoritmo activada,Qiskit Simulator desactivada,SpinQ Simulator activada,TQL Simulator desactivada,QAOA activada,VQE desactivada,306
Visualizador calidad de aire activada,Turismo activada,Deportes activada,Entretenimiento activada,HQC activada,Visualizador restriccion uso lena activada,Ambientes abiertos activada,Ambientes cerrados desactivada,Optimizacion de rutas desactivada,Entretenimiento adulto desactivada,Entretenimiento familiar activada,Entretenimiento tercera edad activada,Backend activada,Algoritmo activada,Qiskit Simulator desactivada,SpinQ Simulator activada,TQL Simulator desactivada,QAOA desactivada,VQE activada,326
Visualizador calidad de aire activada,Turismo activada,Deportes activada,Entretenimiento activada,HQC activada,Visualizador restriccion uso lena activada,Ambientes abiertos activada,Ambientes cerrados desactivada,Optimizacion de rutas desactivada,Entretenimiento adulto desactivada,Entretenimiento familiar activada,Entretenimiento tercera edad activada,Backend activada,Algoritmo activada,Qiskit Simulator desactivada,SpinQ Simulator desactivada,TQL Simulator activada,QAOA activada,VQE desactivada,325
Visualizador calidad de aire activada,Turismo activada,Deportes activada,Entretenimiento activada,HQC activada,Visualizador restriccion uso lena activada,Ambientes abiertos activada,Ambientes cerrados desactivada,Optimizacion de rutas desactivada,Entretenimiento adulto desactivada,Entretenimiento familiar activada,Entretenimiento tercera edad activada,Backend activada,Algoritmo activada,Qiskit Simulator desactivada,SpinQ Simulator desactivada,TQL Simulator activada,QAOA desactivada,VQE activada,349
Visualizador calidad de aire activada,Turismo activada,Deportes activada,Entretenimiento activada,HQC activada,Visualizador restriccion uso lena activada,Ambientes abiertos activada,Ambientes cerrados desactivada,Optimizacion de rutas desactivada,Entretenimiento adulto desactivada,Entretenimiento familiar activada,Entretenimiento tercera edad desactivada,Backend activada,Algoritmo activada,Qiskit Simulator activada,SpinQ Simulator desactivada,TQL Simulator desactivada,QAOA activada,VQE desactivada,312
Visualizador calidad de aire activada,Turismo activada,Deportes activada,Entretenimiento activada,HQC activada,Visualizador restriccion uso lena activada,Ambientes abiertos activada,Ambientes cerrados desactivada,Optimizacion de rutas desactivada,Entretenimiento adulto desactivada,Entretenimiento familiar activada,Entretenimiento tercera edad desactivada,Backend activada,Algoritmo activada,Qiskit Simulator activada,SpinQ Simulator desactivada,TQL Simulator desactivada,QAOA desactivada,VQE activada,310
Visualizador calidad de aire activada,Turismo activada,Deportes activada,Entretenimiento activada,HQC activada,Visualizador restriccion uso lena activada,Ambientes abiertos activada,Ambientes cerrados desactivada,Optimizacion de rutas desactivada,Entretenimiento adulto desactivada,Entretenimiento familiar activada,Entretenimiento tercera edad desactivada,Backend activada,Algoritmo activada,Qiskit Simulator desactivada,SpinQ Simulator activada,TQL Simulator desactivada,QAOA activada,VQE desactivada,332
Visualizador calidad de aire activada,Turismo activada,Deportes activada,Entretenimiento activada,HQC activada,Visualizador restriccion uso lena activada,Ambientes abiertos activada,Ambientes cerrados desactivada,Optimizacion de rutas desactivada,Entretenimiento adulto desactivada,Entretenimiento familiar activada,Entretenimiento tercera edad desactivada,Backend activada,Algoritmo activada,Qiskit Simulator desactivada,SpinQ Simulator activada,TQL Simulator desactivada,QAOA desactivada,VQE activada,345
Visualizador calidad de aire activada,Turismo activada,Deportes activada,Entretenimiento activada,HQC activada,Visualizador restriccion uso lena activada,Ambientes abiertos activada,Ambientes cerrados desactivada,Optimizacion de rutas desactivada,Entretenimiento adulto desactivada,Entretenimiento familiar activada,Entretenimiento tercera edad desactivada,Backend activada,Algoritmo activada,Qiskit Simulator desactivada,SpinQ Simulator desactivada,TQL Simulator activada,QAOA activada,VQE desactivada,314
Visualizador calidad de aire activada,Turismo activada,Deportes activada,Entretenimiento activada,HQC activada,Visualizador restriccion uso lena activada,Ambientes abiertos activada,Ambientes cerrados desactivada,Optimizacion de rutas desactivada,Entretenimiento adulto desactivada,Entretenimiento familiar activada,Entretenimiento tercera edad desactivada,Backend activada,Algoritmo activada,Qiskit Simulator desactivada,SpinQ Simulator desactivada,TQL Simulator activada,QAOA desactivada,VQE activada,331
Visualizador calidad de aire activada,Turismo activada,Deportes activada,Entretenimiento activada,HQC activada,Visualizador restriccion uso lena activada,Ambientes abiertos activada,Ambientes cerrados desactivada,Optimizacion de rutas desactivada,Entretenimiento adulto activada,Entretenimiento familiar desactivada,Entretenimiento tercera edad activada,Backend activada,Algoritmo activada,Qiskit Simulator activada,SpinQ Simulator desactivada,TQL Simulator desactivada,QAOA activada,VQE desactivada,310
Visualizador calidad de aire activada,Turismo activada,Deportes activada,Entretenimiento activada,HQC activada,Visualizador restriccion uso lena activada,Ambientes abiertos activada,Ambientes cerrados desactivada,Optimizacion de rutas desactivada,Entretenimiento adulto activada,Entretenimiento familiar desactivada,Entretenimiento tercera edad activada,Backend activada,Algoritmo activada,Qiskit Simulator activada,SpinQ Simulator desactivada,TQL Simulator desactivada,QAOA desactivada,VQE activada,308
Visualizador calidad de aire activada,Turismo activada,Deportes activada,Entretenimiento activada,HQC activada,Visualizador restriccion uso lena activada,Ambientes abiertos activada,Ambientes cerrados desactivada,Optimizacion de rutas desactivada,Entretenimiento adulto activada,Entretenimiento familiar desactivada,Entretenimiento tercera edad activada,Backend activada,Algoritmo activada,Qiskit Simulator desactivada,SpinQ Simulator activada,TQL Simulator desactivada,QAOA activada,VQE desactivada,326
Visualizador calidad de aire activada,Turismo activada,Deportes activada,Entretenimiento activada,HQC activada,Visualizador restriccion uso lena activada,Ambientes abiertos activada,Ambientes cerrados desactivada,Optimizacion de rutas desactivada,Entretenimiento adulto activada,Entretenimiento familiar desactivada,Entretenimiento tercera edad activada,Backend activada,Algoritmo activada,Qiskit Simulator desactivada,SpinQ Simulator activada,TQL Simulator desactivada,QAOA desactivada,VQE activada,341
Visualizador calidad de aire activada,Turismo activada,Deportes activada,Entretenimiento activada,HQC activada,Visualizador restriccion uso lena activada,Ambientes abiertos activada,Ambientes cerrados desactivada,Optimizacion de rutas desactivada,Entretenimiento adulto activada,Entretenimiento familiar desactivada,Entretenimiento tercera edad activada,Backend activada,Algoritmo activada,Qiskit Simulator desactivada,SpinQ Simulator desactivada,TQL Simulator activada,QAOA activada,VQE desactivada,310
Visualizador calidad de aire activada,Turismo activada,Deportes activada,Entretenimiento activada,HQC activada,Visualizador restriccion uso lena activada,Ambientes abiertos activada,Ambientes cerrados desactivada,Optimizacion de rutas desactivada,Entretenimiento adulto activada,Entretenimiento familiar desactivada,Entretenimiento tercera edad activada,Backend activada,Algoritmo activada,Qiskit Simulator desactivada,SpinQ Simulator desactivada,TQL Simulator activada,QAOA desactivada,VQE activada,300
Visualizador calidad de aire activada,Turismo activada,Deportes activada,Entretenimiento activada,HQC activada,Visualizador restriccion uso lena activada,Ambientes abiertos activada,Ambientes cerrados desactivada,Optimizacion de rutas desactivada,Entretenimiento adulto activada,Entretenimiento familiar desactivada,Entretenimiento tercera edad desactivada,Backend activada,Algoritmo activada,Qiskit Simulator activada,SpinQ Simulator desactivada,TQL Simulator desactivada,QAOA activada,VQE desactivada,332
Visualizador calidad de aire activada,Turismo activada,Deportes activada,Entretenimiento activada,HQC activada,Visualizador restriccion uso lena activada,Ambientes abiertos activada,Ambientes cerrados desactivada,Optimizacion de rutas desactivada,Entretenimiento adulto activada,Entretenimiento familiar desactivada,Entretenimiento tercera edad desactivada,Backend activada,Algoritmo activada,Qiskit Simulator activada,SpinQ Simulator desactivada,TQL Simulator desactivada,QAOA desactivada,VQE activada,349
Visualizador calidad de aire activada,Turismo activada,Deportes activada,Entretenimiento activada,HQC activada,Visualizador restriccion uso lena activada,Ambientes abiertos activada,Ambientes cerrados desactivada,Optimizacion de rutas desactivada,Entretenimiento adulto activada,Entretenimiento familiar desactivada,Entretenimiento tercera edad desactivada,Backend activada,Algoritmo activada,Qiskit Simulator desactivada,SpinQ Simulator activada,TQL Simulator desactivada,QAOA activada,VQE desactivada,306
Visualizador calidad de aire activada,Turismo activada,Deportes activada,Entretenimiento activada,HQC activada,Visualizador restriccion uso lena activada,Ambientes abiertos activada,Ambientes cerrados desactivada,Optimizacion de rutas desactivada,Entretenimiento adulto activada,Entretenimiento familiar desactivada,Entretenimiento tercera edad desactivada,Backend activada,Algoritmo activada,Qiskit Simulator desactivada,SpinQ Simulator activada,TQL Simulator desactivada,QAOA desactivada,VQE activada,346
Visualizador calidad de aire activada,Turismo activada,Deportes activada,Entretenimiento activada,HQC activada,Visualizador restriccion uso lena activada,Ambientes abiertos activada,Ambientes cerrados desactivada,Optimizacion de rutas desactivada,Entretenimiento adulto activada,Entretenimiento familiar desactivada,Entretenimiento tercera edad desactivada,Backend activada,Algoritmo activada,Qiskit Simulator desactivada,SpinQ Simulator desactivada,TQL Simulator activada,QAOA activada,VQE desactivada,307
Visualizador calidad de aire activada,Turismo activada,Deportes activada,Entretenimiento activada,HQC activada,Visualizador restriccion uso lena activada,Ambientes abiertos activada,Ambientes cerrados desactivada,Optimizacion de rutas desactivada,Entretenimiento adulto activada,Entretenimiento familiar desactivada,Entretenimiento tercera edad desactivada,Backend activada,Algoritmo activada,Qiskit Simulator desactivada,SpinQ Simulator desactivada,TQL Simulator activada,QAOA desactivada,VQE activada,325
Visualizador calidad de aire activada,Turismo activada,Deportes activada,Entretenimiento activada,HQC activada,Visualizador restriccion uso lena activada,Ambientes abiertos activada,Ambientes cerrados desactivada,Optimizacion de rutas desactivada,Entretenimiento adulto desactivada,Entretenimiento familiar desactivada,Entretenimiento tercera edad activada,Backend activada,Algoritmo activada,Qiskit Simulator activada,SpinQ Simulator desactivada,TQL Simulator desactivada,QAOA activada,VQE desactivada,336
Visualizador calidad de aire activada,Turismo activada,Deportes activada,Entretenimiento activada,HQC activada,Visualizador restriccion uso lena activada,Ambientes abiertos activada,Ambientes cerrados desactivada,Optimizacion de rutas desactivada,Entretenimiento adulto desactivada,Entretenimiento familiar desactivada,Entretenimiento tercera edad activada,Backend activada,Algoritmo activada,Qiskit Simulator activada,SpinQ Simulator desactivada,TQL Simulator desactivada,QAOA desactivada,VQE activada,320
Visualizador calidad de aire activada,Turismo activada,Deportes activada,Entretenimiento activada,HQC activada,Visualizador restriccion uso lena activada,Ambientes abiertos activada,Ambientes cerrados desactivada,Optimizacion de rutas desactivada,Entretenimiento adulto desactivada,Entretenimiento familiar desactivada,Entretenimiento tercera edad activada,Backend activada,Algoritmo activada,Qiskit Simulator desactivada,SpinQ Simulator activada,TQL Simulator desactivada,QAOA activada,VQE desactivada,306
Visualizador calidad de aire activada,Turismo activada,Deportes activada,Entretenimiento activada,HQC activada,Visualizador restriccion uso lena activada,Ambientes abiertos activada,Ambientes cerrados desactivada,Optimizacion de rutas desactivada,Entretenimiento adulto desactivada,Entretenimiento familiar desactivada,Entretenimiento tercera edad activada,Backend activada,Algoritmo activada,Qiskit Simulator desactivada,SpinQ Simulator activada,TQL Simulator desactivada,QAOA desactivada,VQE activada,333
Visualizador calidad de aire activada,Turismo activada,Deportes activada,Entretenimiento activada,HQC activada,Visualizador restriccion uso lena activada,Ambientes abiertos activada,Ambientes cerrados desactivada,Optimizacion de rutas desactivada,Entretenimiento adulto desactivada,Entretenimiento familiar desactivada,Entretenimiento tercera edad activada,Backend activada,Algoritmo activada,Qiskit Simulator desactivada,SpinQ Simulator desactivada,TQL Simulator activada,QAOA activada,VQE desactivada,334
Visualizador calidad de aire activada,Turismo activada,Deportes activada,Entretenimiento activada,HQC activada,Visualizador restriccion uso lena activada,Ambientes abiertos activada,Ambientes cerrados desactivada,Optimizacion de rutas desactivada,Entretenimiento adulto desactivada,Entretenimiento familiar desactivada,Entretenimiento tercera edad activada,Backend activada,Algoritmo activada,Qiskit Simulator desactivada,SpinQ Simulator desactivada,TQL Simulator activada,QAOA desactivada,VQE activada,343
Visualizador calidad de aire activada,Turismo activada,Deportes activada,Entretenimiento activada,HQC activada,Visualizador restriccion uso lena desactivada,Ambientes abiertos activada,Ambientes cerrados desactivada,Optimizacion de rutas activada,Entretenimiento adulto activada,Entretenimiento familiar activada,Entretenimiento tercera edad activada,Backend activada,Algoritmo activada,Qiskit Simulator activada,SpinQ Simulator desactivada,TQL Simulator desactivada,QAOA activada,VQE desactivada,311
Visualizador calidad de aire activada,Turismo activada,Deportes activada,Entretenimiento activada,HQC activada,Visualizador restriccion uso lena desactivada,Ambientes abiertos activada,Ambientes cerrados desactivada,Optimizacion de rutas activada,Entretenimiento adulto activada,Entretenimiento familiar activada,Entretenimiento tercera edad activada,Backend activada,Algoritmo activada,Qiskit Simulator activada,SpinQ Simulator desactivada,TQL Simulator desactivada,QAOA desactivada,VQE activada,326
Visualizador calidad de aire activada,Turismo activada,Deportes activada,Entretenimiento activada,HQC activada,Visualizador restriccion uso lena desactivada,Ambientes abiertos activada,Ambientes cerrados desactivada,Optimizacion de rutas activada,Entretenimiento adulto activada,Entretenimiento familiar activada,Entretenimiento tercera edad activada,Backend activada,Algoritmo activada,Qiskit Simulator desactivada,SpinQ Simulator activada,TQL Simulator desactivada,QAOA activada,VQE desactivada,319
Visualizador calidad de aire activada,Turismo activada,Deportes activada,Entretenimiento activada,HQC activada,Visualizador restriccion uso lena desactivada,Ambientes abiertos activada,Ambientes cerrados desactivada,Optimizacion de rutas activada,Entretenimiento adulto activada,Entretenimiento familiar activada,Entretenimiento tercera edad activada,Backend activada,Algoritmo activada,Qiskit Simulator desactivada,SpinQ Simulator activada,TQL Simulator desactivada,QAOA desactivada,VQE activada,302
Visualizador calidad de aire activada,Turismo activada,Deportes activada,Entretenimiento activada,HQC activada,Visualizador restriccion uso lena desactivada,Ambientes abiertos activada,Ambientes cerrados desactivada,Optimizacion de rutas activada,Entretenimiento adulto activada,Entretenimiento familiar activada,Entretenimiento tercera edad activada,Backend activada,Algoritmo activada,Qiskit Simulator desactivada,SpinQ Simulator desactivada,TQL Simulator activada,QAOA activada,VQE desactivada,310
Visualizador calidad de aire activada,Turismo activada,Deportes activada,Entretenimiento activada,HQC activada,Visualizador restriccion uso lena desactivada,Ambientes abiertos activada,Ambientes cerrados desactivada,Optimizacion de rutas activada,Entretenimiento adulto activada,Entretenimiento familiar activada,Entretenimiento tercera edad activada,Backend activada,Algoritmo activada,Qiskit Simulator desactivada,SpinQ Simulator desactivada,TQL Simulator activada,QAOA desactivada,VQE activada,324
Visualizador calidad de aire activada,Turismo activada,Deportes activada,Entretenimiento activada,HQC activada,Visualizador restriccion uso lena desactivada,Ambientes abiertos activada,Ambientes cerrados desactivada,Optimizacion de rutas activada,Entretenimiento adulto activada,Entretenimiento familiar activada,Entretenimiento tercera edad desactivada,Backend activada,Algoritmo activada,Qiskit Simulator activada,SpinQ Simulator desactivada,TQL Simulator desactivada,QAOA activada,VQE desactivada,329
Visualizador calidad de aire activada,Turismo activada,Deportes activada,Entretenimiento activada,HQC activada,Visualizador restriccion uso lena desactivada,Ambientes abiertos activada,Ambientes cerrados desactivada,Optimizacion de rutas activada,Entretenimiento adulto activada,Entretenimiento familiar activada,Entretenimiento tercera edad desactivada,Backend activada,Algoritmo activada,Qiskit Simulator activada,SpinQ Simulator desactivada,TQL Simulator desactivada,QAOA desactivada,VQE activada,312
Visualizador calidad de aire activada,Turismo activada,Deportes activada,Entretenimiento activada,HQC activada,Visualizador restriccion uso lena desactivada,Ambientes abiertos activada,Ambientes cerrados desactivada,Optimizacion de rutas activada,Entretenimiento adulto activada,Entretenimiento familiar activada,Entretenimiento tercera edad desactivada,Backend activada,Algoritmo activada,Qiskit Simulator desactivada,SpinQ Simulator activada,TQL Simulator desactivada,QAOA activada,VQE desactivada,334
Visualizador calidad de aire activada,Turismo activada,Deportes activada,Entretenimiento activada,HQC activada,Visualizador restriccion uso lena desactivada,Ambientes abiertos activada,Ambientes cerrados desactivada,Optimizacion de rutas activada,Entretenimiento adulto activada,Entretenimiento familiar activada,Entretenimiento tercera edad desactivada,Backend activada,Algoritmo activada,Qiskit Simulator desactivada,SpinQ Simulator activada,TQL Simulator desactivada,QAOA desactivada,VQE activada,328
Visualizador calidad de aire activada,Turismo activada,Deportes activada,Entretenimiento activada,HQC activada,Visualizador restriccion uso lena desactivada,Ambientes abiertos activada,Ambientes cerrados desactivada,Optimizacion de rutas activada,Entretenimiento adulto activada,Entretenimiento familiar activada,Entretenimiento tercera edad desactivada,Backend activada,Algoritmo activada,Qiskit Simulator desactivada,SpinQ Simulator desactivada,TQL Simulator activada,QAOA activada,VQE desactivada,345
Visualizador calidad de aire activada,Turismo activada,Deportes activada,Entretenimiento activada,HQC activada,Visualizador restriccion uso lena desactivada,Ambientes abiertos activada,Ambientes cerrados desactivada,Optimizacion de rutas activada,Entretenimiento adulto activada,Entretenimiento familiar activada,Entretenimiento tercera edad desactivada,Backend activada,Algoritmo activada,Qiskit Simulator desactivada,SpinQ Simulator desactivada,TQL Simulator activada,QAOA desactivada,VQE activada,309
Visualizador calidad de aire activada,Turismo activada,Deportes activada,Entretenimiento activada,HQC activada,Visualizador restriccion uso lena desactivada,Ambientes abiertos activada,Ambientes cerrados desactivada,Optimizacion de rutas activada,Entretenimiento adulto desactivada,Entretenimiento familiar activada,Entretenimiento tercera edad activada,Backend activada,Algoritmo activada,Qiskit Simulator activada,SpinQ Simulator desactivada,TQL Simulator desactivada,QAOA activada,VQE desactivada,319
Visualizador calidad de aire activada,Turismo activada,Deportes activada,Entretenimiento activada,HQC activada,Visualizador restriccion uso lena desactivada,Ambientes abiertos activada,Ambientes cerrados desactivada,Optimizacion de rutas activada,Entretenimiento adulto desactivada,Entretenimiento familiar activada,Entretenimiento tercera edad activada,Backend activada,Algoritmo activada,Qiskit Simulator activada,SpinQ Simulator desactivada,TQL Simulator desactivada,QAOA desactivada,VQE activada,337
Visualizador calidad de aire activada,Turismo activada,Deportes activada,Entretenimiento activada,HQC activada,Visualizador restriccion uso lena desactivada,Ambientes abiertos activada,Ambientes cerrados desactivada,Optimizacion de rutas activada,Entretenimiento adulto desactivada,Entretenimiento familiar activada,Entretenimiento tercera edad activada,Backend activada,Algoritmo activada,Qiskit Simulator desactivada,SpinQ Simulator activada,TQL Simulator desactivada,QAOA activada,VQE desactivada,332
Visualizador calidad de aire activada,Turismo activada,Deportes activada,Entretenimiento activada,HQC activada,Visualizador restriccion uso lena desactivada,Ambientes abiertos activada,Ambientes cerrados desactivada,Optimizacion de rutas activada,Entretenimiento adulto desactivada,Entretenimiento familiar activada,Entretenimiento tercera edad activada,Backend activada,Algoritmo activada,Qiskit Simulator desactivada,SpinQ Simulator activada,TQL Simulator desactivada,QAOA desactivada,VQE activada,348
Visualizador calidad de aire activada,Turismo activada,Deportes activada,Entretenimiento activada,HQC activada,Visualizador restriccion uso lena desactivada,Ambientes abiertos activada,Ambientes cerrados desactivada,Optimizacion de rutas activada,Entretenimiento adulto desactivada,Entretenimiento familiar activada,Entretenimiento tercera edad activada,Backend activada,Algoritmo activada,Qiskit Simulator desactivada,SpinQ Simulator desactivada,TQL Simulator activada,QAOA activada,VQE desactivada,319
Visualizador calidad de aire activada,Turismo activada,Deportes activada,Entretenimiento activada,HQC activada,Visualizador restriccion uso lena desactivada,Ambientes abiertos activada,Ambientes cerrados desactivada,Optimizacion de rutas activada,Entretenimiento adulto desactivada,Entretenimiento familiar activada,Entretenimiento tercera edad activada,Backend activada,Algoritmo activada,Qiskit Simulator desactivada,SpinQ Simulator desactivada,TQL Simulator activada,QAOA desactivada,VQE activada,312
Visualizador calidad de aire activada,Turismo activada,Deportes activada,Entretenimiento activada,HQC activada,Visualizador restriccion uso lena desactivada,Ambientes abiertos activada,Ambientes cerrados desactivada,Optimizacion de rutas activada,Entretenimiento adulto desactivada,Entretenimiento familiar activada,Entretenimiento tercera edad desactivada,Backend activada,Algoritmo activada,Qiskit Simulator activada,SpinQ Simulator desactivada,TQL Simulator desactivada,QAOA activada,VQE desactivada,346
Visualizador calidad de aire activada,Turismo activada,Deportes activada,Entretenimiento activada,HQC activada,Visualizador restriccion uso lena desactivada,Ambientes abiertos activada,Ambientes cerrados desactivada,Optimizacion de rutas activada,Entretenimiento adulto desactivada,Entretenimiento familiar activada,Entretenimiento tercera edad desactivada,Backend activada,Algoritmo activada,Qiskit Simulator activada,SpinQ Simulator desactivada,TQL Simulator desactivada,QAOA desactivada,VQE activada,345
Visualizador calidad de aire activada,Turismo activada,Deportes activada,Entretenimiento activada,HQC activada,Visualizador restriccion uso lena desactivada,Ambientes abiertos activada,Ambientes cerrados desactivada,Optimizacion de rutas activada,Entretenimiento adulto desactivada,Entretenimiento familiar activada,Entretenimiento tercera edad desactivada,Backend activada,Algoritmo activada,Qiskit Simulator desactivada,SpinQ Simulator activada,TQL Simulator desactivada,QAOA activada,VQE desactivada,326
Visualizador calidad de aire activada,Turismo activada,Deportes activada,Entretenimiento activada,HQC activada,Visualizador restriccion uso lena desactivada,Ambientes abiertos activada,Ambientes cerrados desactivada,Optimizacion de rutas activada,Entretenimiento adulto desactivada,Entretenimiento familiar activada,Entretenimiento tercera edad desactivada,Backend activada,Algoritmo activada,Qiskit Simulator desactivada,SpinQ Simulator activada,TQL Simulator desactivada,QAOA desactivada,VQE activada,328
Visualizador calidad de aire activada,Turismo activada,Deportes activada,Entretenimiento activada,HQC activada,Visualizador restriccion uso lena desactivada,Ambientes abiertos activada,Ambientes cerrados desactivada,Optimizacion de rutas activada,Entretenimiento adulto desactivada,Entretenimiento familiar activada,Entretenimiento tercera edad desactivada,Backend activada,Algoritmo activada,Qiskit Simulator desactivada,SpinQ Simulator desactivada,TQL Simulator activada,QAOA activada,VQE desactivada,338
Visualizador calidad de aire activada,Turismo activada,Deportes activada,Entretenimiento activada,HQC activada,Visualizador restriccion uso lena desactivada,Ambientes abiertos activada,Ambientes cerrados desactivada,Optimizacion de rutas activada,Entretenimiento adulto desactivada,Entretenimiento familiar activada,Entretenimiento tercera edad desactivada,Backend activada,Algoritmo activada,Qiskit Simulator desactivada,SpinQ Simulator desactivada,TQL Simulator activada,QAOA desactivada,VQE activada,342
Visualizador calidad de aire activada,Turismo activada,Deportes activada,Entretenimiento activada,HQC activada,Visualizador restriccion uso lena desactivada,Ambientes abiertos activada,Ambientes cerrados desactivada,Optimizacion de rutas activada,Entretenimiento adulto activada,Entretenimiento familiar desactivada,Entretenimiento tercera edad activada,Backend activada,Algoritmo activada,Qiskit Simulator activada,SpinQ Simulator desactivada,TQL Simulator desactivada,QAOA activada,VQE desactivada,340
Visualizador calidad de aire activada,Turismo activada,Deportes activada,Entretenimiento activada,HQC activada,Visualizador restriccion uso lena desactivada,Ambientes abiertos activada,Ambientes cerrados desactivada,Optimizacion de rutas activada,Entretenimiento adulto activada,Entretenimiento familiar desactivada,Entretenimiento tercera edad activada,Backend activada,Algoritmo activada,Qiskit Simulator activada,SpinQ Simulator desactivada,TQL Simulator desactivada,QAOA desactivada,VQE activada,348
Visualizador calidad de aire activada,Turismo activada,Deportes activada,Entretenimiento activada,HQC activada,Visualizador restriccion uso lena desactivada,Ambientes abiertos activada,Ambientes cerrados desactivada,Optimizacion de rutas activada,Entretenimiento adulto activada,Entretenimiento familiar desactivada,Entretenimiento tercera edad activada,Backend activada,Algoritmo activada,Qiskit Simulator desactivada,SpinQ Simulator activada,TQL Simulator desactivada,QAOA activada,VQE desactivada,335
Visualizador calidad de aire activada,Turismo activada,Deportes activada,Entretenimiento activada,HQC activada,Visualizador restriccion uso lena desactivada,Ambientes abiertos activada,Ambientes cerrados desactivada,Optimizacion de rutas activada,Entretenimiento adulto activada,Entretenimiento familiar desactivada,Entretenimiento tercera edad activada,Backend activada,Algoritmo activada,Qiskit Simulator desactivada,SpinQ Simulator activada,TQL Simulator desactivada,QAOA desactivada,VQE activada,331
Visualizador calidad de aire activada,Turismo activada,Deportes activada,Entretenimiento activada,HQC activada,Visualizador restriccion uso lena desactivada,Ambientes abiertos activada,Ambientes cerrados desactivada,Optimizacion de rutas activada,Entretenimiento adulto activada,Entretenimiento familiar desactivada,Entretenimiento tercera edad activada,Backend activada,Algoritmo activada,Qiskit Simulator desactivada,SpinQ Simulator desactivada,TQL Simulator activada,QAOA activada,VQE desactivada,319
Visualizador calidad de aire activada,Turismo activada,Deportes activada,Entretenimiento activada,HQC activada,Visualizador restriccion uso lena desactivada,Ambientes abiertos activada,Ambientes cerrados desactivada,Optimizacion de rutas activada,Entretenimiento adulto activada,Entretenimiento familiar desactivada,Entretenimiento tercera edad activada,Backend activada,Algoritmo activada,Qiskit Simulator desactivada,SpinQ Simulator desactivada,TQL Simulator activada,QAOA desactivada,VQE activada,342
Visualizador calidad de aire activada,Turismo activada,Deportes activada,Entretenimiento activada,HQC activada,Visualizador restriccion uso lena desactivada,Ambientes abiertos activada,Ambientes cerrados desactivada,Optimizacion de rutas activada,Entretenimiento adulto activada,Entretenimiento familiar desactivada,Entretenimiento tercera edad desactivada,Backend activada,Algoritmo activada,Qiskit Simulator activada,SpinQ Simulator desactivada,TQL Simulator desactivada,QAOA activada,VQE desactivada,311
Visualizador calidad de aire activada,Turismo activada,Deportes activada,Entretenimiento activada,HQC activada,Visualizador restriccion uso lena desactivada,Ambientes abiertos activada,Ambientes cerrados desactivada,Optimizacion de rutas activada,Entretenimiento adulto activada,Entretenimiento familiar desactivada,Entretenimiento tercera edad desactivada,Backend activada,Algoritmo activada,Qiskit Simulator activada,SpinQ Simulator desactivada,TQL Simulator desactivada,QAOA desactivada,VQE activada,333
Visualizador calidad de aire activada,Turismo activada,Deportes activada,Entretenimiento activada,HQC activada,Visualizador restriccion uso lena desactivada,Ambientes abiertos activada,Ambientes cerrados desactivada,Optimizacion de rutas activada,Entretenimiento adulto activada,Entretenimiento familiar desactivada,Entretenimiento tercera edad desactivada,Backend activada,Algoritmo activada,Qiskit Simulator desactivada,SpinQ Simulator activada,TQL Simulator desactivada,QAOA activada,VQE desactivada,308
Visualizador calidad de aire activada,Turismo activada,Deportes activada,Entretenimiento activada,HQC activada,Visualizador restriccion uso lena desactivada,Ambientes abiertos activada,Ambientes cerrados desactivada,Optimizacion de rutas activada,Entretenimiento adulto activada,Entretenimiento familiar desactivada,Entretenimiento tercera edad desactivada,Backend activada,Algoritmo activada,Qiskit Simulator desactivada,SpinQ Simulator activada,TQL Simulator desactivada,QAOA desactivada,VQE activada,334
Visualizador calidad de aire activada,Turismo activada,Deportes activada,Entretenimiento activada,HQC activada,Visualizador restriccion uso lena desactivada,Ambientes abiertos activada,Ambientes cerrados desactivada,Optimizacion de rutas activada,Entretenimiento adulto activada,Entretenimiento familiar desactivada,Entretenimiento tercera edad desactivada,Backend activada,Algoritmo activada,Qiskit Simulator desactivada,SpinQ Simulator desactivada,TQL Simulator activada,QAOA activada,VQE desactivada,315
Visualizador calidad de aire activada,Turismo activada,Deportes activada,Entretenimiento activada,HQC activada,Visualizador restriccion uso lena desactivada,Ambientes abiertos activada,Ambientes cerrados desactivada,Optimizacion de rutas activada,Entretenimiento adulto activada,Entretenimiento familiar desactivada,Entretenimiento tercera edad desactivada,Backend activada,Algoritmo activada,Qiskit Simulator desactivada,SpinQ Simulator desactivada,TQL Simulator activada,QAOA desactivada,VQE activada,350
Visualizador calidad de aire activada,Turismo activada,Deportes activada,Entretenimiento activada,HQC activada,Visualizador restriccion uso lena desactivada,Ambientes abiertos activada,Ambientes cerrados desactivada,Optimizacion de rutas activada,Entretenimiento adulto desactivada,Entretenimiento familiar desactivada,Entretenimiento tercera edad activada,Backend activada,Algoritmo activada,Qiskit Simulator activada,SpinQ Simulator desactivada,TQL Simulator desactivada,QAOA activada,VQE desactivada,315
Visualizador calidad de aire activada,Turismo activada,Deportes activada,Entretenimiento activada,HQC activada,Visualizador restriccion uso lena desactivada,Ambientes abiertos activada,Ambientes cerrados desactivada,Optimizacion de rutas activada,Entretenimiento adulto desactivada,Entretenimiento familiar desactivada,Entretenimiento tercera edad activada,Backend activada,Algoritmo activada,Qiskit Simulator activada,SpinQ Simulator desactivada,TQL Simulator desactivada,QAOA desactivada,VQE activada,328
Visualizador calidad de aire activada,Turismo activada,Deportes activada,Entretenimiento activada,HQC activada,Visualizador restriccion uso lena desactivada,Ambientes abiertos activada,Ambientes cerrados desactivada,Optimizacion de rutas activada,Entretenimiento adulto desactivada,Entretenimiento familiar desactivada,Entretenimiento tercera edad activada,Backend activada,Algoritmo activada,Qiskit Simulator desactivada,SpinQ Simulator activada,TQL Simulator desactivada,QAOA activada,VQE desactivada,308
Visualizador calidad de aire activada,Turismo activada,Deportes activada,Entretenimiento activada,HQC activada,Visualizador restriccion uso lena desactivada,Ambientes abiertos activada,Ambientes cerrados desactivada,Optimizacion de rutas activada,Entretenimiento adulto desactivada,Entretenimiento familiar desactivada,Entretenimiento tercera edad activada,Backend activada,Algoritmo activada,Qiskit Simulator desactivada,SpinQ Simulator activada,TQL Simulator desactivada,QAOA desactivada,VQE activada,322
Visualizador calidad de aire activada,Turismo activada,Deportes activada,Entretenimiento activada,HQC activada,Visualizador restriccion uso lena desactivada,Ambientes abiertos activada,Ambientes cerrados desactivada,Optimizacion de rutas activada,Entretenimiento adulto desactivada,Entretenimiento familiar desactivada,Entretenimiento tercera edad activada,Backend activada,Algoritmo activada,Qiskit Simulator desactivada,SpinQ Simulator desactivada,TQL Simulator activada,QAOA activada,VQE desactivada,339
Visualizador calidad de aire activada,Turismo activada,Deportes activada,Entretenimiento activada,HQC activada,Visualizador restriccion uso lena desactivada,Ambientes abiertos activada,Ambientes cerrados desactivada,Optimizacion de rutas activada,Entretenimiento adulto desactivada,Entretenimiento familiar desactivada,Entretenimiento tercera edad activada,Backend activada,Algoritmo activada,Qiskit Simulator desactivada,SpinQ Simulator desactivada,TQL Simulator activada,QAOA desactivada,VQE activada,330
Visualizador calidad de aire activada,Turismo activada,Deportes activada,Entretenimiento activada,HQC activada,Visualizador restriccion uso lena desactivada,Ambientes abiertos activada,Ambientes cerrados desactivada,Optimizacion de rutas desactivada,Entretenimiento adulto activada,Entretenimiento familiar activada,Entretenimiento tercera edad activada,Backend activada,Algoritmo activada,Qiskit Simulator activada,SpinQ Simulator desactivada,TQL Simulator desactivada,QAOA activada,VQE desactivada,329
Visualizador calidad de aire activada,Turismo activada,Deportes activada,Entretenimiento activada,HQC activada,Visualizador restriccion uso lena desactivada,Ambientes abiertos activada,Ambientes cerrados desactivada,Optimizacion de rutas desactivada,Entretenimiento adulto activada,Entretenimiento familiar activada,Entretenimiento tercera edad activada,Backend activada,Algoritmo activada,Qiskit Simulator activada,SpinQ Simulator desactivada,TQL Simulator desactivada,QAOA desactivada,VQE activada,331
Visualizador calidad de aire activada,Turismo activada,Deportes activada,Entretenimiento activada,HQC activada,Visualizador restriccion uso lena desactivada,Ambientes abiertos activada,Ambientes cerrados desactivada,Optimizacion de rutas desactivada,Entretenimiento adulto activada,Entretenimiento familiar activada,Entretenimiento tercera edad activada,Backend activada,Algoritmo activada,Qiskit Simulator desactivada,SpinQ Simulator activada,TQL Simulator desactivada,QAOA activada,VQE desactivada,311
Visualizador calidad de aire activada,Turismo activada,Deportes activada,Entretenimiento activada,HQC activada,Visualizador restriccion uso lena desactivada,Ambientes abiertos activada,Ambientes cerrados desactivada,Optimizacion de rutas desactivada,Entretenimiento adulto activada,Entretenimiento familiar activada,Entretenimiento tercera edad activada,Backend activada,Algoritmo activada,Qiskit Simulator desactivada,SpinQ Simulator activada,TQL Simulator desactivada,QAOA desactivada,VQE activada,312
Visualizador calidad de aire activada,Turismo activada,Deportes activada,Entretenimiento activada,HQC activada,Visualizador restriccion uso lena desactivada,Ambientes abiertos activada,Ambientes cerrados desactivada,Optimizacion de rutas desactivada,Entretenimiento adulto activada,Entretenimiento familiar activada,Entretenimiento tercera edad activada,Backend activada,Algoritmo activada,Qiskit Simulator desactivada,SpinQ Simulator desactivada,TQL Simulator activada,QAOA activada,VQE desactivada,309
Visualizador calidad de aire activada,Turismo activada,Deportes activada,Entretenimiento activada,HQC activada,Visualizador restriccion uso lena desactivada,Ambientes abiertos activada,Ambientes cerrados desactivada,Optimizacion de rutas desactivada,Entretenimiento adulto activada,Entretenimiento familiar activada,Entretenimiento tercera edad activada,Backend activada,Algoritmo activada,Qiskit Simulator desactivada,SpinQ Simulator desactivada,TQL Simulator activada,QAOA desactivada,VQE activada,338
Visualizador calidad de aire activada,Turismo activada,Deportes activada,Entretenimiento activada,HQC activada,Visualizador restriccion uso lena desactivada,Ambientes abiertos activada,Ambientes cerrados desactivada,Optimizacion de rutas desactivada,Entretenimiento adulto activada,Entretenimiento familiar activada,Entretenimiento tercera edad desactivada,Backend activada,Algoritmo activada,Qiskit Simulator activada,SpinQ Simulator desactivada,TQL Simulator desactivada,QAOA activada,VQE desactivada,303
Visualizador calidad de aire activada,Turismo activada,Deportes activada,Entretenimiento activada,HQC activada,Visualizador restriccion uso lena desactivada,Ambientes abiertos activada,Ambientes cerrados desactivada,Optimizacion de rutas desactivada,Entretenimiento adulto activada,Entretenimiento familiar activada,Entretenimiento tercera edad desactivada,Backend activada,Algoritmo activada,Qiskit Simulator activada,SpinQ Simulator desactivada,TQL Simulator desactivada,QAOA desactivada,VQE activada,310
Visualizador calidad de aire activada,Turismo activada,Deportes activada,Entretenimiento activada,HQC activada,Visualizador restriccion uso lena desactivada,Ambientes abiertos activada,Ambientes cerrados desactivada,Optimizacion de rutas desactivada,Entretenimiento adulto activada,Entretenimiento familiar activada,Entretenimiento tercera edad desactivada,Backend activada,Algoritmo activada,Qiskit Simulator desactivada,SpinQ Simulator activada,TQL Simulator desactivada,QAOA activada,VQE desactivada,337
Visualizador calidad de aire activada,Turismo activada,Deportes activada,Entretenimiento activada,HQC activada,Visualizador restriccion uso lena desactivada,Ambientes abiertos activada,Ambientes cerrados desactivada,Optimizacion de rutas desactivada,Entretenimiento adulto activada,Entretenimiento familiar activada,Entretenimiento tercera edad desactivada,Backend activada,Algoritmo activada,Qiskit Simulator desactivada,SpinQ Simulator activada,TQL Simulator desactivada,QAOA desactivada,VQE activada,320
Visualizador calidad de aire activada,Turismo activada,Deportes activada,Entretenimiento activada,HQC activada,Visualizador restriccion uso lena desactivada,Ambientes abiertos activada,Ambientes cerrados desactivada,Optimizacion de rutas desactivada,Entretenimiento adulto activada,Entretenimiento familiar activada,Entretenimiento tercera edad desactivada,Backend activada,Algoritmo activada,Qiskit Simulator desactivada,SpinQ Simulator desactivada,TQL Simulator activada,QAOA activada,VQE desactivada,309
Visualizador calidad de aire activada,Turismo activada,Deportes activada,Entretenimiento activada,HQC activada,Visualizador restriccion uso lena desactivada,Ambientes abiertos activada,Ambientes cerrados desactivada,Optimizacion de rutas desactivada,Entretenimiento adulto activada,Entretenimiento familiar activada,Entretenimiento tercera edad desactivada,Backend activada,Algoritmo activada,Qiskit Simulator desactivada,SpinQ Simulator desactivada,TQL Simulator activada,QAOA desactivada,VQE activada,326
Visualizador calidad de aire activada,Turismo activada,Deportes activada,Entretenimiento activada,HQC activada,Visualizador restriccion uso lena desactivada,Ambientes abiertos activada,Ambientes cerrados desactivada,Optimizacion de rutas desactivada,Entretenimiento adulto desactivada,Entretenimiento familiar activada,Entretenimiento tercera edad activada,Backend activada,Algoritmo activada,Qiskit Simulator activada,SpinQ Simulator desactivada,TQL Simulator desactivada,QAOA activada,VQE desactivada,323
Visualizador calidad de aire activada,Turismo activada,Deportes activada,Entretenimiento activada,HQC activada,Visualizador restriccion uso lena desactivada,Ambientes abiertos activada,Ambientes cerrados desactivada,Optimizacion de rutas desactivada,Entretenimiento adulto desactivada,Entretenimiento familiar activada,Entretenimiento tercera edad activada,Backend activada,Algoritmo activada,Qiskit Simulator activada,SpinQ Simulator desactivada,TQL Simulator desactivada,QAOA desactivada,VQE activada,329
Visualizador calidad de aire activada,Turismo activada,Deportes activada,Entretenimiento activada,HQC activada,Visualizador restriccion uso lena desactivada,Ambientes abiertos activada,Ambientes cerrados desactivada,Optimizacion de rutas desactivada,Entretenimiento adulto desactivada,Entretenimiento familiar activada,Entretenimiento tercera edad activada,Backend activada,Algoritmo activada,Qiskit Simulator desactivada,SpinQ Simulator activada,TQL Simulator desactivada,QAOA activada,VQE desactivada,340
Visualizador calidad de aire activada,Turismo activada,Deportes activada,Entretenimiento activada,HQC activada,Visualizador restriccion uso lena desactivada,Ambientes abiertos activada,Ambientes cerrados desactivada,Optimizacion de rutas desactivada,Entretenimiento adulto desactivada,Entretenimiento familiar activada,Entretenimiento tercera edad activada,Backend activada,Algoritmo activada,Qiskit Simulator desactivada,SpinQ Simulator activada,TQL Simulator desactivada,QAOA desactivada,VQE activada,312
Visualizador calidad de aire activada,Turismo activada,Deportes activada,Entretenimiento activada,HQC activada,Visualizador restriccion uso lena desactivada,Ambientes abiertos activada,Ambientes cerrados desactivada,Optimizacion de rutas desactivada,Entretenimiento adulto desactivada,Entretenimiento familiar activada,Entretenimiento tercera edad activada,Backend activada,Algoritmo activada,Qiskit Simulator desactivada,SpinQ Simulator desactivada,TQL Simulator activada,QAOA activada,VQE desactivada,347
Visualizador calidad de aire activada,Turismo activada,Deportes activada,Entretenimiento activada,HQC activada,Visualizador restriccion uso lena desactivada,Ambientes abiertos activada,Ambientes cerrados desactivada,Optimizacion de rutas desactivada,Entretenimiento adulto desactivada,Entretenimiento familiar activada,Entretenimiento tercera edad activada,Backend activada,Algoritmo activada,Qiskit Simulator desactivada,SpinQ Simulator desactivada,TQL Simulator activada,QAOA desactivada,VQE activada,307
Visualizador calidad de aire activada,Turismo activada,Deportes activada,Entretenimiento activada,HQC activada,Visualizador restriccion uso lena desactivada,Ambientes abiertos activada,Ambientes cerrados desactivada,Optimizacion de rutas desactivada,Entretenimiento adulto desactivada,Entretenimiento familiar activada,Entretenimiento tercera edad desactivada,Backend activada,Algoritmo activada,Qiskit Simulator activada,SpinQ Simulator desactivada,TQL Simulator desactivada,QAOA activada,VQE desactivada,321
Visualizador calidad de aire activada,Turismo activada,Deportes activada,Entretenimiento activada,HQC activada,Visualizador restriccion uso lena desactivada,Ambientes abiertos activada,Ambientes cerrados desactivada,Optimizacion de rutas desactivada,Entretenimiento adulto desactivada,Entretenimiento familiar activada,Entretenimiento tercera edad desactivada,Backend activada,Algoritmo activada,Qiskit Simulator activada,SpinQ Simulator desactivada,TQL Simulator desactivada,QAOA desactivada,VQE activada,332
Visualizador calidad de aire activada,Turismo activada,Deportes activada,Entretenimiento activada,HQC activada,Visualizador restriccion uso lena desactivada,Ambientes abiertos activada,Ambientes cerrados desactivada,Optimizacion de rutas desactivada,Entretenimiento adulto desactivada,Entretenimiento familiar activada,Entretenimiento tercera edad desactivada,Backend activada,Algoritmo activada,Qiskit Simulator desactivada,SpinQ Simulator activada,TQL Simulator desactivada,QAOA activada,VQE desactivada,335
Visualizador calidad de aire activada,Turismo activada,Deportes activada,Entretenimiento activada,HQC activada,Visualizador restriccion uso lena desactivada,Ambientes abiertos activada,Ambientes cerrados desactivada,Optimizacion de rutas desactivada,Entretenimiento adulto desactivada,Entretenimiento familiar activada,Entretenimiento tercera edad desactivada,Backend activada,Algoritmo activada,Qiskit Simulator desactivada,SpinQ Simulator activada,TQL Simulator desactivada,QAOA desactivada,VQE activada,320
Visualizador calidad de aire activada,Turismo activada,Deportes activada,Entretenimiento activada,HQC activada,Visualizador restriccion uso lena desactivada,Ambientes abiertos activada,Ambientes cerrados desactivada,Optimizacion de rutas desactivada,Entretenimiento adulto desactivada,Entretenimiento familiar activada,Entretenimiento tercera edad desactivada,Backend activada,Algoritmo activada,Qiskit Simulator desactivada,SpinQ Simulator desactivada,TQL Simulator activada,QAOA activada,VQE desactivada,312
Visualizador calidad de aire activada,Turismo activada,Deportes activada,Entretenimiento activada,HQC activada,Visualizador restriccion uso lena desactivada,Ambientes abiertos activada,Ambientes cerrados desactivada,Optimizacion de rutas desactivada,Entretenimiento adulto desactivada,Entretenimiento familiar activada,Entretenimiento tercera edad desactivada,Backend activada,Algoritmo activada,Qiskit Simulator desactivada,SpinQ Simulator desactivada,TQL Simulator activada,QAOA desactivada,VQE activada,314
Visualizador calidad de aire activada,Turismo activada,Deportes activada,Entretenimiento activada,HQC activada,Visualizador restriccion uso lena desactivada,Ambientes abiertos activada,Ambientes cerrados desactivada,Optimizacion de rutas desactivada,Entretenimiento adulto activada,Entretenimiento familiar desactivada,Entretenimiento tercera edad activada,Backend activada,Algoritmo activada,Qiskit Simulator activada,SpinQ Simulator desactivada,TQL Simulator desactivada,QAOA activada,VQE desactivada,303
Visualizador calidad de aire activada,Turismo activada,Deportes activada,Entretenimiento activada,HQC activada,Visualizador restriccion uso lena desactivada,Ambientes abiertos activada,Ambientes cerrados desactivada,Optimizacion de rutas desactivada,Entretenimiento adulto activada,Entretenimiento familiar desactivada,Entretenimiento tercera edad activada,Backend activada,Algoritmo activada,Qiskit Simulator activada,SpinQ Simulator desactivada,TQL Simulator desactivada,QAOA desactivada,VQE activada,309
Visualizador calidad de aire activada,Turismo activada,Deportes activada,Entretenimiento activada,HQC activada,Visualizador restriccion uso lena desactivada,Ambientes abiertos activada,Ambientes cerrados desactivada,Optimizacion de rutas desactivada,Entretenimiento adulto activada,Entretenimiento familiar desactivada,Entretenimiento tercera edad activada,Backend activada,Algoritmo activada,Qiskit Simulator desactivada,SpinQ Simulator activada,TQL Simulator desactivada,QAOA activada,VQE desactivada,324
Visualizador calidad de aire activada,Turismo activada,Deportes activada,Entretenimiento activada,HQC activada,Visualizador restriccion uso lena desactivada,Ambientes abiertos activada,Ambientes cerrados desactivada,Optimizacion de rutas desactivada,Entretenimiento adulto activada,Entretenimiento familiar desactivada,Entretenimiento tercera edad activada,Backend activada,Algoritmo activada,Qiskit Simulator desactivada,SpinQ Simulator activada,TQL Simulator desactivada,QAOA desactivada,VQE activada,341
Visualizador calidad de aire activada,Turismo activada,Deportes activada,Entretenimiento activada,HQC activada,Visualizador restriccion uso lena desactivada,Ambientes abiertos activada,Ambientes cerrados desactivada,Optimizacion de rutas desactivada,Entretenimiento adulto activada,Entretenimiento familiar desactivada,Entretenimiento tercera edad activada,Backend activada,Algoritmo activada,Qiskit Simulator desactivada,SpinQ Simulator desactivada,TQL Simulator activada,QAOA activada,VQE desactivada,310
Visualizador calidad de aire activada,Turismo activada,Deportes activada,Entretenimiento activada,HQC activada,Visualizador restriccion uso lena desactivada,Ambientes abiertos activada,Ambientes cerrados desactivada,Optimizacion de rutas desactivada,Entretenimiento adulto activada,Entretenimiento familiar desactivada,Entretenimiento tercera edad activada,Backend activada,Algoritmo activada,Qiskit Simulator desactivada,SpinQ Simulator desactivada,TQL Simulator activada,QAOA desactivada,VQE activada,333
Visualizador calidad de aire activada,Turismo activada,Deportes activada,Entretenimiento activada,HQC activada,Visualizador restriccion uso lena desactivada,Ambientes abiertos activada,Ambientes cerrados desactivada,Optimizacion de rutas desactivada,Entretenimiento adulto activada,Entretenimiento familiar desactivada,Entretenimiento tercera edad desactivada,Backend activada,Algoritmo activada,Qiskit Simulator activada,SpinQ Simulator desactivada,TQL Simulator desactivada,QAOA activada,VQE desactivada,301
Visualizador calidad de aire activada,Turismo activada,Deportes activada,Entretenimiento activada,HQC activada,Visualizador restriccion uso lena desactivada,Ambientes abiertos activada,Ambientes cerrados desactivada,Optimizacion de rutas desactivada,Entretenimiento adulto activada,Entretenimiento familiar desactivada,Entretenimiento tercera edad desactivada,Backend activada,Algoritmo activada,Qiskit Simulator activada,SpinQ Simulator desactivada,TQL Simulator desactivada,QAOA desactivada,VQE activada,330
Visualizador calidad de aire activada,Turismo activada,Deportes activada,Entretenimiento activada,HQC activada,Visualizador restriccion uso lena desactivada,Ambientes abiertos activada,Ambientes cerrados desactivada,Optimizacion de rutas desactivada,Entretenimiento adulto activada,Entretenimiento familiar desactivada,Entretenimiento tercera edad desactivada,Backend activada,Algoritmo activada,Qiskit Simulator desactivada,SpinQ Simulator activada,TQL Simulator desactivada,QAOA activada,VQE desactivada,312
Visualizador calidad de aire activada,Turismo activada,Deportes activada,Entretenimiento activada,HQC activada,Visualizador restriccion uso lena desactivada,Ambientes abiertos activada,Ambientes cerrados desactivada,Optimizacion de rutas desactivada,Entretenimiento adulto activada,Entretenimiento familiar desactivada,Entretenimiento tercera edad desactivada,Backend activada,Algoritmo activada,Qiskit Simulator desactivada,SpinQ Simulator activada,TQL Simulator desactivada,QAOA desactivada,VQE activada,318
Visualizador calidad de aire activada,Turismo activada,Deportes activada,Entretenimiento activada,HQC activada,Visualizador restriccion uso lena desactivada,Ambientes abiertos activada,Ambientes cerrados desactivada,Optimizacion de rutas desactivada,Entretenimiento adulto activada,Entretenimiento familiar desactivada,Entretenimiento tercera edad desactivada,Backend activada,Algoritmo activada,Qiskit Simulator desactivada,SpinQ Simulator desactivada,TQL Simulator activada,QAOA activada,VQE desactivada,323
Visualizador calidad de aire activada,Turismo activada,Deportes activada,Entretenimiento activada,HQC activada,Visualizador restriccion uso lena desactivada,Ambientes abiertos activada,Ambientes cerrados desactivada,Optimizacion de rutas desactivada,Entretenimiento adulto activada,Entretenimiento familiar desactivada,Entretenimiento tercera edad desactivada,Backend activada,Algoritmo activada,Qiskit Simulator desactivada,SpinQ Simulator desactivada,TQL Simulator activada,QAOA desactivada,VQE activada,312
Visualizador calidad de aire activada,Turismo activada,Deportes activada,Entretenimiento activada,HQC activada,Visualizador restriccion uso lena desactivada,Ambientes abiertos activada,Ambientes cerrados desactivada,Optimizacion de rutas desactivada,Entretenimiento adulto desactivada,Entretenimiento familiar desactivada,Entretenimiento tercera edad activada,Backend activada,Algoritmo activada,Qiskit Simulator activada,SpinQ Simulator desactivada,TQL Simulator desactivada,QAOA activada,VQE desactivada,302
Visualizador calidad de aire activada,Turismo activada,Deportes activada,Entretenimiento activada,HQC activada,Visualizador restriccion uso lena desactivada,Ambientes abiertos activada,Ambientes cerrados desactivada,Optimizacion de rutas desactivada,Entretenimiento adulto desactivada,Entretenimiento familiar desactivada,Entretenimiento tercera edad activada,Backend activada,Algoritmo activada,Qiskit Simulator activada,SpinQ Simulator desactivada,TQL Simulator desactivada,QAOA desactivada,VQE activada,342
Visualizador calidad de aire activada,Turismo activada,Deportes activada,Entretenimiento activada,HQC activada,Visualizador restriccion uso lena desactivada,Ambientes abiertos activada,Ambientes cerrados desactivada,Optimizacion de rutas desactivada,Entretenimiento adulto desactivada,Entretenimiento familiar desactivada,Entretenimiento tercera edad activada,Backend activada,Algoritmo activada,Qiskit Simulator desactivada,SpinQ Simulator activada,TQL Simulator desactivada,QAOA activada,VQE desactivada,307
Visualizador calidad de aire activada,Turismo activada,Deportes activada,Entretenimiento activada,HQC activada,Visualizador restriccion uso lena desactivada,Ambientes abiertos activada,Ambientes cerrados desactivada,Optimizacion de rutas desactivada,Entretenimiento adulto desactivada,Entretenimiento familiar desactivada,Entretenimiento tercera edad activada,Backend activada,Algoritmo activada,Qiskit Simulator desactivada,SpinQ Simulator activada,TQL Simulator desactivada,QAOA desactivada,VQE activada,316
Visualizador calidad de aire activada,Turismo activada,Deportes activada,Entretenimiento activada,HQC activada,Visualizador restriccion uso lena desactivada,Ambientes abiertos activada,Ambientes cerrados desactivada,Optimizacion de rutas desactivada,Entretenimiento adulto desactivada,Entretenimiento familiar desactivada,Entretenimiento tercera edad activada,Backend activada,Algoritmo activada,Qiskit Simulator desactivada,SpinQ Simulator desactivada,TQL Simulator activada,QAOA activada,VQE desactivada,315
Visualizador calidad de aire activada,Turismo activada,Deportes activada,Entretenimiento activada,HQC activada,Visualizador restriccion uso lena desactivada,Ambientes abiertos activada,Ambientes cerrados desactivada,Optimizacion de rutas desactivada,Entretenimiento adulto desactivada,Entretenimiento familiar desactivada,Entretenimiento tercera edad activada,Backend activada,Algoritmo activada,Qiskit Simulator desactivada,SpinQ Simulator desactivada,TQL Simulator activada,QAOA desactivada,VQE activada,303
Visualizador calidad de aire activada,Turismo activada,Deportes activada,Entretenimiento activada,HQC desactivada,Visualizador restriccion uso lena activada,Ambientes abiertos desactivada,Ambientes cerrados activada,Optimizacion de rutas desactivada,Entretenimiento adulto activada,Entretenimiento familiar activada,Entretenimiento tercera edad activada,Backend desactivada,Algoritmo desactivada,Qiskit Simulator desactivada,SpinQ Simulator desactivada,TQL Simulator desactivada,QAOA desactivada,VQE desactivada,240
Visualizador calidad de aire activada,Turismo activada,Deportes activada,Entretenimiento activada,HQC desactivada,Visualizador restriccion uso lena activada,Ambientes abiertos desactivada,Ambientes cerrados activada,Optimizacion de rutas desactivada,Entretenimiento adulto activada,Entretenimiento familiar activada,Entretenimiento tercera edad desactivada,Backend desactivada,Algoritmo desactivada,Qiskit Simulator desactivada,SpinQ Simulator desactivada,TQL Simulator desactivada,QAOA desactivada,VQE desactivada,258
Visualizador calidad de aire activada,Turismo activada,Deportes activada,Entretenimiento activada,HQC desactivada,Visualizador restriccion uso lena activada,Ambientes abiertos desactivada,Ambientes cerrados activada,Optimizacion de rutas desactivada,Entretenimiento adulto desactivada,Entretenimiento familiar activada,Entretenimiento tercera edad activada,Backend desactivada,Algoritmo desactivada,Qiskit Simulator desactivada,SpinQ Simulator desactivada,TQL Simulator desactivada,QAOA desactivada,VQE desactivada,250
Visualizador calidad de aire activada,Turismo activada,Deportes activada,Entretenimiento activada,HQC desactivada,Visualizador restriccion uso lena activada,Ambientes abiertos desactivada,Ambientes cerrados activada,Optimizacion de rutas desactivada,Entretenimiento adulto desactivada,Entretenimiento familiar activada,Entretenimiento tercera edad desactivada,Backend desactivada,Algoritmo desactivada,Qiskit Simulator desactivada,SpinQ Simulator desactivada,TQL Simulator desactivada,QAOA desactivada,VQE desactivada,244
Visualizador calidad de aire activada,Turismo activada,Deportes activada,Entretenimiento activada,HQC desactivada,Visualizador restriccion uso lena activada,Ambientes abiertos desactivada,Ambientes cerrados activada,Optimizacion de rutas desactivada,Entretenimiento adulto activada,Entretenimiento familiar desactivada,Entretenimiento tercera edad activada,Backend desactivada,Algoritmo desactivada,Qiskit Simulator desactivada,SpinQ Simulator desactivada,TQL Simulator desactivada,QAOA desactivada,VQE desactivada,238
Visualizador calidad de aire activada,Turismo activada,Deportes activada,Entretenimiento activada,HQC desactivada,Visualizador restriccion uso lena activada,Ambientes abiertos desactivada,Ambientes cerrados activada,Optimizacion de rutas desactivada,Entretenimiento adulto activada,Entretenimiento familiar desactivada,Entretenimiento tercera edad desactivada,Backend desactivada,Algoritmo desactivada,Qiskit Simulator desactivada,SpinQ Simulator desactivada,TQL Simulator desactivada,QAOA desactivada,VQE desactivada,251
Visualizador calidad de aire activada,Turismo activada,Deportes activada,Entretenimiento activada,HQC desactivada,Visualizador restriccion uso lena activada,Ambientes abiertos desactivada,Ambientes cerrados activada,Optimizacion de rutas desactivada,Entretenimiento adulto desactivada,Entretenimiento familiar desactivada,Entretenimiento tercera edad activada,Backend desactivada,Algoritmo desactivada,Qiskit Simulator desactivada,SpinQ Simulator desactivada,TQL Simulator desactivada,QAOA desactivada,VQE desactivada,247
Visualizador calidad de aire activada,Turismo activada,Deportes activada,Entretenimiento activada,HQC desactivada,Visualizador restriccion uso lena activada,Ambientes abiertos activada,Ambientes cerrados desactivada,Optimizacion de rutas desactivada,Entretenimiento adulto activada,Entretenimiento familiar activada,Entretenimiento tercera edad activada,Backend desactivada,Algoritmo desactivada,Qiskit Simulator desactivada,SpinQ Simulator desactivada,TQL Simulator desactivada,QAOA desactivada,VQE desactivada,272
Visualizador calidad de aire activada,Turismo activada,Deportes activada,Entretenimiento activada,HQC desactivada,Visualizador restriccion uso lena activada,Ambientes abiertos activada,Ambientes cerrados desactivada,Optimizacion de rutas desactivada,Entretenimiento adulto activada,Entretenimiento familiar activada,Entretenimiento tercera edad desactivada,Backend desactivada,Algoritmo desactivada,Qiskit Simulator desactivada,SpinQ Simulator desactivada,TQL Simulator desactivada,QAOA desactivada,VQE desactivada,264
Visualizador calidad de aire activada,Turismo activada,Deportes activada,Entretenimiento activada,HQC desactivada,Visualizador restriccion uso lena activada,Ambientes abiertos activada,Ambientes cerrados desactivada,Optimizacion de rutas desactivada,Entretenimiento adulto desactivada,Entretenimiento familiar activada,Entretenimiento tercera edad activada,Backend desactivada,Algoritmo desactivada,Qiskit Simulator desactivada,SpinQ Simulator desactivada,TQL Simulator desactivada,QAOA desactivada,VQE desactivada,234
Visualizador calidad de aire activada,Turismo activada,Deportes activada,Entretenimiento activada,HQC desactivada,Visualizador restriccion uso lena activada,Ambientes abiertos activada,Ambientes cerrados desactivada,Optimizacion de rutas desactivada,Entretenimiento adulto desactivada,Entretenimiento familiar activada,Entretenimiento tercera edad desactivada,Backend desactivada,Algoritmo desactivada,Qiskit Simulator desactivada,SpinQ Simulator desactivada,TQL Simulator desactivada,QAOA desactivada,VQE desactivada,235
Visualizador calidad de aire activada,Turismo activada,Deportes activada,Entretenimiento activada,HQC desactivada,Visualizador restriccion uso lena activada,Ambientes abiertos activada,Ambientes cerrados desactivada,Optimizacion de rutas desactivada,Entretenimiento adulto activada,Entretenimiento familiar desactivada,Entretenimiento tercera edad activada,Backend desactivada,Algoritmo desactivada,Qiskit Simulator desactivada,SpinQ Simulator desactivada,TQL Simulator desactivada,QAOA desactivada,VQE desactivada,261
Visualizador calidad de aire activada,Turismo activada,Deportes activada,Entretenimiento activada,HQC desactivada,Visualizador restriccion uso lena activada,Ambientes abiertos activada,Ambientes cerrados desactivada,Optimizacion de rutas desactivada,Entretenimiento adulto activada,Entretenimiento familiar desactivada,Entretenimiento tercera edad desactivada,Backend desactivada,Algoritmo desactivada,Qiskit Simulator desactivada,SpinQ Simulator desactivada,TQL Simulator desactivada,QAOA desactivada,VQE desactivada,261
Visualizador calidad de aire activada,Turismo activada,Deportes activada,Entretenimiento activada,HQC desactivada,Visualizador restriccion uso lena activada,Ambientes abiertos activada,Ambientes cerrados desactivada,Optimizacion de rutas desactivada,Entretenimiento adulto desactivada,Entretenimiento familiar desactivada,Entretenimiento tercera edad activada,Backend desactivada,Algoritmo desactivada,Qiskit Simulator desactivada,SpinQ Simulator desactivada,TQL Simulator desactivada,QAOA desactivada,VQE desactivada,272
Visualizador calidad de aire activada,Turismo activada,Deportes activada,Entretenimiento activada,HQC desactivada,Visualizador restriccion uso lena desactivada,Ambientes abiertos activada,Ambientes cerrados desactivada,Optimizacion de rutas desactivada,Entretenimiento adulto activada,Entretenimiento familiar activada,Entretenimiento tercera edad activada,Backend desactivada,Algoritmo desactivada,Qiskit Simulator desactivada,SpinQ Simulator desactivada,TQL Simulator desactivada,QAOA desactivada,VQE desactivada,218
Visualizador calidad de aire activada,Turismo activada,Deportes activada,Entretenimiento activada,HQC desactivada,Visualizador restriccion uso lena desactivada,Ambientes abiertos activada,Ambientes cerrados desactivada,Optimizacion de rutas desactivada,Entretenimiento adulto activada,Entretenimiento familiar activada,Entretenimiento tercera edad desactivada,Backend desactivada,Algoritmo desactivada,Qiskit Simulator desactivada,SpinQ Simulator desactivada,TQL Simulator desactivada,QAOA desactivada,VQE desactivada,186
Visualizador calidad de aire activada,Turismo activada,Deportes activada,Entretenimiento activada,HQC desactivada,Visualizador restriccion uso lena desactivada,Ambientes abiertos activada,Ambientes cerrados desactivada,Optimizacion de rutas desactivada,Entretenimiento adulto desactivada,Entretenimiento familiar activada,Entretenimiento tercera edad activada,Backend desactivada,Algoritmo desactivada,Qiskit Simulator desactivada,SpinQ Simulator desactivada,TQL Simulator desactivada,QAOA desactivada,VQE desactivada,226
Visualizador calidad de aire activada,Turismo activada,Deportes activada,Entretenimiento activada,HQC desactivada,Visualizador restriccion uso lena desactivada,Ambientes abiertos activada,Ambientes cerrados desactivada,Optimizacion de rutas desactivada,Entretenimiento adulto desactivada,Entretenimiento familiar activada,Entretenimiento tercera edad desactivada,Backend desactivada,Algoritmo desactivada,Qiskit Simulator desactivada,SpinQ Simulator desactivada,TQL Simulator desactivada,QAOA desactivada,VQE desactivada,183
Visualizador calidad de aire activada,Turismo activada,Deportes activada,Entretenimiento activada,HQC desactivada,Visualizador restriccion uso lena desactivada,Ambientes abiertos activada,Ambientes cerrados desactivada,Optimizacion de rutas desactivada,Entretenimiento adulto activada,Entretenimiento familiar desactivada,Entretenimiento tercera edad activada,Backend desactivada,Algoritmo desactivada,Qiskit Simulator desactivada,SpinQ Simulator desactivada,TQL Simulator desactivada,QAOA desactivada,VQE desactivada,196
Visualizador calidad de aire activada,Turismo activada,Deportes activada,Entretenimiento activada,HQC desactivada,Visualizador restriccion uso lena desactivada,Ambientes abiertos activada,Ambientes cerrados desactivada,Optimizacion de rutas desactivada,Entretenimiento adulto activada,Entretenimiento familiar desactivada,Entretenimiento tercera edad desactivada,Backend desactivada,Algoritmo desactivada,Qiskit Simulator desactivada,SpinQ Simulator desactivada,TQL Simulator desactivada,QAOA desactivada,VQE desactivada,188
Visualizador calidad de aire activada,Turismo activada,Deportes activada,Entretenimiento activada,HQC desactivada,Visualizador restriccion uso lena desactivada,Ambientes abiertos activada,Ambientes cerrados desactivada,Optimizacion de rutas desactivada,Entretenimiento adulto desactivada,Entretenimiento familiar desactivada,Entretenimiento tercera edad activada,Backend desactivada,Algoritmo desactivada,Qiskit Simulator desactivada,SpinQ Simulator desactivada,TQL Simulator desactivada,QAOA desactivada,VQE desactivada,222
Visualizador calidad de aire activada,Turismo activada,Deportes activada,Entretenimiento desactivada,HQC activada,Visualizador restriccion uso lena activada,Ambientes abiertos desactivada,Ambientes cerrados activada,Optimizacion de rutas activada,Entretenimiento adulto desactivada,Entretenimiento familiar desactivada,Entretenimiento tercera edad desactivada,Backend activada,Algoritmo activada,Qiskit Simulator activada,SpinQ Simulator desactivada,TQL Simulator desactivada,QAOA activada,VQE desactivada,349
Visualizador calidad de aire activada,Turismo activada,Deportes activada,Entretenimiento desactivada,HQC activada,Visualizador restriccion uso lena activada,Ambientes abiertos desactivada,Ambientes cerrados activada,Optimizacion de rutas activada,Entretenimiento adulto desactivada,Entretenimiento familiar desactivada,Entretenimiento tercera edad desactivada,Backend activada,Algoritmo activada,Qiskit Simulator activada,SpinQ Simulator desactivada,TQL Simulator desactivada,QAOA desactivada,VQE activada,334
Visualizador calidad de aire activada,Turismo activada,Deportes activada,Entretenimiento desactivada,HQC activada,Visualizador restriccion uso lena activada,Ambientes abiertos desactivada,Ambientes cerrados activada,Optimizacion de rutas activada,Entretenimiento adulto desactivada,Entretenimiento familiar desactivada,Entretenimiento tercera edad desactivada,Backend activada,Algoritmo activada,Qiskit Simulator desactivada,SpinQ Simulator activada,TQL Simulator desactivada,QAOA activada,VQE desactivada,302
Visualizador calidad de aire activada,Turismo activada,Deportes activada,Entretenimiento desactivada,HQC activada,Visualizador restriccion uso lena activada,Ambientes abiertos desactivada,Ambientes cerrados activada,Optimizacion de rutas activada,Entretenimiento adulto desactivada,Entretenimiento familiar desactivada,Entretenimiento tercera edad desactivada,Backend activada,Algoritmo activada,Qiskit Simulator desactivada,SpinQ Simulator activada,TQL Simulator desactivada,QAOA desactivada,VQE activada,345
Visualizador calidad de aire activada,Turismo activada,Deportes activada,Entretenimiento desactivada,HQC activada,Visualizador restriccion uso lena activada,Ambientes abiertos desactivada,Ambientes cerrados activada,Optimizacion de rutas activada,Entretenimiento adulto desactivada,Entretenimiento familiar desactivada,Entretenimiento tercera edad desactivada,Backend activada,Algoritmo activada,Qiskit Simulator desactivada,SpinQ Simulator desactivada,TQL Simulator activada,QAOA activada,VQE desactivada,337
Visualizador calidad de aire activada,Turismo activada,Deportes activada,Entretenimiento desactivada,HQC activada,Visualizador restriccion uso lena activada,Ambientes abiertos desactivada,Ambientes cerrados activada,Optimizacion de rutas activada,Entretenimiento adulto desactivada,Entretenimiento familiar desactivada,Entretenimiento tercera edad desactivada,Backend activada,Algoritmo activada,Qiskit Simulator desactivada,SpinQ Simulator desactivada,TQL Simulator activada,QAOA desactivada,VQE activada,306
Visualizador calidad de aire activada,Turismo activada,Deportes activada,Entretenimiento desactivada,HQC activada,Visualizador restriccion uso lena activada,Ambientes abiertos desactivada,Ambientes cerrados activada,Optimizacion de rutas desactivada,Entretenimiento adulto desactivada,Entretenimiento familiar desactivada,Entretenimiento tercera edad desactivada,Backend activada,Algoritmo activada,Qiskit Simulator activada,SpinQ Simulator desactivada,TQL Simulator desactivada,QAOA activada,VQE desactivada,343
Visualizador calidad de aire activada,Turismo activada,Deportes activada,Entretenimiento desactivada,HQC activada,Visualizador restriccion uso lena activada,Ambientes abiertos desactivada,Ambientes cerrados activada,Optimizacion de rutas desactivada,Entretenimiento adulto desactivada,Entretenimiento familiar desactivada,Entretenimiento tercera edad desactivada,Backend activada,Algoritmo activada,Qiskit Simulator activada,SpinQ Simulator desactivada,TQL Simulator desactivada,QAOA desactivada,VQE activada,302
Visualizador calidad de aire activada,Turismo activada,Deportes activada,Entretenimiento desactivada,HQC activada,Visualizador restriccion uso lena activada,Ambientes abiertos desactivada,Ambientes cerrados activada,Optimizacion de rutas desactivada,Entretenimiento adulto desactivada,Entretenimiento familiar desactivada,Entretenimiento tercera edad desactivada,Backend activada,Algoritmo activada,Qiskit Simulator desactivada,SpinQ Simulator activada,TQL Simulator desactivada,QAOA activada,VQE desactivada,301
Visualizador calidad de aire activada,Turismo activada,Deportes activada,Entretenimiento desactivada,HQC activada,Visualizador restriccion uso lena activada,Ambientes abiertos desactivada,Ambientes cerrados activada,Optimizacion de rutas desactivada,Entretenimiento adulto desactivada,Entretenimiento familiar desactivada,Entretenimiento tercera edad desactivada,Backend activada,Algoritmo activada,Qiskit Simulator desactivada,SpinQ Simulator activada,TQL Simulator desactivada,QAOA desactivada,VQE activada,336
Visualizador calidad de aire activada,Turismo activada,Deportes activada,Entretenimiento desactivada,HQC activada,Visualizador restriccion uso lena activada,Ambientes abiertos desactivada,Ambientes cerrados activada,Optimizacion de rutas desactivada,Entretenimiento adulto desactivada,Entretenimiento familiar desactivada,Entretenimiento tercera edad desactivada,Backend activada,Algoritmo activada,Qiskit Simulator desactivada,SpinQ Simulator desactivada,TQL Simulator activada,QAOA activada,VQE desactivada,330
Visualizador calidad de aire activada,Turismo activada,Deportes activada,Entretenimiento desactivada,HQC activada,Visualizador restriccion uso lena activada,Ambientes abiertos desactivada,Ambientes cerrados activada,Optimizacion de rutas desactivada,Entretenimiento adulto desactivada,Entretenimiento familiar desactivada,Entretenimiento tercera edad desactivada,Backend activada,Algoritmo activada,Qiskit Simulator desactivada,SpinQ Simulator desactivada,TQL Simulator activada,QAOA desactivada,VQE activada,325
Visualizador calidad de aire activada,Turismo activada,Deportes activada,Entretenimiento desactivada,HQC activada,Visualizador restriccion uso lena activada,Ambientes abiertos activada,Ambientes cerrados desactivada,Optimizacion de rutas activada,Entretenimiento adulto desactivada,Entretenimiento familiar desactivada,Entretenimiento tercera edad desactivada,Backend activada,Algoritmo activada,Qiskit Simulator activada,SpinQ Simulator desactivada,TQL Simulator desactivada,QAOA activada,VQE desactivada,322
Visualizador calidad de aire activada,Turismo activada,Deportes activada,Entretenimiento desactivada,HQC activada,Visualizador restriccion uso lena activada,Ambientes abiertos activada,Ambientes cerrados desactivada,Optimizacion de rutas activada,Entretenimiento adulto desactivada,Entretenimiento familiar desactivada,Entretenimiento tercera edad desactivada,Backend activada,Algoritmo activada,Qiskit Simulator activada,SpinQ Simulator desactivada,TQL Simulator desactivada,QAOA desactivada,VQE activada,329
Visualizador calidad de aire activada,Turismo activada,Deportes activada,Entretenimiento desactivada,HQC activada,Visualizador restriccion uso lena activada,Ambientes abiertos activada,Ambientes cerrados desactivada,Optimizacion de rutas activada,Entretenimiento adulto desactivada,Entretenimiento familiar desactivada,Entretenimiento tercera edad desactivada,Backend activada,Algoritmo activada,Qiskit Simulator desactivada,SpinQ Simulator activada,TQL Simulator desactivada,QAOA activada,VQE desactivada,327
Visualizador calidad de aire activada,Turismo activada,Deportes activada,Entretenimiento desactivada,HQC activada,Visualizador restriccion uso lena activada,Ambientes abiertos activada,Ambientes cerrados desactivada,Optimizacion de rutas activada,Entretenimiento adulto desactivada,Entretenimiento familiar desactivada,Entretenimiento tercera edad desactivada,Backend activada,Algoritmo activada,Qiskit Simulator desactivada,SpinQ Simulator activada,TQL Simulator desactivada,QAOA desactivada,VQE activada,348
Visualizador calidad de aire activada,Turismo activada,Deportes activada,Entretenimiento desactivada,HQC activada,Visualizador restriccion uso lena activada,Ambientes abiertos activada,Ambientes cerrados desactivada,Optimizacion de rutas activada,Entretenimiento adulto desactivada,Entretenimiento familiar desactivada,Entretenimiento tercera edad desactivada,Backend activada,Algoritmo activada,Qiskit Simulator desactivada,SpinQ Simulator desactivada,TQL Simulator activada,QAOA activada,VQE desactivada,308
Visualizador calidad de aire activada,Turismo activada,Deportes activada,Entretenimiento desactivada,HQC activada,Visualizador restriccion uso lena activada,Ambientes abiertos activada,Ambientes cerrados desactivada,Optimizacion de rutas activada,Entretenimiento adulto desactivada,Entretenimiento familiar desactivada,Entretenimiento tercera edad desactivada,Backend activada,Algoritmo activada,Qiskit Simulator desactivada,SpinQ Simulator desactivada,TQL Simulator activada,QAOA desactivada,VQE activada,304
Visualizador calidad de aire activada,Turismo activada,Deportes activada,Entretenimiento desactivada,HQC activada,Visualizador restriccion uso lena activada,Ambientes abiertos activada,Ambientes cerrados desactivada,Optimizacion de rutas desactivada,Entretenimiento adulto desactivada,Entretenimiento familiar desactivada,Entretenimiento tercera edad desactivada,Backend activada,Algoritmo activada,Qiskit Simulator activada,SpinQ Simulator desactivada,TQL Simulator desactivada,QAOA activada,VQE desactivada,318
Visualizador calidad de aire activada,Turismo activada,Deportes activada,Entretenimiento desactivada,HQC activada,Visualizador restriccion uso lena activada,Ambientes abiertos activada,Ambientes cerrados desactivada,Optimizacion de rutas desactivada,Entretenimiento adulto desactivada,Entretenimiento familiar desactivada,Entretenimiento tercera edad desactivada,Backend activada,Algoritmo activada,Qiskit Simulator activada,SpinQ Simulator desactivada,TQL Simulator desactivada,QAOA desactivada,VQE activada,342
Visualizador calidad de aire activada,Turismo activada,Deportes activada,Entretenimiento desactivada,HQC activada,Visualizador restriccion uso lena activada,Ambientes abiertos activada,Ambientes cerrados desactivada,Optimizacion de rutas desactivada,Entretenimiento adulto desactivada,Entretenimiento familiar desactivada,Entretenimiento tercera edad desactivada,Backend activada,Algoritmo activada,Qiskit Simulator desactivada,SpinQ Simulator activada,TQL Simulator desactivada,QAOA activada,VQE desactivada,331
Visualizador calidad de aire activada,Turismo activada,Deportes activada,Entretenimiento desactivada,HQC activada,Visualizador restriccion uso lena activada,Ambientes abiertos activada,Ambientes cerrados desactivada,Optimizacion de rutas desactivada,Entretenimiento adulto desactivada,Entretenimiento familiar desactivada,Entretenimiento tercera edad desactivada,Backend activada,Algoritmo activada,Qiskit Simulator desactivada,SpinQ Simulator activada,TQL Simulator desactivada,QAOA desactivada,VQE activada,324
Visualizador calidad de aire activada,Turismo activada,Deportes activada,Entretenimiento desactivada,HQC activada,Visualizador restriccion uso lena activada,Ambientes abiertos activada,Ambientes cerrados desactivada,Optimizacion de rutas desactivada,Entretenimiento adulto desactivada,Entretenimiento familiar desactivada,Entretenimiento tercera edad desactivada,Backend activada,Algoritmo activada,Qiskit Simulator desactivada,SpinQ Simulator desactivada,TQL Simulator activada,QAOA activada,VQE desactivada,300
Visualizador calidad de aire activada,Turismo activada,Deportes activada,Entretenimiento desactivada,HQC activada,Visualizador restriccion uso lena activada,Ambientes abiertos activada,Ambientes cerrados desactivada,Optimizacion de rutas desactivada,Entretenimiento adulto desactivada,Entretenimiento familiar desactivada,Entretenimiento tercera edad desactivada,Backend activada,Algoritmo activada,Qiskit Simulator desactivada,SpinQ Simulator desactivada,TQL Simulator activada,QAOA desactivada,VQE activada,334
Visualizador calidad de aire activada,Turismo activada,Deportes activada,Entretenimiento desactivada,HQC activada,Visualizador restriccion uso lena desactivada,Ambientes abiertos activada,Ambientes cerrados desactivada,Optimizacion de rutas activada,Entretenimiento adulto desactivada,Entretenimiento familiar desactivada,Entretenimiento tercera edad desactivada,Backend activada,Algoritmo activada,Qiskit Simulator activada,SpinQ Simulator desactivada,TQL Simulator desactivada,QAOA activada,VQE desactivada,313
Visualizador calidad de aire activada,Turismo activada,Deportes activada,Entretenimiento desactivada,HQC activada,Visualizador restriccion uso lena desactivada,Ambientes abiertos activada,Ambientes cerrados desactivada,Optimizacion de rutas activada,Entretenimiento adulto desactivada,Entretenimiento familiar desactivada,Entretenimiento tercera edad desactivada,Backend activada,Algoritmo activada,Qiskit Simulator activada,SpinQ Simulator desactivada,TQL Simulator desactivada,QAOA desactivada,VQE activada,309
Visualizador calidad de aire activada,Turismo activada,Deportes activada,Entretenimiento desactivada,HQC activada,Visualizador restriccion uso lena desactivada,Ambientes abiertos activada,Ambientes cerrados desactivada,Optimizacion de rutas activada,Entretenimiento adulto desactivada,Entretenimiento familiar desactivada,Entretenimiento tercera edad desactivada,Backend activada,Algoritmo activada,Qiskit Simulator desactivada,SpinQ Simulator activada,TQL Simulator desactivada,QAOA activada,VQE desactivada,342
Visualizador calidad de aire activada,Turismo activada,Deportes activada,Entretenimiento desactivada,HQC activada,Visualizador restriccion uso lena desactivada,Ambientes abiertos activada,Ambientes cerrados desactivada,Optimizacion de rutas activada,Entretenimiento adulto desactivada,Entretenimiento familiar desactivada,Entretenimiento tercera edad desactivada,Backend activada,Algoritmo activada,Qiskit Simulator desactivada,SpinQ Simulator activada,TQL Simulator desactivada,QAOA desactivada,VQE activada,344
Visualizador calidad de aire activada,Turismo activada,Deportes activada,Entretenimiento desactivada,HQC activada,Visualizador restriccion uso lena desactivada,Ambientes abiertos activada,Ambientes cerrados desactivada,Optimizacion de rutas activada,Entretenimiento adulto desactivada,Entretenimiento familiar desactivada,Entretenimiento tercera edad desactivada,Backend activada,Algoritmo activada,Qiskit Simulator desactivada,SpinQ Simulator desactivada,TQL Simulator activada,QAOA activada,VQE desactivada,317
Visualizador calidad de aire activada,Turismo activada,Deportes activada,Entretenimiento desactivada,HQC activada,Visualizador restriccion uso lena desactivada,Ambientes abiertos activada,Ambientes cerrados desactivada,Optimizacion de rutas activada,Entretenimiento adulto desactivada,Entretenimiento familiar desactivada,Entretenimiento tercera edad desactivada,Backend activada,Algoritmo activada,Qiskit Simulator desactivada,SpinQ Simulator desactivada,TQL Simulator activada,QAOA desactivada,VQE activada,322
Visualizador calidad de aire activada,Turismo activada,Deportes activada,Entretenimiento desactivada,HQC activada,Visualizador restriccion uso lena desactivada,Ambientes abiertos activada,Ambientes cerrados desactivada,Optimizacion de rutas desactivada,Entretenimiento adulto desactivada,Entretenimiento familiar desactivada,Entretenimiento tercera edad desactivada,Backend activada,Algoritmo activada,Qiskit Simulator activada,SpinQ Simulator desactivada,TQL Simulator desactivada,QAOA activada,VQE desactivada,345
Visualizador calidad de aire activada,Turismo activada,Deportes activada,Entretenimiento desactivada,HQC activada,Visualizador restriccion uso lena desactivada,Ambientes abiertos activada,Ambientes cerrados desactivada,Optimizacion de rutas desactivada,Entretenimiento adulto desactivada,Entretenimiento familiar desactivada,Entretenimiento tercera edad desactivada,Backend activada,Algoritmo activada,Qiskit Simulator activada,SpinQ Simulator desactivada,TQL Simulator desactivada,QAOA desactivada,VQE activada,303
Visualizador calidad de aire activada,Turismo activada,Deportes activada,Entretenimiento desactivada,HQC activada,Visualizador restriccion uso lena desactivada,Ambientes abiertos activada,Ambientes cerrados desactivada,Optimizacion de rutas desactivada,Entretenimiento adulto desactivada,Entretenimiento familiar desactivada,Entretenimiento tercera edad desactivada,Backend activada,Algoritmo activada,Qiskit Simulator desactivada,SpinQ Simulator activada,TQL Simulator desactivada,QAOA activada,VQE desactivada,315
Visualizador calidad de aire activada,Turismo activada,Deportes activada,Entretenimiento desactivada,HQC activada,Visualizador restriccion uso lena desactivada,Ambientes abiertos activada,Ambientes cerrados desactivada,Optimizacion de rutas desactivada,Entretenimiento adulto desactivada,Entretenimiento familiar desactivada,Entretenimiento tercera edad desactivada,Backend activada,Algoritmo activada,Qiskit Simulator desactivada,SpinQ Simulator activada,TQL Simulator desactivada,QAOA desactivada,VQE activada,302
Visualizador calidad de aire activada,Turismo activada,Deportes activada,Entretenimiento desactivada,HQC activada,Visualizador restriccion uso lena desactivada,Ambientes abiertos activada,Ambientes cerrados desactivada,Optimizacion de rutas desactivada,Entretenimiento adulto desactivada,Entretenimiento familiar desactivada,Entretenimiento tercera edad desactivada,Backend activada,Algoritmo activada,Qiskit Simulator desactivada,SpinQ Simulator desactivada,TQL Simulator activada,QAOA activada,VQE desactivada,331
Visualizador calidad de aire activada,Turismo activada,Deportes activada,Entretenimiento desactivada,HQC activada,Visualizador restriccion uso lena desactivada,Ambientes abiertos activada,Ambientes cerrados desactivada,Optimizacion de rutas desactivada,Entretenimiento adulto desactivada,Entretenimiento familiar desactivada,Entretenimiento tercera edad desactivada,Backend activada,Algoritmo activada,Qiskit Simulator desactivada,SpinQ Simulator desactivada,TQL Simulator activada,QAOA desactivada,VQE activada,303
Visualizador calidad de aire activada,Turismo activada,Deportes activada,Entretenimiento desactivada,HQC desactivada,Visualizador restriccion uso lena activada,Ambientes abiertos desactivada,Ambientes cerrados activada,Optimizacion de rutas desactivada,Entretenimiento adulto desactivada,Entretenimiento familiar desactivada,Entretenimiento tercera edad desactivada,Backend desactivada,Algoritmo desactivada,Qiskit Simulator desactivada,SpinQ Simulator desactivada,TQL Simulator desactivada,QAOA desactivada,VQE desactivada,215
Visualizador calidad de aire activada,Turismo activada,Deportes activada,Entretenimiento desactivada,HQC desactivada,Visualizador restriccion uso lena activada,Ambientes abiertos activada,Ambientes cerrados desactivada,Optimizacion de rutas desactivada,Entretenimiento adulto desactivada,Entretenimiento familiar desactivada,Entretenimiento tercera edad desactivada,Backend desactivada,Algoritmo desactivada,Qiskit Simulator desactivada,SpinQ Simulator desactivada,TQL Simulator desactivada,QAOA desactivada,VQE desactivada,172
Visualizador calidad de aire activada,Turismo activada,Deportes activada,Entretenimiento desactivada,HQC desactivada,Visualizador restriccion uso lena desactivada,Ambientes abiertos activada,Ambientes cerrados desactivada,Optimizacion de rutas desactivada,Entretenimiento adulto desactivada,Entretenimiento familiar desactivada,Entretenimiento tercera edad desactivada,Backend desactivada,Algoritmo desactivada,Qiskit Simulator desactivada,SpinQ Simulator desactivada,TQL Simulator desactivada,QAOA desactivada,VQE desactivada,128
Visualizador calidad de aire activada,Turismo activada,Deportes desactivada,Entretenimiento activada,HQC activada,Visualizador restriccion uso lena activada,Ambientes abiertos desactivada,Ambientes cerrados activada,Optimizacion de rutas activada,Entretenimiento adulto activada,Entretenimiento familiar activada,Entretenimiento tercera edad activada,Backend activada,Algoritmo activada,Qiskit Simulator activada,SpinQ Simulator desactivada,TQL Simulator desactivada,QAOA activada,VQE desactivada,316
Visualizador calidad de aire activada,Turismo activada,Deportes desactivada,Entretenimiento activada,HQC activada,Visualizador restriccion uso lena activada,Ambientes abiertos desactivada,Ambientes cerrados activada,Optimizacion de rutas activada,Entretenimiento adulto activada,Entretenimiento familiar activada,Entretenimiento tercera edad activada,Backend activada,Algoritmo activada,Qiskit Simulator activada,SpinQ Simulator desactivada,TQL Simulator desactivada,QAOA desactivada,VQE activada,319
Visualizador calidad de aire activada,Turismo activada,Deportes desactivada,Entretenimiento activada,HQC activada,Visualizador restriccion uso lena activada,Ambientes abiertos desactivada,Ambientes cerrados activada,Optimizacion de rutas activada,Entretenimiento adulto activada,Entretenimiento familiar activada,Entretenimiento tercera edad activada,Backend activada,Algoritmo activada,Qiskit Simulator desactivada,SpinQ Simulator activada,TQL Simulator desactivada,QAOA activada,VQE desactivada,346
Visualizador calidad de aire activada,Turismo activada,Deportes desactivada,Entretenimiento activada,HQC activada,Visualizador restriccion uso lena activada,Ambientes abiertos desactivada,Ambientes cerrados activada,Optimizacion de rutas activada,Entretenimiento adulto activada,Entretenimiento familiar activada,Entretenimiento tercera edad activada,Backend activada,Algoritmo activada,Qiskit Simulator desactivada,SpinQ Simulator activada,TQL Simulator desactivada,QAOA desactivada,VQE activada,319
Visualizador calidad de aire activada,Turismo activada,Deportes desactivada,Entretenimiento activada,HQC activada,Visualizador restriccion uso lena activada,Ambientes abiertos desactivada,Ambientes cerrados activada,Optimizacion de rutas activada,Entretenimiento adulto activada,Entretenimiento familiar activada,Entretenimiento tercera edad activada,Backend activada,Algoritmo activada,Qiskit Simulator desactivada,SpinQ Simulator desactivada,TQL Simulator activada,QAOA activada,VQE desactivada,322
Visualizador calidad de aire activada,Turismo activada,Deportes desactivada,Entretenimiento activada,HQC activada,Visualizador restriccion uso lena activada,Ambientes abiertos desactivada,Ambientes cerrados activada,Optimizacion de rutas activada,Entretenimiento adulto activada,Entretenimiento familiar activada,Entretenimiento tercera edad activada,Backend activada,Algoritmo activada,Qiskit Simulator desactivada,SpinQ Simulator desactivada,TQL Simulator activada,QAOA desactivada,VQE activada,315
Visualizador calidad de aire activada,Turismo activada,Deportes desactivada,Entretenimiento activada,HQC activada,Visualizador restriccion uso lena activada,Ambientes abiertos desactivada,Ambientes cerrados activada,Optimizacion de rutas activada,Entretenimiento adulto activada,Entretenimiento familiar activada,Entretenimiento tercera edad desactivada,Backend activada,Algoritmo activada,Qiskit Simulator activada,SpinQ Simulator desactivada,TQL Simulator desactivada,QAOA activada,VQE desactivada,341
Visualizador calidad de aire activada,Turismo activada,Deportes desactivada,Entretenimiento activada,HQC activada,Visualizador restriccion uso lena activada,Ambientes abiertos desactivada,Ambientes cerrados activada,Optimizacion de rutas activada,Entretenimiento adulto activada,Entretenimiento familiar activada,Entretenimiento tercera edad desactivada,Backend activada,Algoritmo activada,Qiskit Simulator activada,SpinQ Simulator desactivada,TQL Simulator desactivada,QAOA desactivada,VQE activada,309
Visualizador calidad de aire activada,Turismo activada,Deportes desactivada,Entretenimiento activada,HQC activada,Visualizador restriccion uso lena activada,Ambientes abiertos desactivada,Ambientes cerrados activada,Optimizacion de rutas activada,Entretenimiento adulto activada,Entretenimiento familiar activada,Entretenimiento tercera edad desactivada,Backend activada,Algoritmo activada,Qiskit Simulator desactivada,SpinQ Simulator activada,TQL Simulator desactivada,QAOA activada,VQE desactivada,346
Visualizador calidad de aire activada,Turismo activada,Deportes desactivada,Entretenimiento activada,HQC activada,Visualizador restriccion uso lena activada,Ambientes abiertos desactivada,Ambientes cerrados activada,Optimizacion de rutas activada,Entretenimiento adulto activada,Entretenimiento familiar activada,Entretenimiento tercera edad desactivada,Backend activada,Algoritmo activada,Qiskit Simulator desactivada,SpinQ Simulator activada,TQL Simulator desactivada,QAOA desactivada,VQE activada,306
Visualizador calidad de aire activada,Turismo activada,Deportes desactivada,Entretenimiento activada,HQC activada,Visualizador restriccion uso lena activada,Ambientes abiertos desactivada,Ambientes cerrados activada,Optimizacion de rutas activada,Entretenimiento adulto activada,Entretenimiento familiar activada,Entretenimiento tercera edad desactivada,Backend activada,Algoritmo activada,Qiskit Simulator desactivada,SpinQ Simulator desactivada,TQL Simulator activada,QAOA activada,VQE desactivada,321
Visualizador calidad de aire activada,Turismo activada,Deportes desactivada,Entretenimiento activada,HQC activada,Visualizador restriccion uso lena activada,Ambientes abiertos desactivada,Ambientes cerrados activada,Optimizacion de rutas activada,Entretenimiento adulto activada,Entretenimiento familiar activada,Entretenimiento tercera edad desactivada,Backend activada,Algoritmo activada,Qiskit Simulator desactivada,SpinQ Simulator desactivada,TQL Simulator activada,QAOA desactivada,VQE activada,350
Visualizador calidad de aire activada,Turismo activada,Deportes desactivada,Entretenimiento activada,HQC activada,Visualizador restriccion uso lena activada,Ambientes abiertos desactivada,Ambientes cerrados activada,Optimizacion de rutas activada,Entretenimiento adulto desactivada,Entretenimiento familiar activada,Entretenimiento tercera edad activada,Backend activada,Algoritmo activada,Qiskit Simulator activada,SpinQ Simulator desactivada,TQL Simulator desactivada,QAOA activada,VQE desactivada,343
Visualizador calidad de aire activada,Turismo activada,Deportes desactivada,Entretenimiento activada,HQC activada,Visualizador restriccion uso lena activada,Ambientes abiertos desactivada,Ambientes cerrados activada,Optimizacion de rutas activada,Entretenimiento adulto desactivada,Entretenimiento familiar activada,Entretenimiento tercera edad activada,Backend activada,Algoritmo activada,Qiskit Simulator activada,SpinQ Simulator desactivada,TQL Simulator desactivada,QAOA desactivada,VQE activada,337
Visualizador calidad de aire activada,Turismo activada,Deportes desactivada,Entretenimiento activada,HQC activada,Visualizador restriccion uso lena activada,Ambientes abiertos desactivada,Ambientes cerrados activada,Optimizacion de rutas activada,Entretenimiento adulto desactivada,Entretenimiento familiar activada,Entretenimiento tercera edad activada,Backend activada,Algoritmo activada,Qiskit Simulator desactivada,SpinQ Simulator activada,TQL Simulator desactivada,QAOA activada,VQE desactivada,324
Visualizador calidad de aire activada,Turismo activada,Deportes desactivada,Entretenimiento activada,HQC activada,Visualizador restriccion uso lena activada,Ambientes abiertos desactivada,Ambientes cerrados activada,Optimizacion de rutas activada,Entretenimiento adulto desactivada,Entretenimiento familiar activada,Entretenimiento tercera edad activada,Backend activada,Algoritmo activada,Qiskit Simulator desactivada,SpinQ Simulator activada,TQL Simulator desactivada,QAOA desactivada,VQE activada,327
Visualizador calidad de aire activada,Turismo activada,Deportes desactivada,Entretenimiento activada,HQC activada,Visualizador restriccion uso lena activada,Ambientes abiertos desactivada,Ambientes cerrados activada,Optimizacion de rutas activada,Entretenimiento adulto desactivada,Entretenimiento familiar activada,Entretenimiento tercera edad activada,Backend activada,Algoritmo activada,Qiskit Simulator desactivada,SpinQ Simulator desactivada,TQL Simulator activada,QAOA activada,VQE desactivada,322
Visualizador calidad de aire activada,Turismo activada,Deportes desactivada,Entretenimiento activada,HQC activada,Visualizador restriccion uso lena activada,Ambientes abiertos desactivada,Ambientes cerrados activada,Optimizacion de rutas activada,Entretenimiento adulto desactivada,Entretenimiento familiar activada,Entretenimiento tercera edad activada,Backend activada,Algoritmo activada,Qiskit Simulator desactivada,SpinQ Simulator desactivada,TQL Simulator activada,QAOA desactivada,VQE activada,323
Visualizador calidad de aire activada,Turismo activada,Deportes desactivada,Entretenimiento activada,HQC activada,Visualizador restriccion uso lena activada,Ambientes abiertos desactivada,Ambientes cerrados activada,Optimizacion de rutas activada,Entretenimiento adulto desactivada,Entretenimiento familiar activada,Entretenimiento tercera edad desactivada,Backend activada,Algoritmo activada,Qiskit Simulator activada,SpinQ Simulator desactivada,TQL Simulator desactivada,QAOA activada,VQE desactivada,345
Visualizador calidad de aire activada,Turismo activada,Deportes desactivada,Entretenimiento activada,HQC activada,Visualizador restriccion uso lena activada,Ambientes abiertos desactivada,Ambientes cerrados activada,Optimizacion de rutas activada,Entretenimiento adulto desactivada,Entretenimiento familiar activada,Entretenimiento tercera edad desactivada,Backend activada,Algoritmo activada,Qiskit Simulator activada,SpinQ Simulator desactivada,TQL Simulator desactivada,QAOA desactivada,VQE activada,323
Visualizador calidad de aire activada,Turismo activada,Deportes desactivada,Entretenimiento activada,HQC activada,Visualizador restriccion uso lena activada,Ambientes abiertos desactivada,Ambientes cerrados activada,Optimizacion de rutas activada,Entretenimiento adulto desactivada,Entretenimiento familiar activada,Entretenimiento tercera edad desactivada,Backend activada,Algoritmo activada,Qiskit Simulator desactivada,SpinQ Simulator activada,TQL Simulator desactivada,QAOA activada,VQE desactivada,309
Visualizador calidad de aire activada,Turismo activada,Deportes desactivada,Entretenimiento activada,HQC activada,Visualizador restriccion uso lena activada,Ambientes abiertos desactivada,Ambientes cerrados activada,Optimizacion de rutas activada,Entretenimiento adulto desactivada,Entretenimiento familiar activada,Entretenimiento tercera edad desactivada,Backend activada,Algoritmo activada,Qiskit Simulator desactivada,SpinQ Simulator activada,TQL Simulator desactivada,QAOA desactivada,VQE activada,327
Visualizador calidad de aire activada,Turismo activada,Deportes desactivada,Entretenimiento activada,HQC activada,Visualizador restriccion uso lena activada,Ambientes abiertos desactivada,Ambientes cerrados activada,Optimizacion de rutas activada,Entretenimiento adulto desactivada,Entretenimiento familiar activada,Entretenimiento tercera edad desactivada,Backend activada,Algoritmo activada,Qiskit Simulator desactivada,SpinQ Simulator desactivada,TQL Simulator activada,QAOA activada,VQE desactivada,316
Visualizador calidad de aire activada,Turismo activada,Deportes desactivada,Entretenimiento activada,HQC activada,Visualizador restriccion uso lena activada,Ambientes abiertos desactivada,Ambientes cerrados activada,Optimizacion de rutas activada,Entretenimiento adulto desactivada,Entretenimiento familiar activada,Entretenimiento tercera edad desactivada,Backend activada,Algoritmo activada,Qiskit Simulator desactivada,SpinQ Simulator desactivada,TQL Simulator activada,QAOA desactivada,VQE activada,315
Visualizador calidad de aire activada,Turismo activada,Deportes desactivada,Entretenimiento activada,HQC activada,Visualizador restriccion uso lena activada,Ambientes abiertos desactivada,Ambientes cerrados activada,Optimizacion de rutas activada,Entretenimiento adulto activada,Entretenimiento familiar desactivada,Entretenimiento tercera edad activada,Backend activada,Algoritmo activada,Qiskit Simulator activada,SpinQ Simulator desactivada,TQL Simulator desactivada,QAOA activada,VQE desactivada,319
Visualizador calidad de aire activada,Turismo activada,Deportes desactivada,Entretenimiento activada,HQC activada,Visualizador restriccion uso lena activada,Ambientes abiertos desactivada,Ambientes cerrados activada,Optimizacion de rutas activada,Entretenimiento adulto activada,Entretenimiento familiar desactivada,Entretenimiento tercera edad activada,Backend activada,Algoritmo activada,Qiskit Simulator activada,SpinQ Simulator desactivada,TQL Simulator desactivada,QAOA desactivada,VQE activada,325
Visualizador calidad de aire activada,Turismo activada,Deportes desactivada,Entretenimiento activada,HQC activada,Visualizador restriccion uso lena activada,Ambientes abiertos desactivada,Ambientes cerrados activada,Optimizacion de rutas activada,Entretenimiento adulto activada,Entretenimiento familiar desactivada,Entretenimiento tercera edad activada,Backend activada,Algoritmo activada,Qiskit Simulator desactivada,SpinQ Simulator activada,TQL Simulator desactivada,QAOA activada,VQE desactivada,311
Visualizador calidad de aire activada,Turismo activada,Deportes desactivada,Entretenimiento activada,HQC activada,Visualizador restriccion uso lena activada,Ambientes abiertos desactivada,Ambientes cerrados activada,Optimizacion de rutas activada,Entretenimiento adulto activada,Entretenimiento familiar desactivada,Entretenimiento tercera edad activada,Backend activada,Algoritmo activada,Qiskit Simulator desactivada,SpinQ Simulator activada,TQL Simulator desactivada,QAOA desactivada,VQE activada,305
Visualizador calidad de aire activada,Turismo activada,Deportes desactivada,Entretenimiento activada,HQC activada,Visualizador restriccion uso lena activada,Ambientes abiertos desactivada,Ambientes cerrados activada,Optimizacion de rutas activada,Entretenimiento adulto activada,Entretenimiento familiar desactivada,Entretenimiento tercera edad activada,Backend activada,Algoritmo activada,Qiskit Simulator desactivada,SpinQ Simulator desactivada,TQL Simulator activada,QAOA activada,VQE desactivada,338
Visualizador calidad de aire activada,Turismo activada,Deportes desactivada,Entretenimiento activada,HQC activada,Visualizador restriccion uso lena activada,Ambientes abiertos desactivada,Ambientes cerrados activada,Optimizacion de rutas activada,Entretenimiento adulto activada,Entretenimiento familiar desactivada,Entretenimiento tercera edad activada,Backend activada,Algoritmo activada,Qiskit Simulator desactivada,SpinQ Simulator desactivada,TQL Simulator activada,QAOA desactivada,VQE activada,342
Visualizador calidad de aire activada,Turismo activada,Deportes desactivada,Entretenimiento activada,HQC activada,Visualizador restriccion uso lena activada,Ambientes abiertos desactivada,Ambientes cerrados activada,Optimizacion de rutas activada,Entretenimiento adulto activada,Entretenimiento familiar desactivada,Entretenimiento tercera edad desactivada,Backend activada,Algoritmo activada,Qiskit Simulator activada,SpinQ Simulator desactivada,TQL Simulator desactivada,QAOA activada,VQE desactivada,333
Visualizador calidad de aire activada,Turismo activada,Deportes desactivada,Entretenimiento activada,HQC activada,Visualizador restriccion uso lena activada,Ambientes abiertos desactivada,Ambientes cerrados activada,Optimizacion de rutas activada,Entretenimiento adulto activada,Entretenimiento familiar desactivada,Entretenimiento tercera edad desactivada,Backend activada,Algoritmo activada,Qiskit Simulator activada,SpinQ Simulator desactivada,TQL Simulator desactivada,QAOA desactivada,VQE activada,323
Visualizador calidad de aire activada,Turismo activada,Deportes desactivada,Entretenimiento activada,HQC activada,Visualizador restriccion uso lena activada,Ambientes abiertos desactivada,Ambientes cerrados activada,Optimizacion de rutas activada,Entretenimiento adulto activada,Entretenimiento familiar desactivada,Entretenimiento tercera edad desactivada,Backend activada,Algoritmo activada,Qiskit Simulator desactivada,SpinQ Simulator activada,TQL Simulator desactivada,QAOA activada,VQE desactivada,307
Visualizador calidad de aire activada,Turismo activada,Deportes desactivada,Entretenimiento activada,HQC activada,Visualizador restriccion uso lena activada,Ambientes abiertos desactivada,Ambientes cerrados activada,Optimizacion de rutas activada,Entretenimiento adulto activada,Entretenimiento familiar desactivada,Entretenimiento tercera edad desactivada,Backend activada,Algoritmo activada,Qiskit Simulator desactivada,SpinQ Simulator activada,TQL Simulator desactivada,QAOA desactivada,VQE activada,329
Visualizador calidad de aire activada,Turismo activada,Deportes desactivada,Entretenimiento activada,HQC activada,Visualizador restriccion uso lena activada,Ambientes abiertos desactivada,Ambientes cerrados activada,Optimizacion de rutas activada,Entretenimiento adulto activada,Entretenimiento familiar desactivada,Entretenimiento tercera edad desactivada,Backend activada,Algoritmo activada,Qiskit Simulator desactivada,SpinQ Simulator desactivada,TQL Simulator activada,QAOA activada,VQE desactivada,340
Visualizador calidad de aire activada,Turismo activada,Deportes desactivada,Entretenimiento activada,HQC activada,Visualizador restriccion uso lena activada,Ambientes abiertos desactivada,Ambientes cerrados activada,Optimizacion de rutas activada,Entretenimiento adulto activada,Entretenimiento familiar desactivada,Entretenimiento tercera edad desactivada,Backend activada,Algoritmo activada,Qiskit Simulator desactivada,SpinQ Simulator desactivada,TQL Simulator activada,QAOA desactivada,VQE activada,312
Visualizador calidad de aire activada,Turismo activada,Deportes desactivada,Entretenimiento activada,HQC activada,Visualizador restriccion uso lena activada,Ambientes abiertos desactivada,Ambientes cerrados activada,Optimizacion de rutas activada,Entretenimiento adulto desactivada,Entretenimiento familiar desactivada,Entretenimiento tercera edad activada,Backend activada,Algoritmo activada,Qiskit Simulator activada,SpinQ Simulator desactivada,TQL Simulator desactivada,QAOA activada,VQE desactivada,307
Visualizador calidad de aire activada,Turismo activada,Deportes desactivada,Entretenimiento activada,HQC activada,Visualizador restriccion uso lena activada,Ambientes abiertos desactivada,Ambientes cerrados activada,Optimizacion de rutas activada,Entretenimiento adulto desactivada,Entretenimiento familiar desactivada,Entretenimiento tercera edad activada,Backend activada,Algoritmo activada,Qiskit Simulator activada,SpinQ Simulator desactivada,TQL Simulator desactivada,QAOA desactivada,VQE activada,308
Visualizador calidad de aire activada,Turismo activada,Deportes desactivada,Entretenimiento activada,HQC activada,Visualizador restriccion uso lena activada,Ambientes abiertos desactivada,Ambientes cerrados activada,Optimizacion de rutas activada,Entretenimiento adulto desactivada,Entretenimiento familiar desactivada,Entretenimiento tercera edad activada,Backend activada,Algoritmo activada,Qiskit Simulator desactivada,SpinQ Simulator activada,TQL Simulator desactivada,QAOA activada,VQE desactivada,300
Visualizador calidad de aire activada,Turismo activada,Deportes desactivada,Entretenimiento activada,HQC activada,Visualizador restriccion uso lena activada,Ambientes abiertos desactivada,Ambientes cerrados activada,Optimizacion de rutas activada,Entretenimiento adulto desactivada,Entretenimiento familiar desactivada,Entretenimiento tercera edad activada,Backend activada,Algoritmo activada,Qiskit Simulator desactivada,SpinQ Simulator activada,TQL Simulator desactivada,QAOA desactivada,VQE activada,306
Visualizador calidad de aire activada,Turismo activada,Deportes desactivada,Entretenimiento activada,HQC activada,Visualizador restriccion uso lena activada,Ambientes abiertos desactivada,Ambientes cerrados activada,Optimizacion de rutas activada,Entretenimiento adulto desactivada,Entretenimiento familiar desactivada,Entretenimiento tercera edad activada,Backend activada,Algoritmo activada,Qiskit Simulator desactivada,SpinQ Simulator desactivada,TQL Simulator activada,QAOA activada,VQE desactivada,327
Visualizador calidad de aire activada,Turismo activada,Deportes desactivada,Entretenimiento activada,HQC activada,Visualizador restriccion uso lena activada,Ambientes abiertos desactivada,Ambientes cerrados activada,Optimizacion de rutas activada,Entretenimiento adulto desactivada,Entretenimiento familiar desactivada,Entretenimiento tercera edad activada,Backend activada,Algoritmo activada,Qiskit Simulator desactivada,SpinQ Simulator desactivada,TQL Simulator activada,QAOA desactivada,VQE activada,308
Visualizador calidad de aire activada,Turismo activada,Deportes desactivada,Entretenimiento activada,HQC activada,Visualizador restriccion uso lena activada,Ambientes abiertos desactivada,Ambientes cerrados activada,Optimizacion de rutas desactivada,Entretenimiento adulto activada,Entretenimiento familiar activada,Entretenimiento tercera edad activada,Backend activada,Algoritmo activada,Qiskit Simulator activada,SpinQ Simulator desactivada,TQL Simulator desactivada,QAOA activada,VQE desactivada,348
Visualizador calidad de aire activada,Turismo activada,Deportes desactivada,Entretenimiento activada,HQC activada,Visualizador restriccion uso lena activada,Ambientes abiertos desactivada,Ambientes cerrados activada,Optimizacion de rutas desactivada,Entretenimiento adulto activada,Entretenimiento familiar activada,Entretenimiento tercera edad activada,Backend activada,Algoritmo activada,Qiskit Simulator activada,SpinQ Simulator desactivada,TQL Simulator desactivada,QAOA desactivada,VQE activada,349
Visualizador calidad de aire activada,Turismo activada,Deportes desactivada,Entretenimiento activada,HQC activada,Visualizador restriccion uso lena activada,Ambientes abiertos desactivada,Ambientes cerrados activada,Optimizacion de rutas desactivada,Entretenimiento adulto activada,Entretenimiento familiar activada,Entretenimiento tercera edad activada,Backend activada,Algoritmo activada,Qiskit Simulator desactivada,SpinQ Simulator activada,TQL Simulator desactivada,QAOA activada,VQE desactivada,322
Visualizador calidad de aire activada,Turismo activada,Deportes desactivada,Entretenimiento activada,HQC activada,Visualizador restriccion uso lena activada,Ambientes abiertos desactivada,Ambientes cerrados activada,Optimizacion de rutas desactivada,Entretenimiento adulto activada,Entretenimiento familiar activada,Entretenimiento tercera edad activada,Backend activada,Algoritmo activada,Qiskit Simulator desactivada,SpinQ Simulator activada,TQL Simulator desactivada,QAOA desactivada,VQE activada,313
Visualizador calidad de aire activada,Turismo activada,Deportes desactivada,Entretenimiento activada,HQC activada,Visualizador restriccion uso lena activada,Ambientes abiertos desactivada,Ambientes cerrados activada,Optimizacion de rutas desactivada,Entretenimiento adulto activada,Entretenimiento familiar activada,Entretenimiento tercera edad activada,Backend activada,Algoritmo activada,Qiskit Simulator desactivada,SpinQ Simulator desactivada,TQL Simulator activada,QAOA activada,VQE desactivada,348
Visualizador calidad de aire activada,Turismo activada,Deportes desactivada,Entretenimiento activada,HQC activada,Visualizador restriccion uso lena activada,Ambientes abiertos desactivada,Ambientes cerrados activada,Optimizacion de rutas desactivada,Entretenimiento adulto activada,Entretenimiento familiar activada,Entretenimiento tercera edad activada,Backend activada,Algoritmo activada,Qiskit Simulator desactivada,SpinQ Simulator desactivada,TQL Simulator activada,QAOA desactivada,VQE activada,340
Visualizador calidad de aire activada,Turismo activada,Deportes desactivada,Entretenimiento activada,HQC activada,Visualizador restriccion uso lena activada,Ambientes abiertos desactivada,Ambientes cerrados activada,Optimizacion de rutas desactivada,Entretenimiento adulto activada,Entretenimiento familiar activada,Entretenimiento tercera edad desactivada,Backend activada,Algoritmo activada,Qiskit Simulator activada,SpinQ Simulator desactivada,TQL Simulator desactivada,QAOA activada,VQE desactivada,329
Visualizador calidad de aire activada,Turismo activada,Deportes desactivada,Entretenimiento activada,HQC activada,Visualizador restriccion uso lena activada,Ambientes abiertos desactivada,Ambientes cerrados activada,Optimizacion de rutas desactivada,Entretenimiento adulto activada,Entretenimiento familiar activada,Entretenimiento tercera edad desactivada,Backend activada,Algoritmo activada,Qiskit Simulator activada,SpinQ Simulator desactivada,TQL Simulator desactivada,QAOA desactivada,VQE activada,321
Visualizador calidad de aire activada,Turismo activada,Deportes desactivada,Entretenimiento activada,HQC activada,Visualizador restriccion uso lena activada,Ambientes abiertos desactivada,Ambientes cerrados activada,Optimizacion de rutas desactivada,Entretenimiento adulto activada,Entretenimiento familiar activada,Entretenimiento tercera edad desactivada,Backend activada,Algoritmo activada,Qiskit Simulator desactivada,SpinQ Simulator activada,TQL Simulator desactivada,QAOA activada,VQE desactivada,346
Visualizador calidad de aire activada,Turismo activada,Deportes desactivada,Entretenimiento activada,HQC activada,Visualizador restriccion uso lena activada,Ambientes abiertos desactivada,Ambientes cerrados activada,Optimizacion de rutas desactivada,Entretenimiento adulto activada,Entretenimiento familiar activada,Entretenimiento tercera edad desactivada,Backend activada,Algoritmo activada,Qiskit Simulator desactivada,SpinQ Simulator activada,TQL Simulator desactivada,QAOA desactivada,VQE activada,317
Visualizador calidad de aire activada,Turismo activada,Deportes desactivada,Entretenimiento activada,HQC activada,Visualizador restriccion uso lena activada,Ambientes abiertos desactivada,Ambientes cerrados activada,Optimizacion de rutas desactivada,Entretenimiento adulto activada,Entretenimiento familiar activada,Entretenimiento tercera edad desactivada,Backend activada,Algoritmo activada,Qiskit Simulator desactivada,SpinQ Simulator desactivada,TQL Simulator activada,QAOA activada,VQE desactivada,345
Visualizador calidad de aire activada,Turismo activada,Deportes desactivada,Entretenimiento activada,HQC activada,Visualizador restriccion uso lena activada,Ambientes abiertos desactivada,Ambientes cerrados activada,Optimizacion de rutas desactivada,Entretenimiento adulto activada,Entretenimiento familiar activada,Entretenimiento tercera edad desactivada,Backend activada,Algoritmo activada,Qiskit Simulator desactivada,SpinQ Simulator desactivada,TQL Simulator activada,QAOA desactivada,VQE activada,314
Visualizador calidad de aire activada,Turismo activada,Deportes desactivada,Entretenimiento activada,HQC activada,Visualizador restriccion uso lena activada,Ambientes abiertos desactivada,Ambientes cerrados activada,Optimizacion de rutas desactivada,Entretenimiento adulto desactivada,Entretenimiento familiar activada,Entretenimiento tercera edad activada,Backend activada,Algoritmo activada,Qiskit Simulator activada,SpinQ Simulator desactivada,TQL Simulator desactivada,QAOA activada,VQE desactivada,300
Visualizador calidad de aire activada,Turismo activada,Deportes desactivada,Entretenimiento activada,HQC activada,Visualizador restriccion uso lena activada,Ambientes abiertos desactivada,Ambientes cerrados activada,Optimizacion de rutas desactivada,Entretenimiento adulto desactivada,Entretenimiento familiar activada,Entretenimiento tercera edad activada,Backend activada,Algoritmo activada,Qiskit Simulator activada,SpinQ Simulator desactivada,TQL Simulator desactivada,QAOA desactivada,VQE activada,336
Visualizador calidad de aire activada,Turismo activada,Deportes desactivada,Entretenimiento activada,HQC activada,Visualizador restriccion uso lena activada,Ambientes abiertos desactivada,Ambientes cerrados activada,Optimizacion de rutas desactivada,Entretenimiento adulto desactivada,Entretenimiento familiar activada,Entretenimiento tercera edad activada,Backend activada,Algoritmo activada,Qiskit Simulator desactivada,SpinQ Simulator activada,TQL Simulator desactivada,QAOA activada,VQE desactivada,311
Visualizador calidad de aire activada,Turismo activada,Deportes desactivada,Entretenimiento activada,HQC activada,Visualizador restriccion uso lena activada,Ambientes abiertos desactivada,Ambientes cerrados activada,Optimizacion de rutas desactivada,Entretenimiento adulto desactivada,Entretenimiento familiar activada,Entretenimiento tercera edad activada,Backend activada,Algoritmo activada,Qiskit Simulator desactivada,SpinQ Simulator activada,TQL Simulator desactivada,QAOA desactivada,VQE activada,335
Visualizador calidad de aire activada,Turismo activada,Deportes desactivada,Entretenimiento activada,HQC activada,Visualizador restriccion uso lena activada,Ambientes abiertos desactivada,Ambientes cerrados activada,Optimizacion de rutas desactivada,Entretenimiento adulto desactivada,Entretenimiento familiar activada,Entretenimiento tercera edad activada,Backend activada,Algoritmo activada,Qiskit Simulator desactivada,SpinQ Simulator desactivada,TQL Simulator activada,QAOA activada,VQE desactivada,307
Visualizador calidad de aire activada,Turismo activada,Deportes desactivada,Entretenimiento activada,HQC activada,Visualizador restriccion uso lena activada,Ambientes abiertos desactivada,Ambientes cerrados activada,Optimizacion de rutas desactivada,Entretenimiento adulto desactivada,Entretenimiento familiar activada,Entretenimiento tercera edad activada,Backend activada,Algoritmo activada,Qiskit Simulator desactivada,SpinQ Simulator desactivada,TQL Simulator activada,QAOA desactivada,VQE activada,326
Visualizador calidad de aire activada,Turismo activada,Deportes desactivada,Entretenimiento activada,HQC activada,Visualizador restriccion uso lena activada,Ambientes abiertos desactivada,Ambientes cerrados activada,Optimizacion de rutas desactivada,Entretenimiento adulto desactivada,Entretenimiento familiar activada,Entretenimiento tercera edad desactivada,Backend activada,Algoritmo activada,Qiskit Simulator activada,SpinQ Simulator desactivada,TQL Simulator desactivada,QAOA activada,VQE desactivada,310
Visualizador calidad de aire activada,Turismo activada,Deportes desactivada,Entretenimiento activada,HQC activada,Visualizador restriccion uso lena activada,Ambientes abiertos desactivada,Ambientes cerrados activada,Optimizacion de rutas desactivada,Entretenimiento adulto desactivada,Entretenimiento familiar activada,Entretenimiento tercera edad desactivada,Backend activada,Algoritmo activada,Qiskit Simulator activada,SpinQ Simulator desactivada,TQL Simulator desactivada,QAOA desactivada,VQE activada,336
Visualizador calidad de aire activada,Turismo activada,Deportes desactivada,Entretenimiento activada,HQC activada,Visualizador restriccion uso lena activada,Ambientes abiertos desactivada,Ambientes cerrados activada,Optimizacion de rutas desactivada,Entretenimiento adulto desactivada,Entretenimiento familiar activada,Entretenimiento tercera edad desactivada,Backend activada,Algoritmo activada,Qiskit Simulator desactivada,SpinQ Simulator activada,TQL Simulator desactivada,QAOA activada,VQE desactivada,322
Visualizador calidad de aire activada,Turismo activada,Deportes desactivada,Entretenimiento activada,HQC activada,Visualizador restriccion uso lena activada,Ambientes abiertos desactivada,Ambientes cerrados activada,Optimizacion de rutas desactivada,Entretenimiento adulto desactivada,Entretenimiento familiar activada,Entretenimiento tercera edad desactivada,Backend activada,Algoritmo activada,Qiskit Simulator desactivada,SpinQ Simulator activada,TQL Simulator desactivada,QAOA desactivada,VQE activada,321
Visualizador calidad de aire activada,Turismo activada,Deportes desactivada,Entretenimiento activada,HQC activada,Visualizador restriccion uso lena activada,Ambientes abiertos desactivada,Ambientes cerrados activada,Optimizacion de rutas desactivada,Entretenimiento adulto desactivada,Entretenimiento familiar activada,Entretenimiento tercera edad desactivada,Backend activada,Algoritmo activada,Qiskit Simulator desactivada,SpinQ Simulator desactivada,TQL Simulator activada,QAOA activada,VQE desactivada,304
Visualizador calidad de aire activada,Turismo activada,Deportes desactivada,Entretenimiento activada,HQC activada,Visualizador restriccion uso lena activada,Ambientes abiertos desactivada,Ambientes cerrados activada,Optimizacion de rutas desactivada,Entretenimiento adulto desactivada,Entretenimiento familiar activada,Entretenimiento tercera edad desactivada,Backend activada,Algoritmo activada,Qiskit Simulator desactivada,SpinQ Simulator desactivada,TQL Simulator activada,QAOA desactivada,VQE activada,337
Visualizador calidad de aire activada,Turismo activada,Deportes desactivada,Entretenimiento activada,HQC activada,Visualizador restriccion uso lena activada,Ambientes abiertos desactivada,Ambientes cerrados activada,Optimizacion de rutas desactivada,Entretenimiento adulto activada,Entretenimiento familiar desactivada,Entretenimiento tercera edad activada,Backend activada,Algoritmo activada,Qiskit Simulator activada,SpinQ Simulator desactivada,TQL Simulator desactivada,QAOA activada,VQE desactivada,324
Visualizador calidad de aire activada,Turismo activada,Deportes desactivada,Entretenimiento activada,HQC activada,Visualizador restriccion uso lena activada,Ambientes abiertos desactivada,Ambientes cerrados activada,Optimizacion de rutas desactivada,Entretenimiento adulto activada,Entretenimiento familiar desactivada,Entretenimiento tercera edad activada,Backend activada,Algoritmo activada,Qiskit Simulator activada,SpinQ Simulator desactivada,TQL Simulator desactivada,QAOA desactivada,VQE activada,316
Visualizador calidad de aire activada,Turismo activada,Deportes desactivada,Entretenimiento activada,HQC activada,Visualizador restriccion uso lena activada,Ambientes abiertos desactivada,Ambientes cerrados activada,Optimizacion de rutas desactivada,Entretenimiento adulto activada,Entretenimiento familiar desactivada,Entretenimiento tercera edad activada,Backend activada,Algoritmo activada,Qiskit Simulator desactivada,SpinQ Simulator activada,TQL Simulator desactivada,QAOA activada,VQE desactivada,328
Visualizador calidad de aire activada,Turismo activada,Deportes desactivada,Entretenimiento activada,HQC activada,Visualizador restriccion uso lena activada,Ambientes abiertos desactivada,Ambientes cerrados activada,Optimizacion de rutas desactivada,Entretenimiento adulto activada,Entretenimiento familiar desactivada,Entretenimiento tercera edad activada,Backend activada,Algoritmo activada,Qiskit Simulator desactivada,SpinQ Simulator activada,TQL Simulator desactivada,QAOA desactivada,VQE activada,314
Visualizador calidad de aire activada,Turismo activada,Deportes desactivada,Entretenimiento activada,HQC activada,Visualizador restriccion uso lena activada,Ambientes abiertos desactivada,Ambientes cerrados activada,Optimizacion de rutas desactivada,Entretenimiento adulto activada,Entretenimiento familiar desactivada,Entretenimiento tercera edad activada,Backend activada,Algoritmo activada,Qiskit Simulator desactivada,SpinQ Simulator desactivada,TQL Simulator activada,QAOA activada,VQE desactivada,312
Visualizador calidad de aire activada,Turismo activada,Deportes desactivada,Entretenimiento activada,HQC activada,Visualizador restriccion uso lena activada,Ambientes abiertos desactivada,Ambientes cerrados activada,Optimizacion de rutas desactivada,Entretenimiento adulto activada,Entretenimiento familiar desactivada,Entretenimiento tercera edad activada,Backend activada,Algoritmo activada,Qiskit Simulator desactivada,SpinQ Simulator desactivada,TQL Simulator activada,QAOA desactivada,VQE activada,309
Visualizador calidad de aire activada,Turismo activada,Deportes desactivada,Entretenimiento activada,HQC activada,Visualizador restriccion uso lena activada,Ambientes abiertos desactivada,Ambientes cerrados activada,Optimizacion de rutas desactivada,Entretenimiento adulto activada,Entretenimiento familiar desactivada,Entretenimiento tercera edad desactivada,Backend activada,Algoritmo activada,Qiskit Simulator activada,SpinQ Simulator desactivada,TQL Simulator desactivada,QAOA activada,VQE desactivada,338
Visualizador calidad de aire activada,Turismo activada,Deportes desactivada,Entretenimiento activada,HQC activada,Visualizador restriccion uso lena activada,Ambientes abiertos desactivada,Ambientes cerrados activada,Optimizacion de rutas desactivada,Entretenimiento adulto activada,Entretenimiento familiar desactivada,Entretenimiento tercera edad desactivada,Backend activada,Algoritmo activada,Qiskit Simulator activada,SpinQ Simulator desactivada,TQL Simulator desactivada,QAOA desactivada,VQE activada,328
Visualizador calidad de aire activada,Turismo activada,Deportes desactivada,Entretenimiento activada,HQC activada,Visualizador restriccion uso lena activada,Ambientes abiertos desactivada,Ambientes cerrados activada,Optimizacion de rutas desactivada,Entretenimiento adulto activada,Entretenimiento familiar desactivada,Entretenimiento tercera edad desactivada,Backend activada,Algoritmo activada,Qiskit Simulator desactivada,SpinQ Simulator activada,TQL Simulator desactivada,QAOA activada,VQE desactivada,342
Visualizador calidad de aire activada,Turismo activada,Deportes desactivada,Entretenimiento activada,HQC activada,Visualizador restriccion uso lena activada,Ambientes abiertos desactivada,Ambientes cerrados activada,Optimizacion de rutas desactivada,Entretenimiento adulto activada,Entretenimiento familiar desactivada,Entretenimiento tercera edad desactivada,Backend activada,Algoritmo activada,Qiskit Simulator desactivada,SpinQ Simulator activada,TQL Simulator desactivada,QAOA desactivada,VQE activada,311
Visualizador calidad de aire activada,Turismo activada,Deportes desactivada,Entretenimiento activada,HQC activada,Visualizador restriccion uso lena activada,Ambientes abiertos desactivada,Ambientes cerrados activada,Optimizacion de rutas desactivada,Entretenimiento adulto activada,Entretenimiento familiar desactivada,Entretenimiento tercera edad desactivada,Backend activada,Algoritmo activada,Qiskit Simulator desactivada,SpinQ Simulator desactivada,TQL Simulator activada,QAOA activada,VQE desactivada,317
Visualizador calidad de aire activada,Turismo activada,Deportes desactivada,Entretenimiento activada,HQC activada,Visualizador restriccion uso lena activada,Ambientes abiertos desactivada,Ambientes cerrados activada,Optimizacion de rutas desactivada,Entretenimiento adulto activada,Entretenimiento familiar desactivada,Entretenimiento tercera edad desactivada,Backend activada,Algoritmo activada,Qiskit Simulator desactivada,SpinQ Simulator desactivada,TQL Simulator activada,QAOA desactivada,VQE activada,318
Visualizador calidad de aire activada,Turismo activada,Deportes desactivada,Entretenimiento activada,HQC activada,Visualizador restriccion uso lena activada,Ambientes abiertos desactivada,Ambientes cerrados activada,Optimizacion de rutas desactivada,Entretenimiento adulto desactivada,Entretenimiento familiar desactivada,Entretenimiento tercera edad activada,Backend activada,Algoritmo activada,Qiskit Simulator activada,SpinQ Simulator desactivada,TQL Simulator desactivada,QAOA activada,VQE desactivada,300
Visualizador calidad de aire activada,Turismo activada,Deportes desactivada,Entretenimiento activada,HQC activada,Visualizador restriccion uso lena activada,Ambientes abiertos desactivada,Ambientes cerrados activada,Optimizacion de rutas desactivada,Entretenimiento adulto desactivada,Entretenimiento familiar desactivada,Entretenimiento tercera edad activada,Backend activada,Algoritmo activada,Qiskit Simulator activada,SpinQ Simulator desactivada,TQL Simulator desactivada,QAOA desactivada,VQE activada,346
Visualizador calidad de aire activada,Turismo activada,Deportes desactivada,Entretenimiento activada,HQC activada,Visualizador restriccion uso lena activada,Ambientes abiertos desactivada,Ambientes cerrados activada,Optimizacion de rutas desactivada,Entretenimiento adulto desactivada,Entretenimiento familiar desactivada,Entretenimiento tercera edad activada,Backend activada,Algoritmo activada,Qiskit Simulator desactivada,SpinQ Simulator activada,TQL Simulator desactivada,QAOA activada,VQE desactivada,337
Visualizador calidad de aire activada,Turismo activada,Deportes desactivada,Entretenimiento activada,HQC activada,Visualizador restriccion uso lena activada,Ambientes abiertos desactivada,Ambientes cerrados activada,Optimizacion de rutas desactivada,Entretenimiento adulto desactivada,Entretenimiento familiar desactivada,Entretenimiento tercera edad activada,Backend activada,Algoritmo activada,Qiskit Simulator desactivada,SpinQ Simulator activada,TQL Simulator desactivada,QAOA desactivada,VQE activada,322
Visualizador calidad de aire activada,Turismo activada,Deportes desactivada,Entretenimiento activada,HQC activada,Visualizador restriccion uso lena activada,Ambientes abiertos desactivada,Ambientes cerrados activada,Optimizacion de rutas desactivada,Entretenimiento adulto desactivada,Entretenimiento familiar desactivada,Entretenimiento tercera edad activada,Backend activada,Algoritmo activada,Qiskit Simulator desactivada,SpinQ Simulator desactivada,TQL Simulator activada,QAOA activada,VQE desactivada,320
Visualizador calidad de aire activada,Turismo activada,Deportes desactivada,Entretenimiento activada,HQC activada,Visualizador restriccion uso lena activada,Ambientes abiertos desactivada,Ambientes cerrados activada,Optimizacion de rutas desactivada,Entretenimiento adulto desactivada,Entretenimiento familiar desactivada,Entretenimiento tercera edad activada,Backend activada,Algoritmo activada,Qiskit Simulator desactivada,SpinQ Simulator desactivada,TQL Simulator activada,QAOA desactivada,VQE activada,320
Visualizador calidad de aire activada,Turismo activada,Deportes desactivada,Entretenimiento activada,HQC desactivada,Visualizador restriccion uso lena activada,Ambientes abiertos desactivada,Ambientes cerrados activada,Optimizacion de rutas desactivada,Entretenimiento adulto activada,Entretenimiento familiar activada,Entretenimiento tercera edad activada,Backend desactivada,Algoritmo desactivada,Qiskit Simulator desactivada,SpinQ Simulator desactivada,TQL Simulator desactivada,QAOA desactivada,VQE desactivada,158
Visualizador calidad de aire activada,Turismo activada,Deportes desactivada,Entretenimiento activada,HQC desactivada,Visualizador restriccion uso lena activada,Ambientes abiertos desactivada,Ambientes cerrados activada,Optimizacion de rutas desactivada,Entretenimiento adulto activada,Entretenimiento familiar activada,Entretenimiento tercera edad desactivada,Backend desactivada,Algoritmo desactivada,Qiskit Simulator desactivada,SpinQ Simulator desactivada,TQL Simulator desactivada,QAOA desactivada,VQE desactivada,163
Visualizador calidad de aire activada,Turismo activada,Deportes desactivada,Entretenimiento activada,HQC desactivada,Visualizador restriccion uso lena activada,Ambientes abiertos desactivada,Ambientes cerrados activada,Optimizacion de rutas desactivada,Entretenimiento adulto desactivada,Entretenimiento familiar activada,Entretenimiento tercera edad activada,Backend desactivada,Algoritmo desactivada,Qiskit Simulator desactivada,SpinQ Simulator desactivada,TQL Simulator desactivada,QAOA desactivada,VQE desactivada,177
Visualizador calidad de aire activada,Turismo activada,Deportes desactivada,Entretenimiento activada,HQC desactivada,Visualizador restriccion uso lena activada,Ambientes abiertos desactivada,Ambientes cerrados activada,Optimizacion de rutas desactivada,Entretenimiento adulto desactivada,Entretenimiento familiar activada,Entretenimiento tercera edad desactivada,Backend desactivada,Algoritmo desactivada,Qiskit Simulator desactivada,SpinQ Simulator desactivada,TQL Simulator desactivada,QAOA desactivada,VQE desactivada,182
Visualizador calidad de aire activada,Turismo activada,Deportes desactivada,Entretenimiento activada,HQC desactivada,Visualizador restriccion uso lena activada,Ambientes abiertos desactivada,Ambientes cerrados activada,Optimizacion de rutas desactivada,Entretenimiento adulto activada,Entretenimiento familiar desactivada,Entretenimiento tercera edad activada,Backend desactivada,Algoritmo desactivada,Qiskit Simulator desactivada,SpinQ Simulator desactivada,TQL Simulator desactivada,QAOA desactivada,VQE desactivada,188
Visualizador calidad de aire activada,Turismo activada,Deportes desactivada,Entretenimiento activada,HQC desactivada,Visualizador restriccion uso lena activada,Ambientes abiertos desactivada,Ambientes cerrados activada,Optimizacion de rutas desactivada,Entretenimiento adulto activada,Entretenimiento familiar desactivada,Entretenimiento tercera edad desactivada,Backend desactivada,Algoritmo desactivada,Qiskit Simulator desactivada,SpinQ Simulator desactivada,TQL Simulator desactivada,QAOA desactivada,VQE desactivada,181
Visualizador calidad de aire activada,Turismo activada,Deportes desactivada,Entretenimiento activada,HQC desactivada,Visualizador restriccion uso lena activada,Ambientes abiertos desactivada,Ambientes cerrados activada,Optimizacion de rutas desactivada,Entretenimiento adulto desactivada,Entretenimiento familiar desactivada,Entretenimiento tercera edad activada,Backend desactivada,Algoritmo desactivada,Qiskit Simulator desactivada,SpinQ Simulator desactivada,TQL Simulator desactivada,QAOA desactivada,VQE desactivada,196
Visualizador calidad de aire activada,Turismo activada,Deportes desactivada,Entretenimiento desactivada,HQC activada,Visualizador restriccion uso lena activada,Ambientes abiertos desactivada,Ambientes cerrados activada,Optimizacion de rutas activada,Entretenimiento adulto desactivada,Entretenimiento familiar desactivada,Entretenimiento tercera edad desactivada,Backend activada,Algoritmo activada,Qiskit Simulator activada,SpinQ Simulator desactivada,TQL Simulator desactivada,QAOA activada,VQE desactivada,303
Visualizador calidad de aire activada,Turismo activada,Deportes desactivada,Entretenimiento desactivada,HQC activada,Visualizador restriccion uso lena activada,Ambientes abiertos desactivada,Ambientes cerrados activada,Optimizacion de rutas activada,Entretenimiento adulto desactivada,Entretenimiento familiar desactivada,Entretenimiento tercera edad desactivada,Backend activada,Algoritmo activada,Qiskit Simulator activada,SpinQ Simulator desactivada,TQL Simulator desactivada,QAOA desactivada,VQE activada,310
Visualizador calidad de aire activada,Turismo activada,Deportes desactivada,Entretenimiento desactivada,HQC activada,Visualizador restriccion uso lena activada,Ambientes abiertos desactivada,Ambientes cerrados activada,Optimizacion de rutas activada,Entretenimiento adulto desactivada,Entretenimiento familiar desactivada,Entretenimiento tercera edad desactivada,Backend activada,Algoritmo activada,Qiskit Simulator desactivada,SpinQ Simulator activada,TQL Simulator desactivada,QAOA activada,VQE desactivada,348
Visualizador calidad de aire activada,Turismo activada,Deportes desactivada,Entretenimiento desactivada,HQC activada,Visualizador restriccion uso lena activada,Ambientes abiertos desactivada,Ambientes cerrados activada,Optimizacion de rutas activada,Entretenimiento adulto desactivada,Entretenimiento familiar desactivada,Entretenimiento tercera edad desactivada,Backend activada,Algoritmo activada,Qiskit Simulator desactivada,SpinQ Simulator activada,TQL Simulator desactivada,QAOA desactivada,VQE activada,320
Visualizador calidad de aire activada,Turismo activada,Deportes desactivada,Entretenimiento desactivada,HQC activada,Visualizador restriccion uso lena activada,Ambientes abiertos desactivada,Ambientes cerrados activada,Optimizacion de rutas activada,Entretenimiento adulto desactivada,Entretenimiento familiar desactivada,Entretenimiento tercera edad desactivada,Backend activada,Algoritmo activada,Qiskit Simulator desactivada,SpinQ Simulator desactivada,TQL Simulator activada,QAOA activada,VQE desactivada,323
Visualizador calidad de aire activada,Turismo activada,Deportes desactivada,Entretenimiento desactivada,HQC activada,Visualizador restriccion uso lena activada,Ambientes abiertos desactivada,Ambientes cerrados activada,Optimizacion de rutas activada,Entretenimiento adulto desactivada,Entretenimiento familiar desactivada,Entretenimiento tercera edad desactivada,Backend activada,Algoritmo activada,Qiskit Simulator desactivada,SpinQ Simulator desactivada,TQL Simulator activada,QAOA desactivada,VQE activada,336
Visualizador calidad de aire activada,Turismo activada,Deportes desactivada,Entretenimiento desactivada,HQC activada,Visualizador restriccion uso lena activada,Ambientes abiertos desactivada,Ambientes cerrados activada,Optimizacion de rutas desactivada,Entretenimiento adulto desactivada,Entretenimiento familiar desactivada,Entretenimiento tercera edad desactivada,Backend activada,Algoritmo activada,Qiskit Simulator activada,SpinQ Simulator desactivada,TQL Simulator desactivada,QAOA activada,VQE desactivada,343
Visualizador calidad de aire activada,Turismo activada,Deportes desactivada,Entretenimiento desactivada,HQC activada,Visualizador restriccion uso lena activada,Ambientes abiertos desactivada,Ambientes cerrados activada,Optimizacion de rutas desactivada,Entretenimiento adulto desactivada,Entretenimiento familiar desactivada,Entretenimiento tercera edad desactivada,Backend activada,Algoritmo activada,Qiskit Simulator activada,SpinQ Simulator desactivada,TQL Simulator desactivada,QAOA desactivada,VQE activada,342
Visualizador calidad de aire activada,Turismo activada,Deportes desactivada,Entretenimiento desactivada,HQC activada,Visualizador restriccion uso lena activada,Ambientes abiertos desactivada,Ambientes cerrados activada,Optimizacion de rutas desactivada,Entretenimiento adulto desactivada,Entretenimiento familiar desactivada,Entretenimiento tercera edad desactivada,Backend activada,Algoritmo activada,Qiskit Simulator desactivada,SpinQ Simulator activada,TQL Simulator desactivada,QAOA activada,VQE desactivada,350
Visualizador calidad de aire activada,Turismo activada,Deportes desactivada,Entretenimiento desactivada,HQC activada,Visualizador restriccion uso lena activada,Ambientes abiertos desactivada,Ambientes cerrados activada,Optimizacion de rutas desactivada,Entretenimiento adulto desactivada,Entretenimiento familiar desactivada,Entretenimiento tercera edad desactivada,Backend activada,Algoritmo activada,Qiskit Simulator desactivada,SpinQ Simulator activada,TQL Simulator desactivada,QAOA desactivada,VQE activada,323
Visualizador calidad de aire activada,Turismo activada,Deportes desactivada,Entretenimiento desactivada,HQC activada,Visualizador restriccion uso lena activada,Ambientes abiertos desactivada,Ambientes cerrados activada,Optimizacion de rutas desactivada,Entretenimiento adulto desactivada,Entretenimiento familiar desactivada,Entretenimiento tercera edad desactivada,Backend activada,Algoritmo activada,Qiskit Simulator desactivada,SpinQ Simulator desactivada,TQL Simulator activada,QAOA activada,VQE desactivada,319
Visualizador calidad de aire activada,Turismo activada,Deportes desactivada,Entretenimiento desactivada,HQC activada,Visualizador restriccion uso lena activada,Ambientes abiertos desactivada,Ambientes cerrados activada,Optimizacion de rutas desactivada,Entretenimiento adulto desactivada,Entretenimiento familiar desactivada,Entretenimiento tercera edad desactivada,Backend activada,Algoritmo activada,Qiskit Simulator desactivada,SpinQ Simulator desactivada,TQL Simulator activada,QAOA desactivada,VQE activada,350
Visualizador calidad de aire activada,Turismo activada,Deportes desactivada,Entretenimiento desactivada,HQC desactivada,Visualizador restriccion uso lena activada,Ambientes abiertos desactivada,Ambientes cerrados activada,Optimizacion de rutas desactivada,Entretenimiento adulto desactivada,Entretenimiento familiar desactivada,Entretenimiento tercera edad desactivada,Backend desactivada,Algoritmo desactivada,Qiskit Simulator desactivada,SpinQ Simulator desactivada,TQL Simulator desactivada,QAOA desactivada,VQE desactivada,108
