Visualizador calidad de aire activada,Turismo activada,Deportes activada,Entretenimiento desactivada,HQC activada,Visualizador restriccion uso lena desactivada,Ambientes abiertos activada,Ambientes cerrados desactivada,Optimizacion de rutas desactivada,Entretenimiento adulto desactivada,Entretenimiento familiar desactivada,Entretenimiento tercera edad desactivada,Backend activada,Algoritmo activada,Qiskit Simulator desactivada,SpinQ Simulator desactivada,TQL Simulator activada,QAOA desactivada,VQE activada,310.29266
Visualizador calidad de aire activada,Turismo activada,Deportes activada,Entretenimiento desactivada,HQC activada,Visualizador restriccion uso lena activada,Ambientes abiertos activada,Ambientes cerrados desactivada,Optimizacion de rutas desactivada,Entretenimiento adulto desactivada,Entretenimiento familiar desactivada,Entretenimiento tercera edad desactivada,Backend activada,Algoritmo activada,Qiskit Simulator desactivada,SpinQ Simulator desactivada,TQL Simulator activada,QAOA desactivada,VQE activada,312.73572
Visualizador calidad de aire activada,Turismo activada,Deportes activada,Entretenimiento activada,HQC activada,Visualizador restriccion uso lena activada,Ambientes abiertos activada,Ambientes cerrados desactivada,Optimizacion de rutas desactivada,Entretenimiento adulto activada,Entretenimiento familiar desactivada,Entretenimiento tercera edad activada,Backend activada,Algoritmo activada,Qiskit Simulator desactivada,SpinQ Simulator desactivada,TQL Simulator activada,QAOA desactivada,VQE activada,315.10306
Visualizador calidad de aire activada,Turismo activada,Deportes activada,Entretenimiento activada,HQC activada,Visualizador restriccion uso lena activada,Ambientes abiertos activada,Ambientes cerrados desactivada,Optimizacion de rutas desactivada,Entretenimiento adulto activada,Entretenimiento familiar desactivada,Entretenimiento tercera edad activada,Backend activada,Algoritmo activada,Qiskit Simulator activada,SpinQ Simulator desactivada,TQL Simulator desactivada,QAOA desactivada,VQE activada,315.768
Visualizador calidad de aire activada,Turismo activada,Deportes activada,Entretenimiento activada,HQC activada,Visualizador restriccion uso lena desactivada,Ambientes abiertos activada,Ambientes cerrados desactivada,Optimizacion de rutas desactivada,Entretenimiento adulto desactivada,Entretenimiento familiar desactivada,Entretenimiento tercera edad activada,Backend activada,Algoritmo activada,Qiskit Simulator desactivada,SpinQ Simulator desactivada,TQL Simulator activada,QAOA desactivada,VQE activada,316.2124
Visualizador calidad de aire activada,Turismo activada,Deportes activada,Entretenimiento activada,HQC activada,Visualizador restriccion uso lena activada,Ambientes abiertos activada,Ambientes cerrados desactivada,Optimizacion de rutas desactivada,Entretenimiento adulto desactivada,Entretenimiento familiar desactivada,Entretenimiento tercera edad activada,Backend activada,Algoritmo activada,Qiskit Simulator desactivada,SpinQ Simulator desactivada,TQL Simulator activada,QAOA desactivada,VQE activada,316.83685
Visualizador calidad de aire activada,Turismo activada,Deportes activada,Entretenimiento activada,HQC activada,Visualizador restriccion uso lena desactivada,Ambientes abiertos activada,Ambientes cerrados desactivada,Optimizacion de rutas desactivada,Entretenimiento adulto activada,Entretenimiento familiar desactivada,Entretenimiento tercera edad activada,Backend activada,Algoritmo activada,Qiskit Simulator desactivada,SpinQ Simulator desactivada,TQL Simulator activada,QAOA desactivada,VQE activada,318.33453
Visualizador calidad de aire activada,Turismo activada,Deportes activada,Entretenimiento desactivada,HQC activada,Visualizador restriccion uso lena activada,Ambientes abiertos activada,Ambientes cerrados desactivada,Optimizacion de rutas desactivada,Entretenimiento adulto desactivada,Entretenimiento familiar desactivada,Entretenimiento tercera edad desactivada,Backend activada,Algoritmo activada,Qiskit Simulator activada,SpinQ Simulator desactivada,TQL Simulator desactivada,QAOA desactivada,VQE activada,320.12354
Visualizador calidad de aire activada,Turismo activada,Deportes activada,Entretenimiento activada,HQC activada,Visualizador restriccion uso lena desactivada,Ambientes abiertos activada,Ambientes cerrados desactivada,Optimizacion de rutas desactivada,Entretenimiento adulto activada,Entretenimiento familiar activada,Entretenimiento tercera edad activada,Backend activada,Algoritmo activada,Qiskit Simulator desactivada,SpinQ Simulator desactivada,TQL Simulator activada,QAOA desactivada,VQE activada,324.07562
Visualizador calidad de aire activada,Turismo activada,Deportes activada,Entretenimiento activada,HQC activada,Visualizador restriccion uso lena activada,Ambientes abiertos activada,Ambientes cerrados desactivada,Optimizacion de rutas desactivada,Entretenimiento adulto activada,Entretenimiento familiar activada,Entretenimiento tercera edad activada,Backend activada,Algoritmo activada,Qiskit Simulator activada,SpinQ Simulator desactivada,TQL Simulator desactivada,QAOA activada,VQE desactivada,325.35883
Visualizador calidad de aire activada,Turismo activada,Deportes activada,Entretenimiento activada,HQC activada,Visualizador restriccion uso lena desactivada,Ambientes abiertos activada,Ambientes cerrados desactivada,Optimizacion de rutas desactivada,Entretenimiento adulto desactivada,Entretenimiento familiar desactivada,Entretenimiento tercera edad activada,Backend activada,Algoritmo activada,Qiskit Simulator desactivada,SpinQ Simulator desactivada,TQL Simulator activada,QAOA activada,VQE desactivada,325.4485
Visualizador calidad de aire activada,Turismo activada,Deportes activada,Entretenimiento activada,HQC activada,Visualizador restriccion uso lena activada,Ambientes abiertos activada,Ambientes cerrados desactivada,Optimizacion de rutas desactivada,Entretenimiento adulto activada,Entretenimiento familiar activada,Entretenimiento tercera edad activada,Backend activada,Algoritmo activada,Qiskit Simulator activada,SpinQ Simulator desactivada,TQL Simulator desactivada,QAOA desactivada,VQE activada,326.0216
Visualizador calidad de aire activada,Turismo activada,Deportes activada,Entretenimiento activada,HQC activada,Visualizador restriccion uso lena activada,Ambientes abiertos activada,Ambientes cerrados desactivada,Optimizacion de rutas desactivada,Entretenimiento adulto activada,Entretenimiento familiar desactivada,Entretenimiento tercera edad desactivada,Backend activada,Algoritmo activada,Qiskit Simulator desactivada,SpinQ Simulator desactivada,TQL Simulator activada,QAOA desactivada,VQE activada,326.15582
Visualizador calidad de aire activada,Turismo activada,Deportes activada,Entretenimiento activada,HQC activada,Visualizador restriccion uso lena desactivada,Ambientes abiertos activada,Ambientes cerrados desactivada,Optimizacion de rutas desactivada,Entretenimiento adulto activada,Entretenimiento familiar desactivada,Entretenimiento tercera edad activada,Backend activada,Algoritmo activada,Qiskit Simulator activada,SpinQ Simulator desactivada,TQL Simulator desactivada,QAOA desactivada,VQE activada,326.23956
Visualizador calidad de aire activada,Turismo activada,Deportes desactivada,Entretenimiento desactivada,HQC activada,Visualizador restriccion uso lena activada,Ambientes abiertos desactivada,Ambientes cerrados activada,Optimizacion de rutas desactivada,Entretenimiento adulto desactivada,Entretenimiento familiar desactivada,Entretenimiento tercera edad desactivada,Backend activada,Algoritmo activada,Qiskit Simulator desactivada,SpinQ Simulator desactivada,TQL Simulator activada,QAOA activada,VQE desactivada,326.41284
Visualizador calidad de aire activada,Turismo activada,Deportes activada,Entretenimiento activada,HQC activada,Visualizador restriccion uso lena activada,Ambientes abiertos activada,Ambientes cerrados desactivada,Optimizacion de rutas activada,Entretenimiento adulto activada,Entretenimiento familiar desactivada,Entretenimiento tercera edad activada,Backend activada,Algoritmo activada,Qiskit Simulator activada,SpinQ Simulator desactivada,TQL Simulator desactivada,QAOA desactivada,VQE activada,326.47977
Visualizador calidad de aire activada,Turismo activada,Deportes activada,Entretenimiento activada,HQC activada,Visualizador restriccion uso lena desactivada,Ambientes abiertos activada,Ambientes cerrados desactivada,Optimizacion de rutas desactivada,Entretenimiento adulto activada,Entretenimiento familiar activada,Entretenimiento tercera edad activada,Backend activada,Algoritmo activada,Qiskit Simulator activada,SpinQ Simulator desactivada,TQL Simulator desactivada,QAOA desactivada,VQE activada,327.38364
Visualizador calidad de aire activada,Turismo activada,Deportes activada,Entretenimiento activada,HQC activada,Visualizador restriccion uso lena desactivada,Ambientes abiertos activada,Ambientes cerrados desactivada,Optimizacion de rutas desactivada,Entretenimiento adulto activada,Entretenimiento familiar desactivada,Entretenimiento tercera edad desactivada,Backend activada,Algoritmo activada,Qiskit Simulator desactivada,SpinQ Simulator desactivada,TQL Simulator activada,QAOA desactivada,VQE activada,327.60394
Visualizador calidad de aire activada,Turismo activada,Deportes activada,Entretenimiento activada,HQC activada,Visualizador restriccion uso lena activada,Ambientes abiertos activada,Ambientes cerrados desactivada,Optimizacion de rutas desactivada,Entretenimiento adulto activada,Entretenimiento familiar desactivada,Entretenimiento tercera edad activada,Backend activada,Algoritmo activada,Qiskit Simulator activada,SpinQ Simulator desactivada,TQL Simulator desactivada,QAOA activada,VQE desactivada,327.85858
Visualizador calidad de aire activada,Turismo activada,Deportes activada,Entretenimiento desactivada,HQC activada,Visualizador restriccion uso lena desactivada,Ambientes abiertos activada,Ambientes cerrados desactivada,Optimizacion de rutas desactivada,Entretenimiento adulto desactivada,Entretenimiento familiar desactivada,Entretenimiento tercera edad desactivada,Backend activada,Algoritmo activada,Qiskit Simulator activada,SpinQ Simulator desactivada,TQL Simulator desactivada,QAOA desactivada,VQE activada,328.3635
Visualizador calidad de aire activada,Turismo activada,Deportes activada,Entretenimiento desactivada,HQC activada,Visualizador restriccion uso lena desactivada,Ambientes abiertos activada,Ambientes cerrados desactivada,Optimizacion de rutas desactivada,Entretenimiento adulto desactivada,Entretenimiento familiar desactivada,Entretenimiento tercera edad desactivada,Backend activada,Algoritmo activada,Qiskit Simulator activada,SpinQ Simulator desactivada,TQL Simulator desactivada,QAOA activada,VQE desactivada,328.82025
Visualizador calidad de aire activada,Turismo activada,Deportes activada,Entretenimiento desactivada,HQC activada,Visualizador restriccion uso lena desactivada,Ambientes abiertos activada,Ambientes cerrados desactivada,Optimizacion de rutas desactivada,Entretenimiento adulto desactivada,Entretenimiento familiar desactivada,Entretenimiento tercera edad desactivada,Backend activada,Algoritmo activada,Qiskit Simulator desactivada,SpinQ Simulator desactivada,TQL Simulator activada,QAOA activada,VQE desactivada,328.98804
Visualizador calidad de aire activada,Turismo activada,Deportes desactivada,Entretenimiento desactivada,HQC activada,Visualizador restriccion uso lena activada,Ambientes abiertos desactivada,Ambientes cerrados activada,Optimizacion de rutas desactivada,Entretenimiento adulto desactivada,Entretenimiento familiar desactivada,Entretenimiento tercera edad desactivada,Backend activada,Algoritmo activada,Qiskit Simulator activada,SpinQ Simulator desactivada,TQL Simulator desactivada,QAOA desactivada,VQE activada,329.938
Visualizador calidad de aire activada,Turismo activada,Deportes desactivada,Entretenimiento desactivada,HQC activada,Visualizador restriccion uso lena activada,Ambientes abiertos desactivada,Ambientes cerrados activada,Optimizacion de rutas desactivada,Entretenimiento adulto desactivada,Entretenimiento familiar desactivada,Entretenimiento tercera edad desactivada,Backend activada,Algoritmo activada,Qiskit Simulator desactivada,SpinQ Simulator desactivada,TQL Simulator activada,QAOA desactivada,VQE activada,330.06442
Visualizador calidad de aire activada,Turismo activada,Deportes activada,Entretenimiento activada,HQC activada,Visualizador restriccion uso lena desactivada,Ambientes abiertos activada,Ambientes cerrados desactivada,Optimizacion de rutas desactivada,Entretenimiento adulto desactivada,Entretenimiento familiar desactivada,Entretenimiento tercera edad activada,Backend activada,Algoritmo activada,Qiskit Simulator activada,SpinQ Simulator desactivada,TQL Simulator desactivada,QAOA activada,VQE desactivada,330.70465
Visualizador calidad de aire activada,Turismo activada,Deportes activada,Entretenimiento activada,HQC activada,Visualizador restriccion uso lena activada,Ambientes abiertos activada,Ambientes cerrados desactivada,Optimizacion de rutas desactivada,Entretenimiento adulto activada,Entretenimiento familiar desactivada,Entretenimiento tercera edad activada,Backend activada,Algoritmo activada,Qiskit Simulator desactivada,SpinQ Simulator desactivada,TQL Simulator activada,QAOA activada,VQE desactivada,330.78516
Visualizador calidad de aire activada,Turismo activada,Deportes activada,Entretenimiento activada,HQC activada,Visualizador restriccion uso lena activada,Ambientes abiertos activada,Ambientes cerrados desactivada,Optimizacion de rutas desactivada,Entretenimiento adulto activada,Entretenimiento familiar desactivada,Entretenimiento tercera edad desactivada,Backend activada,Algoritmo activada,Qiskit Simulator activada,SpinQ Simulator desactivada,TQL Simulator desactivada,QAOA desactivada,VQE activada,330.80945
Visualizador calidad de aire activada,Turismo activada,Deportes activada,Entretenimiento desactivada,HQC activada,Visualizador restriccion uso lena activada,Ambientes abiertos activada,Ambientes cerrados desactivada,Optimizacion de rutas desactivada,Entretenimiento adulto desactivada,Entretenimiento familiar desactivada,Entretenimiento tercera edad desactivada,Backend activada,Algoritmo activada,Qiskit Simulator activada,SpinQ Simulator desactivada,TQL Simulator desactivada,QAOA activada,VQE desactivada,330.87628
Visualizador calidad de aire activada,Turismo activada,Deportes activada,Entretenimiento desactivada,HQC activada,Visualizador restriccion uso lena activada,Ambientes abiertos activada,Ambientes cerrados desactivada,Optimizacion de rutas desactivada,Entretenimiento adulto desactivada,Entretenimiento familiar desactivada,Entretenimiento tercera edad desactivada,Backend activada,Algoritmo activada,Qiskit Simulator desactivada,SpinQ Simulator desactivada,TQL Simulator activada,QAOA activada,VQE desactivada,332.43365
Visualizador calidad de aire activada,Turismo activada,Deportes activada,Entretenimiento activada,HQC activada,Visualizador restriccion uso lena desactivada,Ambientes abiertos activada,Ambientes cerrados desactivada,Optimizacion de rutas desactivada,Entretenimiento adulto activada,Entretenimiento familiar activada,Entretenimiento tercera edad activada,Backend activada,Algoritmo activada,Qiskit Simulator activada,SpinQ Simulator desactivada,TQL Simulator desactivada,QAOA activada,VQE desactivada,332.66272
Visualizador calidad de aire activada,Turismo activada,Deportes activada,Entretenimiento activada,HQC activada,Visualizador restriccion uso lena activada,Ambientes abiertos activada,Ambientes cerrados desactivada,Optimizacion de rutas desactivada,Entretenimiento adulto activada,Entretenimiento familiar activada,Entretenimiento tercera edad activada,Backend activada,Algoritmo activada,Qiskit Simulator desactivada,SpinQ Simulator desactivada,TQL Simulator activada,QAOA desactivada,VQE activada,332.85257
Visualizador calidad de aire activada,Turismo activada,Deportes activada,Entretenimiento activada,HQC activada,Visualizador restriccion uso lena desactivada,Ambientes abiertos activada,Ambientes cerrados desactivada,Optimizacion de rutas desactivada,Entretenimiento adulto activada,Entretenimiento familiar desactivada,Entretenimiento tercera edad activada,Backend activada,Algoritmo activada,Qiskit Simulator desactivada,SpinQ Simulator desactivada,TQL Simulator activada,QAOA activada,VQE desactivada,333.2644
Visualizador calidad de aire activada,Turismo activada,Deportes activada,Entretenimiento activada,HQC activada,Visualizador restriccion uso lena desactivada,Ambientes abiertos activada,Ambientes cerrados desactivada,Optimizacion de rutas desactivada,Entretenimiento adulto activada,Entretenimiento familiar desactivada,Entretenimiento tercera edad activada,Backend activada,Algoritmo activada,Qiskit Simulator activada,SpinQ Simulator desactivada,TQL Simulator desactivada,QAOA activada,VQE desactivada,333.26993
Visualizador calidad de aire activada,Turismo activada,Deportes activada,Entretenimiento activada,HQC activada,Visualizador restriccion uso lena activada,Ambientes abiertos activada,Ambientes cerrados desactivada,Optimizacion de rutas desactivada,Entretenimiento adulto activada,Entretenimiento familiar activada,Entretenimiento tercera edad desactivada,Backend activada,Algoritmo activada,Qiskit Simulator activada,SpinQ Simulator desactivada,TQL Simulator desactivada,QAOA activada,VQE desactivada,334.34067
Visualizador calidad de aire activada,Turismo activada,Deportes activada,Entretenimiento activada,HQC activada,Visualizador restriccion uso lena activada,Ambientes abiertos activada,Ambientes cerrados desactivada,Optimizacion de rutas desactivada,Entretenimiento adulto desactivada,Entretenimiento familiar desactivada,Entretenimiento tercera edad activada,Backend activada,Algoritmo activada,Qiskit Simulator desactivada,SpinQ Simulator desactivada,TQL Simulator activada,QAOA activada,VQE desactivada,334.34613
Visualizador calidad de aire activada,Turismo activada,Deportes activada,Entretenimiento activada,HQC activada,Visualizador restriccion uso lena activada,Ambientes abiertos activada,Ambientes cerrados desactivada,Optimizacion de rutas desactivada,Entretenimiento adulto desactivada,Entretenimiento familiar desactivada,Entretenimiento tercera edad activada,Backend activada,Algoritmo activada,Qiskit Simulator desactivada,SpinQ Simulator activada,TQL Simulator desactivada,QAOA desactivada,VQE activada,334.49854
Visualizador calidad de aire activada,Turismo activada,Deportes desactivada,Entretenimiento activada,HQC activada,Visualizador restriccion uso lena activada,Ambientes abiertos desactivada,Ambientes cerrados activada,Optimizacion de rutas desactivada,Entretenimiento adulto desactivada,Entretenimiento familiar desactivada,Entretenimiento tercera edad activada,Backend activada,Algoritmo activada,Qiskit Simulator desactivada,SpinQ Simulator desactivada,TQL Simulator activada,QAOA desactivada,VQE activada,334.66223
Visualizador calidad de aire activada,Turismo activada,Deportes activada,Entretenimiento activada,HQC activada,Visualizador restriccion uso lena desactivada,Ambientes abiertos activada,Ambientes cerrados desactivada,Optimizacion de rutas desactivada,Entretenimiento adulto desactivada,Entretenimiento familiar activada,Entretenimiento tercera edad activada,Backend activada,Algoritmo activada,Qiskit Simulator activada,SpinQ Simulator desactivada,TQL Simulator desactivada,QAOA activada,VQE desactivada,334.72446
Visualizador calidad de aire activada,Turismo activada,Deportes activada,Entretenimiento activada,HQC activada,Visualizador restriccion uso lena desactivada,Ambientes abiertos activada,Ambientes cerrados desactivada,Optimizacion de rutas desactivada,Entretenimiento adulto activada,Entretenimiento familiar desactivada,Entretenimiento tercera edad desactivada,Backend activada,Algoritmo activada,Qiskit Simulator activada,SpinQ Simulator desactivada,TQL Simulator desactivada,QAOA desactivada,VQE activada,335.63116
Visualizador calidad de aire activada,Turismo activada,Deportes activada,Entretenimiento activada,HQC activada,Visualizador restriccion uso lena desactivada,Ambientes abiertos activada,Ambientes cerrados desactivada,Optimizacion de rutas desactivada,Entretenimiento adulto activada,Entretenimiento familiar activada,Entretenimiento tercera edad desactivada,Backend activada,Algoritmo activada,Qiskit Simulator desactivada,SpinQ Simulator desactivada,TQL Simulator activada,QAOA desactivada,VQE activada,336.16724
Visualizador calidad de aire activada,Turismo activada,Deportes desactivada,Entretenimiento desactivada,HQC activada,Visualizador restriccion uso lena activada,Ambientes abiertos desactivada,Ambientes cerrados activada,Optimizacion de rutas desactivada,Entretenimiento adulto desactivada,Entretenimiento familiar desactivada,Entretenimiento tercera edad desactivada,Backend activada,Algoritmo activada,Qiskit Simulator activada,SpinQ Simulator desactivada,TQL Simulator desactivada,QAOA activada,VQE desactivada,336.36584
Visualizador calidad de aire activada,Turismo activada,Deportes activada,Entretenimiento activada,HQC activada,Visualizador restriccion uso lena desactivada,Ambientes abiertos activada,Ambientes cerrados desactivada,Optimizacion de rutas desactivada,Entretenimiento adulto desactivada,Entretenimiento familiar activada,Entretenimiento tercera edad activada,Backend activada,Algoritmo activada,Qiskit Simulator desactivada,SpinQ Simulator desactivada,TQL Simulator activada,QAOA desactivada,VQE activada,336.4463
Visualizador calidad de aire activada,Turismo activada,Deportes activada,Entretenimiento activada,HQC activada,Visualizador restriccion uso lena desactivada,Ambientes abiertos activada,Ambientes cerrados desactivada,Optimizacion de rutas desactivada,Entretenimiento adulto desactivada,Entretenimiento familiar desactivada,Entretenimiento tercera edad activada,Backend activada,Algoritmo activada,Qiskit Simulator desactivada,SpinQ Simulator activada,TQL Simulator desactivada,QAOA desactivada,VQE activada,336.45117
Visualizador calidad de aire activada,Turismo activada,Deportes activada,Entretenimiento activada,HQC activada,Visualizador restriccion uso lena activada,Ambientes abiertos activada,Ambientes cerrados desactivada,Optimizacion de rutas desactivada,Entretenimiento adulto desactivada,Entretenimiento familiar desactivada,Entretenimiento tercera edad activada,Backend activada,Algoritmo activada,Qiskit Simulator activada,SpinQ Simulator desactivada,TQL Simulator desactivada,QAOA desactivada,VQE activada,336.66678
Visualizador calidad de aire activada,Turismo activada,Deportes activada,Entretenimiento activada,HQC activada,Visualizador restriccion uso lena desactivada,Ambientes abiertos activada,Ambientes cerrados desactivada,Optimizacion de rutas activada,Entretenimiento adulto activada,Entretenimiento familiar desactivada,Entretenimiento tercera edad activada,Backend activada,Algoritmo activada,Qiskit Simulator activada,SpinQ Simulator desactivada,TQL Simulator desactivada,QAOA desactivada,VQE activada,336.91113
Visualizador calidad de aire activada,Turismo activada,Deportes activada,Entretenimiento activada,HQC activada,Visualizador restriccion uso lena desactivada,Ambientes abiertos activada,Ambientes cerrados desactivada,Optimizacion de rutas activada,Entretenimiento adulto activada,Entretenimiento familiar desactivada,Entretenimiento tercera edad activada,Backend activada,Algoritmo activada,Qiskit Simulator desactivada,SpinQ Simulator desactivada,TQL Simulator activada,QAOA desactivada,VQE activada,337.5731
Visualizador calidad de aire activada,Turismo activada,Deportes activada,Entretenimiento activada,HQC activada,Visualizador restriccion uso lena activada,Ambientes abiertos activada,Ambientes cerrados desactivada,Optimizacion de rutas desactivada,Entretenimiento adulto desactivada,Entretenimiento familiar activada,Entretenimiento tercera edad activada,Backend activada,Algoritmo activada,Qiskit Simulator activada,SpinQ Simulator desactivada,TQL Simulator desactivada,QAOA activada,VQE desactivada,337.7209
Visualizador calidad de aire activada,Turismo activada,Deportes activada,Entretenimiento desactivada,HQC activada,Visualizador restriccion uso lena activada,Ambientes abiertos desactivada,Ambientes cerrados activada,Optimizacion de rutas desactivada,Entretenimiento adulto desactivada,Entretenimiento familiar desactivada,Entretenimiento tercera edad desactivada,Backend activada,Algoritmo activada,Qiskit Simulator desactivada,SpinQ Simulator desactivada,TQL Simulator activada,QAOA desactivada,VQE activada,338.1717
Visualizador calidad de aire activada,Turismo activada,Deportes activada,Entretenimiento activada,HQC activada,Visualizador restriccion uso lena activada,Ambientes abiertos activada,Ambientes cerrados desactivada,Optimizacion de rutas activada,Entretenimiento adulto activada,Entretenimiento familiar desactivada,Entretenimiento tercera edad activada,Backend activada,Algoritmo activada,Qiskit Simulator desactivada,SpinQ Simulator desactivada,TQL Simulator activada,QAOA desactivada,VQE activada,338.2045
Visualizador calidad de aire activada,Turismo activada,Deportes activada,Entretenimiento activada,HQC activada,Visualizador restriccion uso lena desactivada,Ambientes abiertos activada,Ambientes cerrados desactivada,Optimizacion de rutas desactivada,Entretenimiento adulto desactivada,Entretenimiento familiar desactivada,Entretenimiento tercera edad activada,Backend activada,Algoritmo activada,Qiskit Simulator desactivada,SpinQ Simulator activada,TQL Simulator desactivada,QAOA activada,VQE desactivada,338.62915
Visualizador calidad de aire activada,Turismo activada,Deportes activada,Entretenimiento activada,HQC activada,Visualizador restriccion uso lena activada,Ambientes abiertos activada,Ambientes cerrados desactivada,Optimizacion de rutas desactivada,Entretenimiento adulto desactivada,Entretenimiento familiar desactivada,Entretenimiento tercera edad activada,Backend activada,Algoritmo activada,Qiskit Simulator desactivada,SpinQ Simulator activada,TQL Simulator desactivada,QAOA activada,VQE desactivada,339.7815
Visualizador calidad de aire activada,Turismo activada,Deportes activada,Entretenimiento activada,HQC activada,Visualizador restriccion uso lena desactivada,Ambientes abiertos activada,Ambientes cerrados desactivada,Optimizacion de rutas desactivada,Entretenimiento adulto activada,Entretenimiento familiar activada,Entretenimiento tercera edad desactivada,Backend activada,Algoritmo activada,Qiskit Simulator activada,SpinQ Simulator desactivada,TQL Simulator desactivada,QAOA desactivada,VQE activada,339.79294
Visualizador calidad de aire activada,Turismo activada,Deportes activada,Entretenimiento activada,HQC activada,Visualizador restriccion uso lena desactivada,Ambientes abiertos activada,Ambientes cerrados desactivada,Optimizacion de rutas desactivada,Entretenimiento adulto activada,Entretenimiento familiar activada,Entretenimiento tercera edad desactivada,Backend activada,Algoritmo activada,Qiskit Simulator activada,SpinQ Simulator desactivada,TQL Simulator desactivada,QAOA activada,VQE desactivada,340.07593
Visualizador calidad de aire activada,Turismo activada,Deportes activada,Entretenimiento activada,HQC activada,Visualizador restriccion uso lena activada,Ambientes abiertos activada,Ambientes cerrados desactivada,Optimizacion de rutas desactivada,Entretenimiento adulto desactivada,Entretenimiento familiar activada,Entretenimiento tercera edad activada,Backend activada,Algoritmo activada,Qiskit Simulator desactivada,SpinQ Simulator desactivada,TQL Simulator activada,QAOA desactivada,VQE activada,340.58768
Visualizador calidad de aire activada,Turismo activada,Deportes activada,Entretenimiento activada,HQC activada,Visualizador restriccion uso lena desactivada,Ambientes abiertos activada,Ambientes cerrados desactivada,Optimizacion de rutas desactivada,Entretenimiento adulto desactivada,Entretenimiento familiar desactivada,Entretenimiento tercera edad activada,Backend activada,Algoritmo activada,Qiskit Simulator activada,SpinQ Simulator desactivada,TQL Simulator desactivada,QAOA desactivada,VQE activada,340.77997
Visualizador calidad de aire activada,Turismo activada,Deportes desactivada,Entretenimiento desactivada,HQC activada,Visualizador restriccion uso lena activada,Ambientes abiertos desactivada,Ambientes cerrados activada,Optimizacion de rutas activada,Entretenimiento adulto desactivada,Entretenimiento familiar desactivada,Entretenimiento tercera edad desactivada,Backend activada,Algoritmo activada,Qiskit Simulator activada,SpinQ Simulator desactivada,TQL Simulator desactivada,QAOA activada,VQE desactivada,341.02594
Visualizador calidad de aire activada,Turismo activada,Deportes activada,Entretenimiento activada,HQC activada,Visualizador restriccion uso lena activada,Ambientes abiertos activada,Ambientes cerrados desactivada,Optimizacion de rutas desactivada,Entretenimiento adulto desactivada,Entretenimiento familiar activada,Entretenimiento tercera edad activada,Backend activada,Algoritmo activada,Qiskit Simulator desactivada,SpinQ Simulator activada,TQL Simulator desactivada,QAOA activada,VQE desactivada,341.77368
Visualizador calidad de aire activada,Turismo activada,Deportes activada,Entretenimiento activada,HQC activada,Visualizador restriccion uso lena activada,Ambientes abiertos activada,Ambientes cerrados desactivada,Optimizacion de rutas desactivada,Entretenimiento adulto desactivada,Entretenimiento familiar desactivada,Entretenimiento tercera edad activada,Backend activada,Algoritmo activada,Qiskit Simulator activada,SpinQ Simulator desactivada,TQL Simulator desactivada,QAOA activada,VQE desactivada,341.86304
Visualizador calidad de aire activada,Turismo activada,Deportes activada,Entretenimiento activada,HQC activada,Visualizador restriccion uso lena activada,Ambientes abiertos activada,Ambientes cerrados desactivada,Optimizacion de rutas desactivada,Entretenimiento adulto desactivada,Entretenimiento familiar activada,Entretenimiento tercera edad activada,Backend activada,Algoritmo activada,Qiskit Simulator activada,SpinQ Simulator desactivada,TQL Simulator desactivada,QAOA desactivada,VQE activada,342.5179
Visualizador calidad de aire activada,Turismo activada,Deportes desactivada,Entretenimiento activada,HQC activada,Visualizador restriccion uso lena activada,Ambientes abiertos desactivada,Ambientes cerrados activada,Optimizacion de rutas desactivada,Entretenimiento adulto desactivada,Entretenimiento familiar desactivada,Entretenimiento tercera edad activada,Backend activada,Algoritmo activada,Qiskit Simulator desactivada,SpinQ Simulator desactivada,TQL Simulator activada,QAOA activada,VQE desactivada,342.67316
Visualizador calidad de aire activada,Turismo activada,Deportes activada,Entretenimiento activada,HQC activada,Visualizador restriccion uso lena activada,Ambientes abiertos activada,Ambientes cerrados desactivada,Optimizacion de rutas activada,Entretenimiento adulto activada,Entretenimiento familiar activada,Entretenimiento tercera edad activada,Backend activada,Algoritmo activada,Qiskit Simulator activada,SpinQ Simulator desactivada,TQL Simulator desactivada,QAOA desactivada,VQE activada,342.8427
Visualizador calidad de aire activada,Turismo activada,Deportes activada,Entretenimiento activada,HQC activada,Visualizador restriccion uso lena activada,Ambientes abiertos activada,Ambientes cerrados desactivada,Optimizacion de rutas activada,Entretenimiento adulto activada,Entretenimiento familiar desactivada,Entretenimiento tercera edad desactivada,Backend activada,Algoritmo activada,Qiskit Simulator activada,SpinQ Simulator desactivada,TQL Simulator desactivada,QAOA desactivada,VQE activada,342.92926
Visualizador calidad de aire activada,Turismo activada,Deportes activada,Entretenimiento activada,HQC activada,Visualizador restriccion uso lena activada,Ambientes abiertos activada,Ambientes cerrados desactivada,Optimizacion de rutas desactivada,Entretenimiento adulto activada,Entretenimiento familiar desactivada,Entretenimiento tercera edad desactivada,Backend activada,Algoritmo activada,Qiskit Simulator activada,SpinQ Simulator desactivada,TQL Simulator desactivada,QAOA activada,VQE desactivada,343.66025
Visualizador calidad de aire activada,Turismo activada,Deportes activada,Entretenimiento activada,HQC activada,Visualizador restriccion uso lena desactivada,Ambientes abiertos activada,Ambientes cerrados desactivada,Optimizacion de rutas desactivada,Entretenimiento adulto desactivada,Entretenimiento familiar activada,Entretenimiento tercera edad activada,Backend activada,Algoritmo activada,Qiskit Simulator activada,SpinQ Simulator desactivada,TQL Simulator desactivada,QAOA desactivada,VQE activada,343.82965
Visualizador calidad de aire activada,Turismo activada,Deportes activada,Entretenimiento activada,HQC activada,Visualizador restriccion uso lena activada,Ambientes abiertos activada,Ambientes cerrados desactivada,Optimizacion de rutas desactivada,Entretenimiento adulto activada,Entretenimiento familiar desactivada,Entretenimiento tercera edad desactivada,Backend activada,Algoritmo activada,Qiskit Simulator desactivada,SpinQ Simulator desactivada,TQL Simulator activada,QAOA activada,VQE desactivada,344.1049
Visualizador calidad de aire activada,Turismo activada,Deportes activada,Entretenimiento activada,HQC activada,Visualizador restriccion uso lena activada,Ambientes abiertos activada,Ambientes cerrados desactivada,Optimizacion de rutas desactivada,Entretenimiento adulto activada,Entretenimiento familiar activada,Entretenimiento tercera edad desactivada,Backend activada,Algoritmo activada,Qiskit Simulator activada,SpinQ Simulator desactivada,TQL Simulator desactivada,QAOA desactivada,VQE activada,344.16782
Visualizador calidad de aire activada,Turismo activada,Deportes activada,Entretenimiento activada,HQC activada,Visualizador restriccion uso lena activada,Ambientes abiertos activada,Ambientes cerrados desactivada,Optimizacion de rutas desactivada,Entretenimiento adulto desactivada,Entretenimiento familiar activada,Entretenimiento tercera edad activada,Backend activada,Algoritmo activada,Qiskit Simulator desactivada,SpinQ Simulator activada,TQL Simulator desactivada,QAOA desactivada,VQE activada,344.37543
Visualizador calidad de aire activada,Turismo activada,Deportes activada,Entretenimiento activada,HQC activada,Visualizador restriccion uso lena desactivada,Ambientes abiertos activada,Ambientes cerrados desactivada,Optimizacion de rutas desactivada,Entretenimiento adulto activada,Entretenimiento familiar desactivada,Entretenimiento tercera edad desactivada,Backend activada,Algoritmo activada,Qiskit Simulator desactivada,SpinQ Simulator desactivada,TQL Simulator activada,QAOA activada,VQE desactivada,344.47272
Visualizador calidad de aire activada,Turismo activada,Deportes activada,Entretenimiento activada,HQC activada,Visualizador restriccion uso lena activada,Ambientes abiertos activada,Ambientes cerrados desactivada,Optimizacion de rutas desactivada,Entretenimiento adulto desactivada,Entretenimiento familiar activada,Entretenimiento tercera edad desactivada,Backend activada,Algoritmo activada,Qiskit Simulator desactivada,SpinQ Simulator desactivada,TQL Simulator activada,QAOA desactivada,VQE activada,344.48117
Visualizador calidad de aire activada,Turismo activada,Deportes activada,Entretenimiento activada,HQC activada,Visualizador restriccion uso lena activada,Ambientes abiertos activada,Ambientes cerrados desactivada,Optimizacion de rutas desactivada,Entretenimiento adulto activada,Entretenimiento familiar desactivada,Entretenimiento tercera edad activada,Backend activada,Algoritmo activada,Qiskit Simulator desactivada,SpinQ Simulator activada,TQL Simulator desactivada,QAOA desactivada,VQE activada,344.7401
Visualizador calidad de aire activada,Turismo activada,Deportes desactivada,Entretenimiento activada,HQC activada,Visualizador restriccion uso lena activada,Ambientes abiertos desactivada,Ambientes cerrados activada,Optimizacion de rutas desactivada,Entretenimiento adulto activada,Entretenimiento familiar activada,Entretenimiento tercera edad activada,Backend activada,Algoritmo activada,Qiskit Simulator desactivada,SpinQ Simulator activada,TQL Simulator desactivada,QAOA desactivada,VQE activada,344.92908
Visualizador calidad de aire activada,Turismo activada,Deportes activada,Entretenimiento activada,HQC activada,Visualizador restriccion uso lena desactivada,Ambientes abiertos activada,Ambientes cerrados desactivada,Optimizacion de rutas desactivada,Entretenimiento adulto desactivada,Entretenimiento familiar activada,Entretenimiento tercera edad desactivada,Backend activada,Algoritmo activada,Qiskit Simulator desactivada,SpinQ Simulator desactivada,TQL Simulator activada,QAOA desactivada,VQE activada,345.04327
Visualizador calidad de aire activada,Turismo activada,Deportes activada,Entretenimiento activada,HQC activada,Visualizador restriccion uso lena desactivada,Ambientes abiertos activada,Ambientes cerrados desactivada,Optimizacion de rutas desactivada,Entretenimiento adulto desactivada,Entretenimiento familiar activada,Entretenimiento tercera edad desactivada,Backend activada,Algoritmo activada,Qiskit Simulator activada,SpinQ Simulator desactivada,TQL Simulator desactivada,QAOA activada,VQE desactivada,345.24927
Visualizador calidad de aire activada,Turismo activada,Deportes activada,Entretenimiento desactivada,HQC activada,Visualizador restriccion uso lena activada,Ambientes abiertos activada,Ambientes cerrados desactivada,Optimizacion de rutas desactivada,Entretenimiento adulto desactivada,Entretenimiento familiar desactivada,Entretenimiento tercera edad desactivada,Backend activada,Algoritmo activada,Qiskit Simulator desactivada,SpinQ Simulator activada,TQL Simulator desactivada,QAOA desactivada,VQE activada,345.51004
Visualizador calidad de aire activada,Turismo activada,Deportes desactivada,Entretenimiento activada,HQC activada,Visualizador restriccion uso lena activada,Ambientes abiertos desactivada,Ambientes cerrados activada,Optimizacion de rutas desactivada,Entretenimiento adulto activada,Entretenimiento familiar desactivada,Entretenimiento tercera edad activada,Backend activada,Algoritmo activada,Qiskit Simulator activada,SpinQ Simulator desactivada,TQL Simulator desactivada,QAOA activada,VQE desactivada,345.73706
Visualizador calidad de aire activada,Turismo activada,Deportes activada,Entretenimiento activada,HQC activada,Visualizador restriccion uso lena activada,Ambientes abiertos activada,Ambientes cerrados desactivada,Optimizacion de rutas desactivada,Entretenimiento adulto activada,Entretenimiento familiar activada,Entretenimiento tercera edad activada,Backend activada,Algoritmo activada,Qiskit Simulator desactivada,SpinQ Simulator desactivada,TQL Simulator activada,QAOA activada,VQE desactivada,345.74945
Visualizador calidad de aire activada,Turismo activada,Deportes activada,Entretenimiento activada,HQC activada,Visualizador restriccion uso lena desactivada,Ambientes abiertos activada,Ambientes cerrados desactivada,Optimizacion de rutas desactivada,Entretenimiento adulto desactivada,Entretenimiento familiar activada,Entretenimiento tercera edad activada,Backend activada,Algoritmo activada,Qiskit Simulator desactivada,SpinQ Simulator activada,TQL Simulator desactivada,QAOA activada,VQE desactivada,345.754
Visualizador calidad de aire activada,Turismo activada,Deportes activada,Entretenimiento desactivada,HQC activada,Visualizador restriccion uso lena activada,Ambientes abiertos activada,Ambientes cerrados desactivada,Optimizacion de rutas activada,Entretenimiento adulto desactivada,Entretenimiento familiar desactivada,Entretenimiento tercera edad desactivada,Backend activada,Algoritmo activada,Qiskit Simulator desactivada,SpinQ Simulator desactivada,TQL Simulator activada,QAOA desactivada,VQE activada,346.0238
Visualizador calidad de aire activada,Turismo activada,Deportes activada,Entretenimiento activada,HQC activada,Visualizador restriccion uso lena desactivada,Ambientes abiertos activada,Ambientes cerrados desactivada,Optimizacion de rutas desactivada,Entretenimiento adulto activada,Entretenimiento familiar activada,Entretenimiento tercera edad activada,Backend activada,Algoritmo activada,Qiskit Simulator desactivada,SpinQ Simulator desactivada,TQL Simulator activada,QAOA activada,VQE desactivada,346.13885
Visualizador calidad de aire activada,Turismo activada,Deportes desactivada,Entretenimiento activada,HQC activada,Visualizador restriccion uso lena activada,Ambientes abiertos desactivada,Ambientes cerrados activada,Optimizacion de rutas desactivada,Entretenimiento adulto activada,Entretenimiento familiar activada,Entretenimiento tercera edad activada,Backend activada,Algoritmo activada,Qiskit Simulator activada,SpinQ Simulator desactivada,TQL Simulator desactivada,QAOA desactivada,VQE activada,346.16776
Visualizador calidad de aire activada,Turismo activada,Deportes desactivada,Entretenimiento activada,HQC activada,Visualizador restriccion uso lena activada,Ambientes abiertos desactivada,Ambientes cerrados activada,Optimizacion de rutas desactivada,Entretenimiento adulto desactivada,Entretenimiento familiar desactivada,Entretenimiento tercera edad activada,Backend activada,Algoritmo activada,Qiskit Simulator activada,SpinQ Simulator desactivada,TQL Simulator desactivada,QAOA activada,VQE desactivada,346.2994
Visualizador calidad de aire activada,Turismo activada,Deportes desactivada,Entretenimiento activada,HQC activada,Visualizador restriccion uso lena activada,Ambientes abiertos desactivada,Ambientes cerrados activada,Optimizacion de rutas desactivada,Entretenimiento adulto activada,Entretenimiento familiar activada,Entretenimiento tercera edad activada,Backend activada,Algoritmo activada,Qiskit Simulator activada,SpinQ Simulator desactivada,TQL Simulator desactivada,QAOA activada,VQE desactivada,346.6566
Visualizador calidad de aire activada,Turismo activada,Deportes activada,Entretenimiento activada,HQC activada,Visualizador restriccion uso lena desactivada,Ambientes abiertos activada,Ambientes cerrados desactivada,Optimizacion de rutas desactivada,Entretenimiento adulto desactivada,Entretenimiento familiar activada,Entretenimiento tercera edad activada,Backend activada,Algoritmo activada,Qiskit Simulator desactivada,SpinQ Simulator desactivada,TQL Simulator activada,QAOA activada,VQE desactivada,346.87656
Visualizador calidad de aire activada,Turismo activada,Deportes desactivada,Entretenimiento desactivada,HQC activada,Visualizador restriccion uso lena activada,Ambientes abiertos desactivada,Ambientes cerrados activada,Optimizacion de rutas desactivada,Entretenimiento adulto desactivada,Entretenimiento familiar desactivada,Entretenimiento tercera edad desactivada,Backend activada,Algoritmo activada,Qiskit Simulator desactivada,SpinQ Simulator activada,TQL Simulator desactivada,QAOA desactivada,VQE activada,346.89227
Visualizador calidad de aire activada,Turismo activada,Deportes desactivada,Entretenimiento desactivada,HQC activada,Visualizador restriccion uso lena activada,Ambientes abiertos desactivada,Ambientes cerrados activada,Optimizacion de rutas activada,Entretenimiento adulto desactivada,Entretenimiento familiar desactivada,Entretenimiento tercera edad desactivada,Backend activada,Algoritmo activada,Qiskit Simulator activada,SpinQ Simulator desactivada,TQL Simulator desactivada,QAOA desactivada,VQE activada,346.94733
Visualizador calidad de aire activada,Turismo activada,Deportes activada,Entretenimiento activada,HQC activada,Visualizador restriccion uso lena desactivada,Ambientes abiertos activada,Ambientes cerrados desactivada,Optimizacion de rutas desactivada,Entretenimiento adulto desactivada,Entretenimiento familiar activada,Entretenimiento tercera edad activada,Backend activada,Algoritmo activada,Qiskit Simulator desactivada,SpinQ Simulator activada,TQL Simulator desactivada,QAOA desactivada,VQE activada,347.02362
Visualizador calidad de aire activada,Turismo activada,Deportes activada,Entretenimiento activada,HQC activada,Visualizador restriccion uso lena activada,Ambientes abiertos activada,Ambientes cerrados desactivada,Optimizacion de rutas desactivada,Entretenimiento adulto activada,Entretenimiento familiar activada,Entretenimiento tercera edad desactivada,Backend activada,Algoritmo activada,Qiskit Simulator desactivada,SpinQ Simulator desactivada,TQL Simulator activada,QAOA desactivada,VQE activada,347.22955
Visualizador calidad de aire activada,Turismo activada,Deportes activada,Entretenimiento activada,HQC activada,Visualizador restriccion uso lena activada,Ambientes abiertos activada,Ambientes cerrados desactivada,Optimizacion de rutas activada,Entretenimiento adulto activada,Entretenimiento familiar desactivada,Entretenimiento tercera edad activada,Backend activada,Algoritmo activada,Qiskit Simulator activada,SpinQ Simulator desactivada,TQL Simulator desactivada,QAOA activada,VQE desactivada,347.3874
Visualizador calidad de aire activada,Turismo activada,Deportes activada,Entretenimiento activada,HQC activada,Visualizador restriccion uso lena desactivada,Ambientes abiertos activada,Ambientes cerrados desactivada,Optimizacion de rutas desactivada,Entretenimiento adulto activada,Entretenimiento familiar activada,Entretenimiento tercera edad desactivada,Backend activada,Algoritmo activada,Qiskit Simulator desactivada,SpinQ Simulator desactivada,TQL Simulator activada,QAOA activada,VQE desactivada,347.6904
Visualizador calidad de aire activada,Turismo activada,Deportes desactivada,Entretenimiento activada,HQC activada,Visualizador restriccion uso lena activada,Ambientes abiertos desactivada,Ambientes cerrados activada,Optimizacion de rutas desactivada,Entretenimiento adulto desactivada,Entretenimiento familiar activada,Entretenimiento tercera edad activada,Backend activada,Algoritmo activada,Qiskit Simulator activada,SpinQ Simulator desactivada,TQL Simulator desactivada,QAOA desactivada,VQE activada,348.08545
Visualizador calidad de aire activada,Turismo activada,Deportes desactivada,Entretenimiento activada,HQC activada,Visualizador restriccion uso lena activada,Ambientes abiertos desactivada,Ambientes cerrados activada,Optimizacion de rutas desactivada,Entretenimiento adulto desactivada,Entretenimiento familiar desactivada,Entretenimiento tercera edad activada,Backend activada,Algoritmo activada,Qiskit Simulator desactivada,SpinQ Simulator activada,TQL Simulator desactivada,QAOA desactivada,VQE activada,348.09296
Visualizador calidad de aire activada,Turismo activada,Deportes activada,Entretenimiento activada,HQC activada,Visualizador restriccion uso lena activada,Ambientes abiertos desactivada,Ambientes cerrados activada,Optimizacion de rutas desactivada,Entretenimiento adulto desactivada,Entretenimiento familiar desactivada,Entretenimiento tercera edad activada,Backend activada,Algoritmo activada,Qiskit Simulator desactivada,SpinQ Simulator activada,TQL Simulator desactivada,QAOA desactivada,VQE activada,348.41205
Visualizador calidad de aire activada,Turismo activada,Deportes activada,Entretenimiento activada,HQC activada,Visualizador restriccion uso lena desactivada,Ambientes abiertos activada,Ambientes cerrados desactivada,Optimizacion de rutas desactivada,Entretenimiento adulto activada,Entretenimiento familiar desactivada,Entretenimiento tercera edad activada,Backend activada,Algoritmo activada,Qiskit Simulator desactivada,SpinQ Simulator activada,TQL Simulator desactivada,QAOA desactivada,VQE activada,348.76758
Visualizador calidad de aire activada,Turismo activada,Deportes desactivada,Entretenimiento activada,HQC activada,Visualizador restriccion uso lena activada,Ambientes abiertos desactivada,Ambientes cerrados activada,Optimizacion de rutas desactivada,Entretenimiento adulto desactivada,Entretenimiento familiar activada,Entretenimiento tercera edad activada,Backend activada,Algoritmo activada,Qiskit Simulator desactivada,SpinQ Simulator activada,TQL Simulator desactivada,QAOA desactivada,VQE activada,349.12204
Visualizador calidad de aire activada,Turismo activada,Deportes activada,Entretenimiento desactivada,HQC activada,Visualizador restriccion uso lena activada,Ambientes abiertos desactivada,Ambientes cerrados activada,Optimizacion de rutas desactivada,Entretenimiento adulto desactivada,Entretenimiento familiar desactivada,Entretenimiento tercera edad desactivada,Backend activada,Algoritmo activada,Qiskit Simulator activada,SpinQ Simulator desactivada,TQL Simulator desactivada,QAOA desactivada,VQE activada,349.2075
Visualizador calidad de aire activada,Turismo activada,Deportes activada,Entretenimiento activada,HQC activada,Visualizador restriccion uso lena activada,Ambientes abiertos desactivada,Ambientes cerrados activada,Optimizacion de rutas desactivada,Entretenimiento adulto desactivada,Entretenimiento familiar desactivada,Entretenimiento tercera edad activada,Backend activada,Algoritmo activada,Qiskit Simulator desactivada,SpinQ Simulator desactivada,TQL Simulator activada,QAOA desactivada,VQE activada,349.29367
Visualizador calidad de aire activada,Turismo activada,Deportes activada,Entretenimiento activada,HQC activada,Visualizador restriccion uso lena desactivada,Ambientes abiertos activada,Ambientes cerrados desactivada,Optimizacion de rutas activada,Entretenimiento adulto activada,Entretenimiento familiar desactivada,Entretenimiento tercera edad desactivada,Backend activada,Algoritmo activada,Qiskit Simulator desactivada,SpinQ Simulator desactivada,TQL Simulator activada,QAOA desactivada,VQE activada,349.3984
Visualizador calidad de aire activada,Turismo activada,Deportes desactivada,Entretenimiento activada,HQC activada,Visualizador restriccion uso lena activada,Ambientes abiertos desactivada,Ambientes cerrados activada,Optimizacion de rutas desactivada,Entretenimiento adulto desactivada,Entretenimiento familiar desactivada,Entretenimiento tercera edad activada,Backend activada,Algoritmo activada,Qiskit Simulator desactivada,SpinQ Simulator activada,TQL Simulator desactivada,QAOA activada,VQE desactivada,349.62787
Visualizador calidad de aire activada,Turismo activada,Deportes activada,Entretenimiento desactivada,HQC activada,Visualizador restriccion uso lena activada,Ambientes abiertos activada,Ambientes cerrados desactivada,Optimizacion de rutas activada,Entretenimiento adulto desactivada,Entretenimiento familiar desactivada,Entretenimiento tercera edad desactivada,Backend activada,Algoritmo activada,Qiskit Simulator activada,SpinQ Simulator desactivada,TQL Simulator desactivada,QAOA desactivada,VQE activada,349.76602
Visualizador calidad de aire activada,Turismo activada,Deportes activada,Entretenimiento activada,HQC activada,Visualizador restriccion uso lena activada,Ambientes abiertos activada,Ambientes cerrados desactivada,Optimizacion de rutas activada,Entretenimiento adulto activada,Entretenimiento familiar desactivada,Entretenimiento tercera edad desactivada,Backend activada,Algoritmo activada,Qiskit Simulator desactivada,SpinQ Simulator desactivada,TQL Simulator activada,QAOA desactivada,VQE activada,349.85126
Visualizador calidad de aire activada,Turismo activada,Deportes activada,Entretenimiento activada,HQC activada,Visualizador restriccion uso lena activada,Ambientes abiertos activada,Ambientes cerrados desactivada,Optimizacion de rutas desactivada,Entretenimiento adulto desactivada,Entretenimiento familiar activada,Entretenimiento tercera edad activada,Backend activada,Algoritmo activada,Qiskit Simulator desactivada,SpinQ Simulator desactivada,TQL Simulator activada,QAOA activada,VQE desactivada,349.8871
Visualizador calidad de aire activada,Turismo activada,Deportes activada,Entretenimiento activada,HQC activada,Visualizador restriccion uso lena desactivada,Ambientes abiertos activada,Ambientes cerrados desactivada,Optimizacion de rutas activada,Entretenimiento adulto activada,Entretenimiento familiar activada,Entretenimiento tercera edad activada,Backend activada,Algoritmo activada,Qiskit Simulator activada,SpinQ Simulator desactivada,TQL Simulator desactivada,QAOA desactivada,VQE activada,349.97876
Visualizador calidad de aire activada,Turismo activada,Deportes desactivada,Entretenimiento desactivada,HQC activada,Visualizador restriccion uso lena activada,Ambientes abiertos desactivada,Ambientes cerrados activada,Optimizacion de rutas activada,Entretenimiento adulto desactivada,Entretenimiento familiar desactivada,Entretenimiento tercera edad desactivada,Backend activada,Algoritmo activada,Qiskit Simulator desactivada,SpinQ Simulator desactivada,TQL Simulator activada,QAOA activada,VQE desactivada,350.36697
Visualizador calidad de aire activada,Turismo activada,Deportes desactivada,Entretenimiento activada,HQC activada,Visualizador restriccion uso lena activada,Ambientes abiertos desactivada,Ambientes cerrados activada,Optimizacion de rutas desactivada,Entretenimiento adulto activada,Entretenimiento familiar desactivada,Entretenimiento tercera edad activada,Backend activada,Algoritmo activada,Qiskit Simulator desactivada,SpinQ Simulator desactivada,TQL Simulator activada,QAOA desactivada,VQE activada,350.43134
Visualizador calidad de aire activada,Turismo activada,Deportes desactivada,Entretenimiento activada,HQC activada,Visualizador restriccion uso lena activada,Ambientes abiertos desactivada,Ambientes cerrados activada,Optimizacion de rutas activada,Entretenimiento adulto desactivada,Entretenimiento familiar activada,Entretenimiento tercera edad activada,Backend activada,Algoritmo activada,Qiskit Simulator activada,SpinQ Simulator desactivada,TQL Simulator desactivada,QAOA desactivada,VQE activada,350.4757
Visualizador calidad de aire activada,Turismo activada,Deportes activada,Entretenimiento activada,HQC activada,Visualizador restriccion uso lena activada,Ambientes abiertos desactivada,Ambientes cerrados activada,Optimizacion de rutas desactivada,Entretenimiento adulto desactivada,Entretenimiento familiar desactivada,Entretenimiento tercera edad activada,Backend activada,Algoritmo activada,Qiskit Simulator activada,SpinQ Simulator desactivada,TQL Simulator desactivada,QAOA desactivada,VQE activada,350.74756
Visualizador calidad de aire activada,Turismo activada,Deportes activada,Entretenimiento activada,HQC activada,Visualizador restriccion uso lena desactivada,Ambientes abiertos activada,Ambientes cerrados desactivada,Optimizacion de rutas desactivada,Entretenimiento adulto activada,Entretenimiento familiar desactivada,Entretenimiento tercera edad desactivada,Backend activada,Algoritmo activada,Qiskit Simulator activada,SpinQ Simulator desactivada,TQL Simulator desactivada,QAOA activada,VQE desactivada,350.79303
Visualizador calidad de aire activada,Turismo activada,Deportes activada,Entretenimiento activada,HQC activada,Visualizador restriccion uso lena desactivada,Ambientes abiertos activada,Ambientes cerrados desactivada,Optimizacion de rutas activada,Entretenimiento adulto activada,Entretenimiento familiar desactivada,Entretenimiento tercera edad activada,Backend activada,Algoritmo activada,Qiskit Simulator activada,SpinQ Simulator desactivada,TQL Simulator desactivada,QAOA activada,VQE desactivada,350.92685
Visualizador calidad de aire activada,Turismo activada,Deportes activada,Entretenimiento activada,HQC activada,Visualizador restriccion uso lena activada,Ambientes abiertos activada,Ambientes cerrados desactivada,Optimizacion de rutas activada,Entretenimiento adulto activada,Entretenimiento familiar activada,Entretenimiento tercera edad activada,Backend activada,Algoritmo activada,Qiskit Simulator activada,SpinQ Simulator desactivada,TQL Simulator desactivada,QAOA activada,VQE desactivada,350.92807
Visualizador calidad de aire activada,Turismo activada,Deportes activada,Entretenimiento activada,HQC activada,Visualizador restriccion uso lena activada,Ambientes abiertos activada,Ambientes cerrados desactivada,Optimizacion de rutas activada,Entretenimiento adulto desactivada,Entretenimiento familiar desactivada,Entretenimiento tercera edad activada,Backend activada,Algoritmo activada,Qiskit Simulator desactivada,SpinQ Simulator desactivada,TQL Simulator activada,QAOA desactivada,VQE activada,351.0321
Visualizador calidad de aire activada,Turismo activada,Deportes activada,Entretenimiento activada,HQC activada,Visualizador restriccion uso lena desactivada,Ambientes abiertos activada,Ambientes cerrados desactivada,Optimizacion de rutas activada,Entretenimiento adulto activada,Entretenimiento familiar desactivada,Entretenimiento tercera edad desactivada,Backend activada,Algoritmo activada,Qiskit Simulator activada,SpinQ Simulator desactivada,TQL Simulator desactivada,QAOA desactivada,VQE activada,351.06128
Visualizador calidad de aire activada,Turismo activada,Deportes activada,Entretenimiento activada,HQC activada,Visualizador restriccion uso lena desactivada,Ambientes abiertos activada,Ambientes cerrados desactivada,Optimizacion de rutas desactivada,Entretenimiento adulto desactivada,Entretenimiento familiar activada,Entretenimiento tercera edad desactivada,Backend activada,Algoritmo activada,Qiskit Simulator activada,SpinQ Simulator desactivada,TQL Simulator desactivada,QAOA desactivada,VQE activada,351.07495
Visualizador calidad de aire activada,Turismo activada,Deportes desactivada,Entretenimiento activada,HQC activada,Visualizador restriccion uso lena activada,Ambientes abiertos desactivada,Ambientes cerrados activada,Optimizacion de rutas desactivada,Entretenimiento adulto desactivada,Entretenimiento familiar activada,Entretenimiento tercera edad activada,Backend activada,Algoritmo activada,Qiskit Simulator activada,SpinQ Simulator desactivada,TQL Simulator desactivada,QAOA activada,VQE desactivada,351.14105
Visualizador calidad de aire activada,Turismo activada,Deportes desactivada,Entretenimiento activada,HQC activada,Visualizador restriccion uso lena activada,Ambientes abiertos desactivada,Ambientes cerrados activada,Optimizacion de rutas desactivada,Entretenimiento adulto desactivada,Entretenimiento familiar activada,Entretenimiento tercera edad activada,Backend activada,Algoritmo activada,Qiskit Simulator desactivada,SpinQ Simulator activada,TQL Simulator desactivada,QAOA activada,VQE desactivada,351.2391
Visualizador calidad de aire activada,Turismo activada,Deportes activada,Entretenimiento activada,HQC activada,Visualizador restriccion uso lena activada,Ambientes abiertos activada,Ambientes cerrados desactivada,Optimizacion de rutas desactivada,Entretenimiento adulto activada,Entretenimiento familiar activada,Entretenimiento tercera edad activada,Backend activada,Algoritmo activada,Qiskit Simulator desactivada,SpinQ Simulator activada,TQL Simulator desactivada,QAOA desactivada,VQE activada,351.378
Visualizador calidad de aire activada,Turismo activada,Deportes activada,Entretenimiento activada,HQC activada,Visualizador restriccion uso lena desactivada,Ambientes abiertos activada,Ambientes cerrados desactivada,Optimizacion de rutas desactivada,Entretenimiento adulto activada,Entretenimiento familiar activada,Entretenimiento tercera edad activada,Backend activada,Algoritmo activada,Qiskit Simulator desactivada,SpinQ Simulator activada,TQL Simulator desactivada,QAOA desactivada,VQE activada,351.44098
Visualizador calidad de aire activada,Turismo activada,Deportes activada,Entretenimiento desactivada,HQC activada,Visualizador restriccion uso lena desactivada,Ambientes abiertos activada,Ambientes cerrados desactivada,Optimizacion de rutas activada,Entretenimiento adulto desactivada,Entretenimiento familiar desactivada,Entretenimiento tercera edad desactivada,Backend activada,Algoritmo activada,Qiskit Simulator activada,SpinQ Simulator desactivada,TQL Simulator desactivada,QAOA desactivada,VQE activada,351.61502
Visualizador calidad de aire activada,Turismo activada,Deportes activada,Entretenimiento desactivada,HQC activada,Visualizador restriccion uso lena activada,Ambientes abiertos desactivada,Ambientes cerrados activada,Optimizacion de rutas desactivada,Entretenimiento adulto desactivada,Entretenimiento familiar desactivada,Entretenimiento tercera edad desactivada,Backend activada,Algoritmo activada,Qiskit Simulator desactivada,SpinQ Simulator desactivada,TQL Simulator activada,QAOA activada,VQE desactivada,351.76898
Visualizador calidad de aire activada,Turismo activada,Deportes activada,Entretenimiento activada,HQC activada,Visualizador restriccion uso lena desactivada,Ambientes abiertos activada,Ambientes cerrados desactivada,Optimizacion de rutas activada,Entretenimiento adulto desactivada,Entretenimiento familiar desactivada,Entretenimiento tercera edad activada,Backend activada,Algoritmo activada,Qiskit Simulator desactivada,SpinQ Simulator desactivada,TQL Simulator activada,QAOA desactivada,VQE activada,352.22333
Visualizador calidad de aire activada,Turismo activada,Deportes activada,Entretenimiento activada,HQC activada,Visualizador restriccion uso lena activada,Ambientes abiertos activada,Ambientes cerrados desactivada,Optimizacion de rutas desactivada,Entretenimiento adulto activada,Entretenimiento familiar activada,Entretenimiento tercera edad desactivada,Backend activada,Algoritmo activada,Qiskit Simulator desactivada,SpinQ Simulator desactivada,TQL Simulator activada,QAOA activada,VQE desactivada,352.2284
Visualizador calidad de aire activada,Turismo activada,Deportes desactivada,Entretenimiento activada,HQC activada,Visualizador restriccion uso lena activada,Ambientes abiertos desactivada,Ambientes cerrados activada,Optimizacion de rutas desactivada,Entretenimiento adulto activada,Entretenimiento familiar desactivada,Entretenimiento tercera edad activada,Backend activada,Algoritmo activada,Qiskit Simulator desactivada,SpinQ Simulator activada,TQL Simulator desactivada,QAOA desactivada,VQE activada,352.3947
Visualizador calidad de aire activada,Turismo activada,Deportes desactivada,Entretenimiento activada,HQC activada,Visualizador restriccion uso lena activada,Ambientes abiertos desactivada,Ambientes cerrados activada,Optimizacion de rutas activada,Entretenimiento adulto activada,Entretenimiento familiar desactivada,Entretenimiento tercera edad activada,Backend activada,Algoritmo activada,Qiskit Simulator activada,SpinQ Simulator desactivada,TQL Simulator desactivada,QAOA desactivada,VQE activada,352.49072
Visualizador calidad de aire activada,Turismo activada,Deportes activada,Entretenimiento desactivada,HQC activada,Visualizador restriccion uso lena desactivada,Ambientes abiertos activada,Ambientes cerrados desactivada,Optimizacion de rutas activada,Entretenimiento adulto desactivada,Entretenimiento familiar desactivada,Entretenimiento tercera edad desactivada,Backend activada,Algoritmo activada,Qiskit Simulator desactivada,SpinQ Simulator desactivada,TQL Simulator activada,QAOA desactivada,VQE activada,352.88794
Visualizador calidad de aire activada,Turismo activada,Deportes activada,Entretenimiento desactivada,HQC activada,Visualizador restriccion uso lena desactivada,Ambientes abiertos activada,Ambientes cerrados desactivada,Optimizacion de rutas desactivada,Entretenimiento adulto desactivada,Entretenimiento familiar desactivada,Entretenimiento tercera edad desactivada,Backend activada,Algoritmo activada,Qiskit Simulator desactivada,SpinQ Simulator activada,TQL Simulator desactivada,QAOA desactivada,VQE activada,353.09497
Visualizador calidad de aire activada,Turismo activada,Deportes activada,Entretenimiento activada,HQC activada,Visualizador restriccion uso lena activada,Ambientes abiertos activada,Ambientes cerrados desactivada,Optimizacion de rutas desactivada,Entretenimiento adulto desactivada,Entretenimiento familiar activada,Entretenimiento tercera edad desactivada,Backend activada,Algoritmo activada,Qiskit Simulator activada,SpinQ Simulator desactivada,TQL Simulator desactivada,QAOA desactivada,VQE activada,353.4342
Visualizador calidad de aire activada,Turismo activada,Deportes desactivada,Entretenimiento activada,HQC activada,Visualizador restriccion uso lena activada,Ambientes abiertos desactivada,Ambientes cerrados activada,Optimizacion de rutas desactivada,Entretenimiento adulto activada,Entretenimiento familiar desactivada,Entretenimiento tercera edad activada,Backend activada,Algoritmo activada,Qiskit Simulator desactivada,SpinQ Simulator desactivada,TQL Simulator activada,QAOA activada,VQE desactivada,353.45447
Visualizador calidad de aire activada,Turismo activada,Deportes desactivada,Entretenimiento activada,HQC activada,Visualizador restriccion uso lena activada,Ambientes abiertos desactivada,Ambientes cerrados activada,Optimizacion de rutas desactivada,Entretenimiento adulto desactivada,Entretenimiento familiar desactivada,Entretenimiento tercera edad activada,Backend activada,Algoritmo activada,Qiskit Simulator activada,SpinQ Simulator desactivada,TQL Simulator desactivada,QAOA desactivada,VQE activada,353.7471
Visualizador calidad de aire activada,Turismo activada,Deportes activada,Entretenimiento activada,HQC activada,Visualizador restriccion uso lena activada,Ambientes abiertos activada,Ambientes cerrados desactivada,Optimizacion de rutas desactivada,Entretenimiento adulto desactivada,Entretenimiento familiar activada,Entretenimiento tercera edad desactivada,Backend activada,Algoritmo activada,Qiskit Simulator activada,SpinQ Simulator desactivada,TQL Simulator desactivada,QAOA activada,VQE desactivada,353.8437
Visualizador calidad de aire activada,Turismo activada,Deportes activada,Entretenimiento activada,HQC activada,Visualizador restriccion uso lena activada,Ambientes abiertos activada,Ambientes cerrados desactivada,Optimizacion de rutas activada,Entretenimiento adulto activada,Entretenimiento familiar desactivada,Entretenimiento tercera edad desactivada,Backend activada,Algoritmo activada,Qiskit Simulator activada,SpinQ Simulator desactivada,TQL Simulator desactivada,QAOA activada,VQE desactivada,353.98917
Visualizador calidad de aire activada,Turismo activada,Deportes activada,Entretenimiento activada,HQC activada,Visualizador restriccion uso lena activada,Ambientes abiertos desactivada,Ambientes cerrados activada,Optimizacion de rutas desactivada,Entretenimiento adulto desactivada,Entretenimiento familiar activada,Entretenimiento tercera edad activada,Backend activada,Algoritmo activada,Qiskit Simulator desactivada,SpinQ Simulator activada,TQL Simulator desactivada,QAOA desactivada,VQE activada,354.107
Visualizador calidad de aire activada,Turismo activada,Deportes activada,Entretenimiento activada,HQC activada,Visualizador restriccion uso lena activada,Ambientes abiertos activada,Ambientes cerrados desactivada,Optimizacion de rutas desactivada,Entretenimiento adulto activada,Entretenimiento familiar activada,Entretenimiento tercera edad activada,Backend activada,Algoritmo activada,Qiskit Simulator desactivada,SpinQ Simulator activada,TQL Simulator desactivada,QAOA activada,VQE desactivada,355.00653
Visualizador calidad de aire activada,Turismo activada,Deportes activada,Entretenimiento desactivada,HQC activada,Visualizador restriccion uso lena activada,Ambientes abiertos desactivada,Ambientes cerrados activada,Optimizacion de rutas activada,Entretenimiento adulto desactivada,Entretenimiento familiar desactivada,Entretenimiento tercera edad desactivada,Backend activada,Algoritmo activada,Qiskit Simulator activada,SpinQ Simulator desactivada,TQL Simulator desactivada,QAOA desactivada,VQE activada,355.07275
Visualizador calidad de aire activada,Turismo activada,Deportes activada,Entretenimiento activada,HQC activada,Visualizador restriccion uso lena activada,Ambientes abiertos activada,Ambientes cerrados desactivada,Optimizacion de rutas activada,Entretenimiento adulto activada,Entretenimiento familiar activada,Entretenimiento tercera edad desactivada,Backend activada,Algoritmo activada,Qiskit Simulator activada,SpinQ Simulator desactivada,TQL Simulator desactivada,QAOA desactivada,VQE activada,355.48453
Visualizador calidad de aire activada,Turismo activada,Deportes desactivada,Entretenimiento activada,HQC activada,Visualizador restriccion uso lena activada,Ambientes abiertos desactivada,Ambientes cerrados activada,Optimizacion de rutas activada,Entretenimiento adulto activada,Entretenimiento familiar desactivada,Entretenimiento tercera edad activada,Backend activada,Algoritmo activada,Qiskit Simulator desactivada,SpinQ Simulator desactivada,TQL Simulator activada,QAOA desactivada,VQE activada,355.54242
Visualizador calidad de aire activada,Turismo activada,Deportes activada,Entretenimiento activada,HQC activada,Visualizador restriccion uso lena activada,Ambientes abiertos desactivada,Ambientes cerrados activada,Optimizacion de rutas desactivada,Entretenimiento adulto desactivada,Entretenimiento familiar activada,Entretenimiento tercera edad activada,Backend activada,Algoritmo activada,Qiskit Simulator activada,SpinQ Simulator desactivada,TQL Simulator desactivada,QAOA desactivada,VQE activada,355.7244
Visualizador calidad de aire activada,Turismo activada,Deportes activada,Entretenimiento activada,HQC activada,Visualizador restriccion uso lena activada,Ambientes abiertos activada,Ambientes cerrados desactivada,Optimizacion de rutas desactivada,Entretenimiento adulto activada,Entretenimiento familiar desactivada,Entretenimiento tercera edad activada,Backend activada,Algoritmo activada,Qiskit Simulator desactivada,SpinQ Simulator activada,TQL Simulator desactivada,QAOA activada,VQE desactivada,356.08344
Visualizador calidad de aire activada,Turismo activada,Deportes activada,Entretenimiento activada,HQC activada,Visualizador restriccion uso lena desactivada,Ambientes abiertos activada,Ambientes cerrados desactivada,Optimizacion de rutas activada,Entretenimiento adulto desactivada,Entretenimiento familiar activada,Entretenimiento tercera edad activada,Backend activada,Algoritmo activada,Qiskit Simulator activada,SpinQ Simulator desactivada,TQL Simulator desactivada,QAOA activada,VQE desactivada,356.16815
Visualizador calidad de aire activada,Turismo activada,Deportes activada,Entretenimiento activada,HQC activada,Visualizador restriccion uso lena activada,Ambientes abiertos activada,Ambientes cerrados desactivada,Optimizacion de rutas desactivada,Entretenimiento adulto desactivada,Entretenimiento familiar activada,Entretenimiento tercera edad desactivada,Backend activada,Algoritmo activada,Qiskit Simulator desactivada,SpinQ Simulator activada,TQL Simulator desactivada,QAOA activada,VQE desactivada,356.46112
Visualizador calidad de aire activada,Turismo activada,Deportes desactivada,Entretenimiento activada,HQC activada,Visualizador restriccion uso lena activada,Ambientes abiertos desactivada,Ambientes cerrados activada,Optimizacion de rutas activada,Entretenimiento adulto desactivada,Entretenimiento familiar desactivada,Entretenimiento tercera edad activada,Backend activada,Algoritmo activada,Qiskit Simulator activada,SpinQ Simulator desactivada,TQL Simulator desactivada,QAOA desactivada,VQE activada,356.48163
Visualizador calidad de aire activada,Turismo activada,Deportes activada,Entretenimiento activada,HQC activada,Visualizador restriccion uso lena activada,Ambientes abiertos activada,Ambientes cerrados desactivada,Optimizacion de rutas activada,Entretenimiento adulto activada,Entretenimiento familiar activada,Entretenimiento tercera edad desactivada,Backend activada,Algoritmo activada,Qiskit Simulator activada,SpinQ Simulator desactivada,TQL Simulator desactivada,QAOA activada,VQE desactivada,356.58002
Visualizador calidad de aire activada,Turismo activada,Deportes activada,Entretenimiento activada,HQC activada,Visualizador restriccion uso lena desactivada,Ambientes abiertos activada,Ambientes cerrados desactivada,Optimizacion de rutas activada,Entretenimiento adulto desactivada,Entretenimiento familiar desactivada,Entretenimiento tercera edad activada,Backend activada,Algoritmo activada,Qiskit Simulator activada,SpinQ Simulator desactivada,TQL Simulator desactivada,QAOA activada,VQE desactivada,356.6102
Visualizador calidad de aire activada,Turismo activada,Deportes activada,Entretenimiento activada,HQC activada,Visualizador restriccion uso lena activada,Ambientes abiertos desactivada,Ambientes cerrados activada,Optimizacion de rutas desactivada,Entretenimiento adulto desactivada,Entretenimiento familiar activada,Entretenimiento tercera edad activada,Backend activada,Algoritmo activada,Qiskit Simulator desactivada,SpinQ Simulator desactivada,TQL Simulator activada,QAOA desactivada,VQE activada,356.63782
Visualizador calidad de aire activada,Turismo activada,Deportes desactivada,Entretenimiento activada,HQC activada,Visualizador restriccion uso lena activada,Ambientes abiertos desactivada,Ambientes cerrados activada,Optimizacion de rutas desactivada,Entretenimiento adulto desactivada,Entretenimiento familiar activada,Entretenimiento tercera edad activada,Backend activada,Algoritmo activada,Qiskit Simulator desactivada,SpinQ Simulator desactivada,TQL Simulator activada,QAOA desactivada,VQE activada,356.646
Visualizador calidad de aire activada,Turismo activada,Deportes activada,Entretenimiento activada,HQC activada,Visualizador restriccion uso lena desactivada,Ambientes abiertos activada,Ambientes cerrados desactivada,Optimizacion de rutas desactivada,Entretenimiento adulto activada,Entretenimiento familiar desactivada,Entretenimiento tercera edad activada,Backend activada,Algoritmo activada,Qiskit Simulator desactivada,SpinQ Simulator activada,TQL Simulator desactivada,QAOA activada,VQE desactivada,356.82306
Visualizador calidad de aire activada,Turismo activada,Deportes activada,Entretenimiento activada,HQC activada,Visualizador restriccion uso lena desactivada,Ambientes abiertos activada,Ambientes cerrados desactivada,Optimizacion de rutas activada,Entretenimiento adulto activada,Entretenimiento familiar activada,Entretenimiento tercera edad activada,Backend activada,Algoritmo activada,Qiskit Simulator activada,SpinQ Simulator desactivada,TQL Simulator desactivada,QAOA activada,VQE desactivada,356.82422
Visualizador calidad de aire activada,Turismo activada,Deportes desactivada,Entretenimiento activada,HQC activada,Visualizador restriccion uso lena activada,Ambientes abiertos desactivada,Ambientes cerrados activada,Optimizacion de rutas desactivada,Entretenimiento adulto desactivada,Entretenimiento familiar activada,Entretenimiento tercera edad desactivada,Backend activada,Algoritmo activada,Qiskit Simulator desactivada,SpinQ Simulator desactivada,TQL Simulator activada,QAOA desactivada,VQE activada,357.11267
Visualizador calidad de aire activada,Turismo activada,Deportes desactivada,Entretenimiento activada,HQC activada,Visualizador restriccion uso lena activada,Ambientes abiertos desactivada,Ambientes cerrados activada,Optimizacion de rutas desactivada,Entretenimiento adulto activada,Entretenimiento familiar desactivada,Entretenimiento tercera edad activada,Backend activada,Algoritmo activada,Qiskit Simulator activada,SpinQ Simulator desactivada,TQL Simulator desactivada,QAOA desactivada,VQE activada,357.1256
Visualizador calidad de aire activada,Turismo activada,Deportes desactivada,Entretenimiento activada,HQC activada,Visualizador restriccion uso lena activada,Ambientes abiertos desactivada,Ambientes cerrados activada,Optimizacion de rutas desactivada,Entretenimiento adulto desactivada,Entretenimiento familiar activada,Entretenimiento tercera edad desactivada,Backend activada,Algoritmo activada,Qiskit Simulator activada,SpinQ Simulator desactivada,TQL Simulator desactivada,QAOA activada,VQE desactivada,357.37494
Visualizador calidad de aire activada,Turismo activada,Deportes activada,Entretenimiento activada,HQC activada,Visualizador restriccion uso lena desactivada,Ambientes abiertos activada,Ambientes cerrados desactivada,Optimizacion de rutas desactivada,Entretenimiento adulto desactivada,Entretenimiento familiar activada,Entretenimiento tercera edad desactivada,Backend activada,Algoritmo activada,Qiskit Simulator desactivada,SpinQ Simulator activada,TQL Simulator desactivada,QAOA activada,VQE desactivada,357.43658
Visualizador calidad de aire activada,Turismo activada,Deportes desactivada,Entretenimiento activada,HQC activada,Visualizador restriccion uso lena activada,Ambientes abiertos desactivada,Ambientes cerrados activada,Optimizacion de rutas activada,Entretenimiento adulto desactivada,Entretenimiento familiar desactivada,Entretenimiento tercera edad activada,Backend activada,Algoritmo activada,Qiskit Simulator desactivada,SpinQ Simulator activada,TQL Simulator desactivada,QAOA desactivada,VQE activada,357.46313
Visualizador calidad de aire activada,Turismo activada,Deportes activada,Entretenimiento activada,HQC activada,Visualizador restriccion uso lena desactivada,Ambientes abiertos activada,Ambientes cerrados desactivada,Optimizacion de rutas activada,Entretenimiento adulto activada,Entretenimiento familiar activada,Entretenimiento tercera edad activada,Backend activada,Algoritmo activada,Qiskit Simulator desactivada,SpinQ Simulator desactivada,TQL Simulator activada,QAOA desactivada,VQE activada,357.5282
Visualizador calidad de aire activada,Turismo activada,Deportes activada,Entretenimiento activada,HQC activada,Visualizador restriccion uso lena desactivada,Ambientes abiertos activada,Ambientes cerrados desactivada,Optimizacion de rutas activada,Entretenimiento adulto activada,Entretenimiento familiar activada,Entretenimiento tercera edad desactivada,Backend activada,Algoritmo activada,Qiskit Simulator activada,SpinQ Simulator desactivada,TQL Simulator desactivada,QAOA activada,VQE desactivada,357.79004
Visualizador calidad de aire activada,Turismo activada,Deportes activada,Entretenimiento activada,HQC activada,Visualizador restriccion uso lena activada,Ambientes abiertos desactivada,Ambientes cerrados activada,Optimizacion de rutas desactivada,Entretenimiento adulto desactivada,Entretenimiento familiar activada,Entretenimiento tercera edad desactivada,Backend activada,Algoritmo activada,Qiskit Simulator desactivada,SpinQ Simulator desactivada,TQL Simulator activada,QAOA desactivada,VQE activada,357.9109
Visualizador calidad de aire activada,Turismo activada,Deportes activada,Entretenimiento activada,HQC activada,Visualizador restriccion uso lena desactivada,Ambientes abiertos activada,Ambientes cerrados desactivada,Optimizacion de rutas desactivada,Entretenimiento adulto desactivada,Entretenimiento familiar activada,Entretenimiento tercera edad desactivada,Backend activada,Algoritmo activada,Qiskit Simulator desactivada,SpinQ Simulator desactivada,TQL Simulator activada,QAOA activada,VQE desactivada,358.1647
Visualizador calidad de aire activada,Turismo activada,Deportes desactivada,Entretenimiento activada,HQC activada,Visualizador restriccion uso lena activada,Ambientes abiertos desactivada,Ambientes cerrados activada,Optimizacion de rutas activada,Entretenimiento adulto desactivada,Entretenimiento familiar desactivada,Entretenimiento tercera edad activada,Backend activada,Algoritmo activada,Qiskit Simulator desactivada,SpinQ Simulator desactivada,TQL Simulator activada,QAOA desactivada,VQE activada,358.1955
Visualizador calidad de aire activada,Turismo activada,Deportes activada,Entretenimiento activada,HQC activada,Visualizador restriccion uso lena desactivada,Ambientes abiertos activada,Ambientes cerrados desactivada,Optimizacion de rutas activada,Entretenimiento adulto desactivada,Entretenimiento familiar desactivada,Entretenimiento tercera edad activada,Backend activada,Algoritmo activada,Qiskit Simulator desactivada,SpinQ Simulator desactivada,TQL Simulator activada,QAOA activada,VQE desactivada,358.55426
Visualizador calidad de aire activada,Turismo activada,Deportes activada,Entretenimiento desactivada,HQC activada,Visualizador restriccion uso lena activada,Ambientes abiertos desactivada,Ambientes cerrados activada,Optimizacion de rutas activada,Entretenimiento adulto desactivada,Entretenimiento familiar desactivada,Entretenimiento tercera edad desactivada,Backend activada,Algoritmo activada,Qiskit Simulator desactivada,SpinQ Simulator desactivada,TQL Simulator activada,QAOA desactivada,VQE activada,358.6156
Visualizador calidad de aire activada,Turismo activada,Deportes activada,Entretenimiento activada,HQC activada,Visualizador restriccion uso lena desactivada,Ambientes abiertos activada,Ambientes cerrados desactivada,Optimizacion de rutas activada,Entretenimiento adulto desactivada,Entretenimiento familiar activada,Entretenimiento tercera edad activada,Backend activada,Algoritmo activada,Qiskit Simulator desactivada,SpinQ Simulator desactivada,TQL Simulator activada,QAOA desactivada,VQE activada,358.70245
Visualizador calidad de aire activada,Turismo activada,Deportes activada,Entretenimiento activada,HQC activada,Visualizador restriccion uso lena activada,Ambientes abiertos desactivada,Ambientes cerrados activada,Optimizacion de rutas desactivada,Entretenimiento adulto desactivada,Entretenimiento familiar activada,Entretenimiento tercera edad activada,Backend activada,Algoritmo activada,Qiskit Simulator desactivada,SpinQ Simulator activada,TQL Simulator desactivada,QAOA activada,VQE desactivada,358.72296
Visualizador calidad de aire activada,Turismo activada,Deportes desactivada,Entretenimiento activada,HQC activada,Visualizador restriccion uso lena activada,Ambientes abiertos desactivada,Ambientes cerrados activada,Optimizacion de rutas desactivada,Entretenimiento adulto activada,Entretenimiento familiar desactivada,Entretenimiento tercera edad desactivada,Backend activada,Algoritmo activada,Qiskit Simulator desactivada,SpinQ Simulator desactivada,TQL Simulator activada,QAOA desactivada,VQE activada,358.89722
Visualizador calidad de aire activada,Turismo activada,Deportes desactivada,Entretenimiento activada,HQC activada,Visualizador restriccion uso lena activada,Ambientes abiertos desactivada,Ambientes cerrados activada,Optimizacion de rutas activada,Entretenimiento adulto activada,Entretenimiento familiar desactivada,Entretenimiento tercera edad activada,Backend activada,Algoritmo activada,Qiskit Simulator desactivada,SpinQ Simulator desactivada,TQL Simulator activada,QAOA activada,VQE desactivada,359.10492
Visualizador calidad de aire activada,Turismo activada,Deportes activada,Entretenimiento activada,HQC activada,Visualizador restriccion uso lena activada,Ambientes abiertos desactivada,Ambientes cerrados activada,Optimizacion de rutas activada,Entretenimiento adulto desactivada,Entretenimiento familiar desactivada,Entretenimiento tercera edad activada,Backend activada,Algoritmo activada,Qiskit Simulator desactivada,SpinQ Simulator desactivada,TQL Simulator activada,QAOA desactivada,VQE activada,359.1195
Visualizador calidad de aire activada,Turismo activada,Deportes activada,Entretenimiento activada,HQC activada,Visualizador restriccion uso lena activada,Ambientes abiertos desactivada,Ambientes cerrados activada,Optimizacion de rutas desactivada,Entretenimiento adulto desactivada,Entretenimiento familiar desactivada,Entretenimiento tercera edad activada,Backend activada,Algoritmo activada,Qiskit Simulator desactivada,SpinQ Simulator desactivada,TQL Simulator activada,QAOA activada,VQE desactivada,359.38037
Visualizador calidad de aire activada,Turismo activada,Deportes activada,Entretenimiento activada,HQC activada,Visualizador restriccion uso lena activada,Ambientes abiertos activada,Ambientes cerrados desactivada,Optimizacion de rutas activada,Entretenimiento adulto desactivada,Entretenimiento familiar desactivada,Entretenimiento tercera edad activada,Backend activada,Algoritmo activada,Qiskit Simulator activada,SpinQ Simulator desactivada,TQL Simulator desactivada,QAOA activada,VQE desactivada,359.458
Visualizador calidad de aire activada,Turismo activada,Deportes activada,Entretenimiento activada,HQC activada,Visualizador restriccion uso lena desactivada,Ambientes abiertos activada,Ambientes cerrados desactivada,Optimizacion de rutas activada,Entretenimiento adulto activada,Entretenimiento familiar activada,Entretenimiento tercera edad desactivada,Backend activada,Algoritmo activada,Qiskit Simulator activada,SpinQ Simulator desactivada,TQL Simulator desactivada,QAOA desactivada,VQE activada,359.51025
Visualizador calidad de aire activada,Turismo activada,Deportes activada,Entretenimiento desactivada,HQC activada,Visualizador restriccion uso lena activada,Ambientes abiertos desactivada,Ambientes cerrados activada,Optimizacion de rutas activada,Entretenimiento adulto desactivada,Entretenimiento familiar desactivada,Entretenimiento tercera edad desactivada,Backend activada,Algoritmo activada,Qiskit Simulator desactivada,SpinQ Simulator desactivada,TQL Simulator activada,QAOA activada,VQE desactivada,359.8321
Visualizador calidad de aire activada,Turismo activada,Deportes desactivada,Entretenimiento activada,HQC activada,Visualizador restriccion uso lena activada,Ambientes abiertos desactivada,Ambientes cerrados activada,Optimizacion de rutas activada,Entretenimiento adulto desactivada,Entretenimiento familiar activada,Entretenimiento tercera edad activada,Backend activada,Algoritmo activada,Qiskit Simulator desactivada,SpinQ Simulator activada,TQL Simulator desactivada,QAOA desactivada,VQE activada,360.0592
Visualizador calidad de aire activada,Turismo activada,Deportes desactivada,Entretenimiento activada,HQC activada,Visualizador restriccion uso lena activada,Ambientes abiertos desactivada,Ambientes cerrados activada,Optimizacion de rutas desactivada,Entretenimiento adulto activada,Entretenimiento familiar desactivada,Entretenimiento tercera edad desactivada,Backend activada,Algoritmo activada,Qiskit Simulator activada,SpinQ Simulator desactivada,TQL Simulator desactivada,QAOA activada,VQE desactivada,360.08493
Visualizador calidad de aire activada,Turismo activada,Deportes activada,Entretenimiento activada,HQC activada,Visualizador restriccion uso lena activada,Ambientes abiertos desactivada,Ambientes cerrados activada,Optimizacion de rutas activada,Entretenimiento adulto desactivada,Entretenimiento familiar desactivada,Entretenimiento tercera edad activada,Backend activada,Algoritmo activada,Qiskit Simulator activada,SpinQ Simulator desactivada,TQL Simulator desactivada,QAOA desactivada,VQE activada,360.48474
Visualizador calidad de aire activada,Turismo activada,Deportes activada,Entretenimiento activada,HQC activada,Visualizador restriccion uso lena activada,Ambientes abiertos desactivada,Ambientes cerrados activada,Optimizacion de rutas desactivada,Entretenimiento adulto desactivada,Entretenimiento familiar activada,Entretenimiento tercera edad desactivada,Backend activada,Algoritmo activada,Qiskit Simulator desactivada,SpinQ Simulator activada,TQL Simulator desactivada,QAOA desactivada,VQE activada,360.56042
Visualizador calidad de aire activada,Turismo activada,Deportes desactivada,Entretenimiento activada,HQC activada,Visualizador restriccion uso lena activada,Ambientes abiertos desactivada,Ambientes cerrados activada,Optimizacion de rutas desactivada,Entretenimiento adulto activada,Entretenimiento familiar activada,Entretenimiento tercera edad desactivada,Backend activada,Algoritmo activada,Qiskit Simulator activada,SpinQ Simulator desactivada,TQL Simulator desactivada,QAOA activada,VQE desactivada,360.72455
Visualizador calidad de aire activada,Turismo activada,Deportes activada,Entretenimiento activada,HQC activada,Visualizador restriccion uso lena activada,Ambientes abiertos desactivada,Ambientes cerrados activada,Optimizacion de rutas desactivada,Entretenimiento adulto activada,Entretenimiento familiar desactivada,Entretenimiento tercera edad activada,Backend activada,Algoritmo activada,Qiskit Simulator activada,SpinQ Simulator desactivada,TQL Simulator desactivada,QAOA activada,VQE desactivada,360.77402
Visualizador calidad de aire activada,Turismo activada,Deportes activada,Entretenimiento activada,HQC activada,Visualizador restriccion uso lena desactivada,Ambientes abiertos activada,Ambientes cerrados desactivada,Optimizacion de rutas activada,Entretenimiento adulto desactivada,Entretenimiento familiar desactivada,Entretenimiento tercera edad activada,Backend activada,Algoritmo activada,Qiskit Simulator desactivada,SpinQ Simulator activada,TQL Simulator desactivada,QAOA desactivada,VQE activada,360.79102
Visualizador calidad de aire activada,Turismo activada,Deportes activada,Entretenimiento desactivada,HQC activada,Visualizador restriccion uso lena activada,Ambientes abiertos activada,Ambientes cerrados desactivada,Optimizacion de rutas activada,Entretenimiento adulto desactivada,Entretenimiento familiar desactivada,Entretenimiento tercera edad desactivada,Backend activada,Algoritmo activada,Qiskit Simulator activada,SpinQ Simulator desactivada,TQL Simulator desactivada,QAOA activada,VQE desactivada,360.7914
Visualizador calidad de aire activada,Turismo activada,Deportes desactivada,Entretenimiento activada,HQC activada,Visualizador restriccion uso lena activada,Ambientes abiertos desactivada,Ambientes cerrados activada,Optimizacion de rutas activada,Entretenimiento adulto desactivada,Entretenimiento familiar desactivada,Entretenimiento tercera edad activada,Backend activada,Algoritmo activada,Qiskit Simulator activada,SpinQ Simulator desactivada,TQL Simulator desactivada,QAOA activada,VQE desactivada,360.79248
Visualizador calidad de aire activada,Turismo activada,Deportes desactivada,Entretenimiento activada,HQC activada,Visualizador restriccion uso lena activada,Ambientes abiertos desactivada,Ambientes cerrados activada,Optimizacion de rutas desactivada,Entretenimiento adulto activada,Entretenimiento familiar activada,Entretenimiento tercera edad desactivada,Backend activada,Algoritmo activada,Qiskit Simulator activada,SpinQ Simulator desactivada,TQL Simulator desactivada,QAOA desactivada,VQE activada,360.79712
Visualizador calidad de aire activada,Turismo activada,Deportes activada,Entretenimiento activada,HQC activada,Visualizador restriccion uso lena activada,Ambientes abiertos activada,Ambientes cerrados desactivada,Optimizacion de rutas desactivada,Entretenimiento adulto desactivada,Entretenimiento familiar activada,Entretenimiento tercera edad desactivada,Backend activada,Algoritmo activada,Qiskit Simulator desactivada,SpinQ Simulator activada,TQL Simulator desactivada,QAOA desactivada,VQE activada,360.9464
Visualizador calidad de aire activada,Turismo activada,Deportes activada,Entretenimiento activada,HQC activada,Visualizador restriccion uso lena activada,Ambientes abiertos activada,Ambientes cerrados desactivada,Optimizacion de rutas activada,Entretenimiento adulto desactivada,Entretenimiento familiar activada,Entretenimiento tercera edad activada,Backend activada,Algoritmo activada,Qiskit Simulator activada,SpinQ Simulator desactivada,TQL Simulator desactivada,QAOA activada,VQE desactivada,360.97076
Visualizador calidad de aire activada,Turismo activada,Deportes activada,Entretenimiento activada,HQC activada,Visualizador restriccion uso lena activada,Ambientes abiertos desactivada,Ambientes cerrados activada,Optimizacion de rutas desactivada,Entretenimiento adulto activada,Entretenimiento familiar desactivada,Entretenimiento tercera edad activada,Backend activada,Algoritmo activada,Qiskit Simulator desactivada,SpinQ Simulator desactivada,TQL Simulator activada,QAOA desactivada,VQE activada,361.08923
Visualizador calidad de aire activada,Turismo activada,Deportes desactivada,Entretenimiento activada,HQC activada,Visualizador restriccion uso lena activada,Ambientes abiertos desactivada,Ambientes cerrados activada,Optimizacion de rutas activada,Entretenimiento adulto activada,Entretenimiento familiar desactivada,Entretenimiento tercera edad activada,Backend activada,Algoritmo activada,Qiskit Simulator activada,SpinQ Simulator desactivada,TQL Simulator desactivada,QAOA activada,VQE desactivada,361.09955
Visualizador calidad de aire activada,Turismo activada,Deportes desactivada,Entretenimiento activada,HQC activada,Visualizador restriccion uso lena activada,Ambientes abiertos desactivada,Ambientes cerrados activada,Optimizacion de rutas activada,Entretenimiento adulto activada,Entretenimiento familiar activada,Entretenimiento tercera edad activada,Backend activada,Algoritmo activada,Qiskit Simulator activada,SpinQ Simulator desactivada,TQL Simulator desactivada,QAOA desactivada,VQE activada,361.18317
Visualizador calidad de aire activada,Turismo activada,Deportes activada,Entretenimiento activada,HQC activada,Visualizador restriccion uso lena activada,Ambientes abiertos activada,Ambientes cerrados desactivada,Optimizacion de rutas activada,Entretenimiento adulto desactivada,Entretenimiento familiar desactivada,Entretenimiento tercera edad activada,Backend activada,Algoritmo activada,Qiskit Simulator activada,SpinQ Simulator desactivada,TQL Simulator desactivada,QAOA desactivada,VQE activada,361.21185
Visualizador calidad de aire activada,Turismo activada,Deportes activada,Entretenimiento activada,HQC activada,Visualizador restriccion uso lena activada,Ambientes abiertos desactivada,Ambientes cerrados activada,Optimizacion de rutas desactivada,Entretenimiento adulto desactivada,Entretenimiento familiar activada,Entretenimiento tercera edad activada,Backend activada,Algoritmo activada,Qiskit Simulator activada,SpinQ Simulator desactivada,TQL Simulator desactivada,QAOA activada,VQE desactivada,361.2138
Visualizador calidad de aire activada,Turismo activada,Deportes desactivada,Entretenimiento activada,HQC activada,Visualizador restriccion uso lena activada,Ambientes abiertos desactivada,Ambientes cerrados activada,Optimizacion de rutas activada,Entretenimiento adulto activada,Entretenimiento familiar desactivada,Entretenimiento tercera edad desactivada,Backend activada,Algoritmo activada,Qiskit Simulator desactivada,SpinQ Simulator desactivada,TQL Simulator activada,QAOA desactivada,VQE activada,361.333
Visualizador calidad de aire activada,Turismo activada,Deportes activada,Entretenimiento desactivada,HQC activada,Visualizador restriccion uso lena desactivada,Ambientes abiertos activada,Ambientes cerrados desactivada,Optimizacion de rutas activada,Entretenimiento adulto desactivada,Entretenimiento familiar desactivada,Entretenimiento tercera edad desactivada,Backend activada,Algoritmo activada,Qiskit Simulator activada,SpinQ Simulator desactivada,TQL Simulator desactivada,QAOA activada,VQE desactivada,361.49274
Visualizador calidad de aire activada,Turismo activada,Deportes activada,Entretenimiento activada,HQC activada,Visualizador restriccion uso lena activada,Ambientes abiertos desactivada,Ambientes cerrados activada,Optimizacion de rutas desactivada,Entretenimiento adulto desactivada,Entretenimiento familiar desactivada,Entretenimiento tercera edad activada,Backend activada,Algoritmo activada,Qiskit Simulator activada,SpinQ Simulator desactivada,TQL Simulator desactivada,QAOA activada,VQE desactivada,361.5395
Visualizador calidad de aire activada,Turismo activada,Deportes desactivada,Entretenimiento activada,HQC activada,Visualizador restriccion uso lena activada,Ambientes abiertos desactivada,Ambientes cerrados activada,Optimizacion de rutas activada,Entretenimiento adulto activada,Entretenimiento familiar desactivada,Entretenimiento tercera edad activada,Backend activada,Algoritmo activada,Qiskit Simulator desactivada,SpinQ Simulator activada,TQL Simulator desactivada,QAOA desactivada,VQE activada,361.54028
Visualizador calidad de aire activada,Turismo activada,Deportes desactivada,Entretenimiento activada,HQC activada,Visualizador restriccion uso lena activada,Ambientes abiertos desactivada,Ambientes cerrados activada,Optimizacion de rutas activada,Entretenimiento adulto activada,Entretenimiento familiar activada,Entretenimiento tercera edad activada,Backend activada,Algoritmo activada,Qiskit Simulator activada,SpinQ Simulator desactivada,TQL Simulator desactivada,QAOA activada,VQE desactivada,361.55576
Visualizador calidad de aire activada,Turismo activada,Deportes activada,Entretenimiento activada,HQC activada,Visualizador restriccion uso lena activada,Ambientes abiertos desactivada,Ambientes cerrados activada,Optimizacion de rutas activada,Entretenimiento adulto desactivada,Entretenimiento familiar desactivada,Entretenimiento tercera edad activada,Backend activada,Algoritmo activada,Qiskit Simulator desactivada,SpinQ Simulator activada,TQL Simulator desactivada,QAOA desactivada,VQE activada,361.57764
Visualizador calidad de aire activada,Turismo activada,Deportes activada,Entretenimiento activada,HQC activada,Visualizador restriccion uso lena activada,Ambientes abiertos activada,Ambientes cerrados desactivada,Optimizacion de rutas activada,Entretenimiento adulto desactivada,Entretenimiento familiar desactivada,Entretenimiento tercera edad activada,Backend activada,Algoritmo activada,Qiskit Simulator desactivada,SpinQ Simulator activada,TQL Simulator desactivada,QAOA desactivada,VQE activada,361.69464
Visualizador calidad de aire activada,Turismo activada,Deportes activada,Entretenimiento activada,HQC activada,Visualizador restriccion uso lena activada,Ambientes abiertos desactivada,Ambientes cerrados activada,Optimizacion de rutas desactivada,Entretenimiento adulto desactivada,Entretenimiento familiar activada,Entretenimiento tercera edad desactivada,Backend activada,Algoritmo activada,Qiskit Simulator activada,SpinQ Simulator desactivada,TQL Simulator desactivada,QAOA desactivada,VQE activada,361.806
Visualizador calidad de aire activada,Turismo activada,Deportes activada,Entretenimiento activada,HQC activada,Visualizador restriccion uso lena activada,Ambientes abiertos desactivada,Ambientes cerrados activada,Optimizacion de rutas desactivada,Entretenimiento adulto activada,Entretenimiento familiar activada,Entretenimiento tercera edad activada,Backend activada,Algoritmo activada,Qiskit Simulator activada,SpinQ Simulator desactivada,TQL Simulator desactivada,QAOA activada,VQE desactivada,361.83423
Visualizador calidad de aire activada,Turismo activada,Deportes desactivada,Entretenimiento activada,HQC activada,Visualizador restriccion uso lena activada,Ambientes abiertos desactivada,Ambientes cerrados activada,Optimizacion de rutas activada,Entretenimiento adulto desactivada,Entretenimiento familiar activada,Entretenimiento tercera edad desactivada,Backend activada,Algoritmo activada,Qiskit Simulator activada,SpinQ Simulator desactivada,TQL Simulator desactivada,QAOA desactivada,VQE activada,361.9406
Visualizador calidad de aire activada,Turismo activada,Deportes activada,Entretenimiento activada,HQC activada,Visualizador restriccion uso lena desactivada,Ambientes abiertos activada,Ambientes cerrados desactivada,Optimizacion de rutas activada,Entretenimiento adulto activada,Entretenimiento familiar desactivada,Entretenimiento tercera edad activada,Backend activada,Algoritmo activada,Qiskit Simulator desactivada,SpinQ Simulator desactivada,TQL Simulator activada,QAOA activada,VQE desactivada,362.07587
Visualizador calidad de aire activada,Turismo activada,Deportes desactivada,Entretenimiento desactivada,HQC activada,Visualizador restriccion uso lena activada,Ambientes abiertos desactivada,Ambientes cerrados activada,Optimizacion de rutas activada,Entretenimiento adulto desactivada,Entretenimiento familiar desactivada,Entretenimiento tercera edad desactivada,Backend activada,Algoritmo activada,Qiskit Simulator desactivada,SpinQ Simulator desactivada,TQL Simulator activada,QAOA desactivada,VQE activada,362.2868
Visualizador calidad de aire activada,Turismo activada,Deportes activada,Entretenimiento activada,HQC activada,Visualizador restriccion uso lena activada,Ambientes abiertos desactivada,Ambientes cerrados activada,Optimizacion de rutas desactivada,Entretenimiento adulto activada,Entretenimiento familiar activada,Entretenimiento tercera edad desactivada,Backend activada,Algoritmo activada,Qiskit Simulator activada,SpinQ Simulator desactivada,TQL Simulator desactivada,QAOA desactivada,VQE activada,362.36407
Visualizador calidad de aire activada,Turismo activada,Deportes activada,Entretenimiento desactivada,HQC activada,Visualizador restriccion uso lena activada,Ambientes abiertos desactivada,Ambientes cerrados activada,Optimizacion de rutas desactivada,Entretenimiento adulto desactivada,Entretenimiento familiar desactivada,Entretenimiento tercera edad desactivada,Backend activada,Algoritmo activada,Qiskit Simulator activada,SpinQ Simulator desactivada,TQL Simulator desactivada,QAOA activada,VQE desactivada,362.52872
Visualizador calidad de aire activada,Turismo activada,Deportes desactivada,Entretenimiento activada,HQC activada,Visualizador restriccion uso lena activada,Ambientes abiertos desactivada,Ambientes cerrados activada,Optimizacion de rutas desactivada,Entretenimiento adulto desactivada,Entretenimiento familiar activada,Entretenimiento tercera edad desactivada,Backend activada,Algoritmo activada,Qiskit Simulator desactivada,SpinQ Simulator activada,TQL Simulator desactivada,QAOA desactivada,VQE activada,362.57697
Visualizador calidad de aire activada,Turismo activada,Deportes desactivada,Entretenimiento desactivada,HQC activada,Visualizador restriccion uso lena activada,Ambientes abiertos desactivada,Ambientes cerrados activada,Optimizacion de rutas desactivada,Entretenimiento adulto desactivada,Entretenimiento familiar desactivada,Entretenimiento tercera edad desactivada,Backend activada,Algoritmo activada,Qiskit Simulator desactivada,SpinQ Simulator activada,TQL Simulator desactivada,QAOA activada,VQE desactivada,362.65442
Visualizador calidad de aire activada,Turismo activada,Deportes activada,Entretenimiento activada,HQC activada,Visualizador restriccion uso lena activada,Ambientes abiertos desactivada,Ambientes cerrados activada,Optimizacion de rutas desactivada,Entretenimiento adulto desactivada,Entretenimiento familiar activada,Entretenimiento tercera edad desactivada,Backend activada,Algoritmo activada,Qiskit Simulator activada,SpinQ Simulator desactivada,TQL Simulator desactivada,QAOA activada,VQE desactivada,362.7876
Visualizador calidad de aire activada,Turismo activada,Deportes activada,Entretenimiento activada,HQC activada,Visualizador restriccion uso lena activada,Ambientes abiertos desactivada,Ambientes cerrados activada,Optimizacion de rutas desactivada,Entretenimiento adulto activada,Entretenimiento familiar desactivada,Entretenimiento tercera edad desactivada,Backend activada,Algoritmo activada,Qiskit Simulator activada,SpinQ Simulator desactivada,TQL Simulator desactivada,QAOA desactivada,VQE activada,362.86234
Visualizador calidad de aire activada,Turismo activada,Deportes activada,Entretenimiento desactivada,HQC activada,Visualizador restriccion uso lena desactivada,Ambientes abiertos activada,Ambientes cerrados desactivada,Optimizacion de rutas desactivada,Entretenimiento adulto desactivada,Entretenimiento familiar desactivada,Entretenimiento tercera edad desactivada,Backend activada,Algoritmo activada,Qiskit Simulator desactivada,SpinQ Simulator activada,TQL Simulator desactivada,QAOA activada,VQE desactivada,362.94354
Visualizador calidad de aire activada,Turismo activada,Deportes desactivada,Entretenimiento activada,HQC activada,Visualizador restriccion uso lena activada,Ambientes abiertos desactivada,Ambientes cerrados activada,Optimizacion de rutas activada,Entretenimiento adulto desactivada,Entretenimiento familiar desactivada,Entretenimiento tercera edad activada,Backend activada,Algoritmo activada,Qiskit Simulator desactivada,SpinQ Simulator activada,TQL Simulator desactivada,QAOA activada,VQE desactivada,362.9439
Visualizador calidad de aire activada,Turismo activada,Deportes desactivada,Entretenimiento activada,HQC activada,Visualizador restriccion uso lena activada,Ambientes abiertos desactivada,Ambientes cerrados activada,Optimizacion de rutas activada,Entretenimiento adulto desactivada,Entretenimiento familiar desactivada,Entretenimiento tercera edad activada,Backend activada,Algoritmo activada,Qiskit Simulator desactivada,SpinQ Simulator desactivada,TQL Simulator activada,QAOA activada,VQE desactivada,363.16306
Visualizador calidad de aire activada,Turismo activada,Deportes activada,Entretenimiento desactivada,HQC activada,Visualizador restriccion uso lena activada,Ambientes abiertos desactivada,Ambientes cerrados activada,Optimizacion de rutas activada,Entretenimiento adulto desactivada,Entretenimiento familiar desactivada,Entretenimiento tercera edad desactivada,Backend activada,Algoritmo activada,Qiskit Simulator activada,SpinQ Simulator desactivada,TQL Simulator desactivada,QAOA activada,VQE desactivada,363.34384
Visualizador calidad de aire activada,Turismo activada,Deportes desactivada,Entretenimiento activada,HQC activada,Visualizador restriccion uso lena activada,Ambientes abiertos desactivada,Ambientes cerrados activada,Optimizacion de rutas desactivada,Entretenimiento adulto activada,Entretenimiento familiar activada,Entretenimiento tercera edad activada,Backend activada,Algoritmo activada,Qiskit Simulator desactivada,SpinQ Simulator desactivada,TQL Simulator activada,QAOA desactivada,VQE activada,363.77347
Visualizador calidad de aire activada,Turismo activada,Deportes activada,Entretenimiento activada,HQC activada,Visualizador restriccion uso lena activada,Ambientes abiertos desactivada,Ambientes cerrados activada,Optimizacion de rutas desactivada,Entretenimiento adulto desactivada,Entretenimiento familiar desactivada,Entretenimiento tercera edad activada,Backend activada,Algoritmo activada,Qiskit Simulator desactivada,SpinQ Simulator activada,TQL Simulator desactivada,QAOA activada,VQE desactivada,364.06427
Visualizador calidad de aire activada,Turismo activada,Deportes activada,Entretenimiento activada,HQC activada,Visualizador restriccion uso lena activada,Ambientes abiertos desactivada,Ambientes cerrados activada,Optimizacion de rutas desactivada,Entretenimiento adulto desactivada,Entretenimiento familiar activada,Entretenimiento tercera edad activada,Backend activada,Algoritmo activada,Qiskit Simulator desactivada,SpinQ Simulator desactivada,TQL Simulator activada,QAOA activada,VQE desactivada,364.0739
Visualizador calidad de aire activada,Turismo activada,Deportes activada,Entretenimiento activada,HQC activada,Visualizador restriccion uso lena activada,Ambientes abiertos desactivada,Ambientes cerrados activada,Optimizacion de rutas activada,Entretenimiento adulto desactivada,Entretenimiento familiar activada,Entretenimiento tercera edad activada,Backend activada,Algoritmo activada,Qiskit Simulator activada,SpinQ Simulator desactivada,TQL Simulator desactivada,QAOA desactivada,VQE activada,364.1114
Visualizador calidad de aire activada,Turismo activada,Deportes activada,Entretenimiento activada,HQC activada,Visualizador restriccion uso lena desactivada,Ambientes abiertos activada,Ambientes cerrados desactivada,Optimizacion de rutas desactivada,Entretenimiento adulto activada,Entretenimiento familiar desactivada,Entretenimiento tercera edad desactivada,Backend activada,Algoritmo activada,Qiskit Simulator desactivada,SpinQ Simulator activada,TQL Simulator desactivada,QAOA desactivada,VQE activada,364.16348
Visualizador calidad de aire activada,Turismo activada,Deportes activada,Entretenimiento activada,HQC activada,Visualizador restriccion uso lena desactivada,Ambientes abiertos activada,Ambientes cerrados desactivada,Optimizacion de rutas activada,Entretenimiento adulto desactivada,Entretenimiento familiar activada,Entretenimiento tercera edad activada,Backend activada,Algoritmo activada,Qiskit Simulator desactivada,SpinQ Simulator activada,TQL Simulator desactivada,QAOA activada,VQE desactivada,364.18182
Visualizador calidad de aire activada,Turismo activada,Deportes activada,Entretenimiento activada,HQC activada,Visualizador restriccion uso lena activada,Ambientes abiertos desactivada,Ambientes cerrados activada,Optimizacion de rutas desactivada,Entretenimiento adulto activada,Entretenimiento familiar activada,Entretenimiento tercera edad activada,Backend activada,Algoritmo activada,Qiskit Simulator activada,SpinQ Simulator desactivada,TQL Simulator desactivada,QAOA desactivada,VQE activada,364.2517
Visualizador calidad de aire activada,Turismo activada,Deportes activada,Entretenimiento activada,HQC activada,Visualizador restriccion uso lena desactivada,Ambientes abiertos activada,Ambientes cerrados desactivada,Optimizacion de rutas activada,Entretenimiento adulto activada,Entretenimiento familiar desactivada,Entretenimiento tercera edad desactivada,Backend activada,Algoritmo activada,Qiskit Simulator activada,SpinQ Simulator desactivada,TQL Simulator desactivada,QAOA activada,VQE desactivada,364.36356
Visualizador calidad de aire activada,Turismo activada,Deportes activada,Entretenimiento activada,HQC activada,Visualizador restriccion uso lena activada,Ambientes abiertos activada,Ambientes cerrados desactivada,Optimizacion de rutas activada,Entretenimiento adulto desactivada,Entretenimiento familiar activada,Entretenimiento tercera edad activada,Backend activada,Algoritmo activada,Qiskit Simulator desactivada,SpinQ Simulator activada,TQL Simulator desactivada,QAOA activada,VQE desactivada,364.48816
Visualizador calidad de aire activada,Turismo activada,Deportes activada,Entretenimiento activada,HQC activada,Visualizador restriccion uso lena desactivada,Ambientes abiertos activada,Ambientes cerrados desactivada,Optimizacion de rutas activada,Entretenimiento adulto activada,Entretenimiento familiar desactivada,Entretenimiento tercera edad desactivada,Backend activada,Algoritmo activada,Qiskit Simulator desactivada,SpinQ Simulator desactivada,TQL Simulator activada,QAOA activada,VQE desactivada,364.5277
Visualizador calidad de aire activada,Turismo activada,Deportes desactivada,Entretenimiento activada,HQC activada,Visualizador restriccion uso lena activada,Ambientes abiertos desactivada,Ambientes cerrados activada,Optimizacion de rutas desactivada,Entretenimiento adulto activada,Entretenimiento familiar desactivada,Entretenimiento tercera edad desactivada,Backend activada,Algoritmo activada,Qiskit Simulator desactivada,SpinQ Simulator activada,TQL Simulator desactivada,QAOA desactivada,VQE activada,364.70908
Visualizador calidad de aire activada,Turismo activada,Deportes activada,Entretenimiento activada,HQC activada,Visualizador restriccion uso lena activada,Ambientes abiertos activada,Ambientes cerrados desactivada,Optimizacion de rutas activada,Entretenimiento adulto activada,Entretenimiento familiar desactivada,Entretenimiento tercera edad activada,Backend activada,Algoritmo activada,Qiskit Simulator desactivada,SpinQ Simulator activada,TQL Simulator desactivada,QAOA desactivada,VQE activada,364.8966
Visualizador calidad de aire activada,Turismo activada,Deportes desactivada,Entretenimiento activada,HQC activada,Visualizador restriccion uso lena activada,Ambientes abiertos desactivada,Ambientes cerrados activada,Optimizacion de rutas desactivada,Entretenimiento adulto desactivada,Entretenimiento familiar activada,Entretenimiento tercera edad desactivada,Backend activada,Algoritmo activada,Qiskit Simulator activada,SpinQ Simulator desactivada,TQL Simulator desactivada,QAOA desactivada,VQE activada,364.92163
Visualizador calidad de aire activada,Turismo activada,Deportes activada,Entretenimiento activada,HQC activada,Visualizador restriccion uso lena activada,Ambientes abiertos desactivada,Ambientes cerrados activada,Optimizacion de rutas desactivada,Entretenimiento adulto activada,Entretenimiento familiar desactivada,Entretenimiento tercera edad activada,Backend activada,Algoritmo activada,Qiskit Simulator activada,SpinQ Simulator desactivada,TQL Simulator desactivada,QAOA desactivada,VQE activada,365.01288
Visualizador calidad de aire activada,Turismo activada,Deportes activada,Entretenimiento activada,HQC activada,Visualizador restriccion uso lena activada,Ambientes abiertos desactivada,Ambientes cerrados activada,Optimizacion de rutas desactivada,Entretenimiento adulto activada,Entretenimiento familiar activada,Entretenimiento tercera edad activada,Backend activada,Algoritmo activada,Qiskit Simulator desactivada,SpinQ Simulator activada,TQL Simulator desactivada,QAOA desactivada,VQE activada,365.03583
Visualizador calidad de aire activada,Turismo activada,Deportes activada,Entretenimiento activada,HQC activada,Visualizador restriccion uso lena desactivada,Ambientes abiertos activada,Ambientes cerrados desactivada,Optimizacion de rutas desactivada,Entretenimiento adulto desactivada,Entretenimiento familiar activada,Entretenimiento tercera edad desactivada,Backend activada,Algoritmo activada,Qiskit Simulator desactivada,SpinQ Simulator activada,TQL Simulator desactivada,QAOA desactivada,VQE activada,365.0769
Visualizador calidad de aire activada,Turismo activada,Deportes activada,Entretenimiento activada,HQC activada,Visualizador restriccion uso lena activada,Ambientes abiertos activada,Ambientes cerrados desactivada,Optimizacion de rutas desactivada,Entretenimiento adulto activada,Entretenimiento familiar activada,Entretenimiento tercera edad desactivada,Backend activada,Algoritmo activada,Qiskit Simulator desactivada,SpinQ Simulator activada,TQL Simulator desactivada,QAOA desactivada,VQE activada,365.112
Visualizador calidad de aire activada,Turismo activada,Deportes activada,Entretenimiento activada,HQC activada,Visualizador restriccion uso lena desactivada,Ambientes abiertos activada,Ambientes cerrados desactivada,Optimizacion de rutas activada,Entretenimiento adulto activada,Entretenimiento familiar activada,Entretenimiento tercera edad desactivada,Backend activada,Algoritmo activada,Qiskit Simulator desactivada,SpinQ Simulator desactivada,TQL Simulator activada,QAOA desactivada,VQE activada,365.1172
Visualizador calidad de aire activada,Turismo activada,Deportes activada,Entretenimiento activada,HQC activada,Visualizador restriccion uso lena activada,Ambientes abiertos desactivada,Ambientes cerrados activada,Optimizacion de rutas desactivada,Entretenimiento adulto activada,Entretenimiento familiar desactivada,Entretenimiento tercera edad desactivada,Backend activada,Algoritmo activada,Qiskit Simulator desactivada,SpinQ Simulator desactivada,TQL Simulator activada,QAOA desactivada,VQE activada,365.1386
Visualizador calidad de aire activada,Turismo activada,Deportes activada,Entretenimiento activada,HQC activada,Visualizador restriccion uso lena activada,Ambientes abiertos activada,Ambientes cerrados desactivada,Optimizacion de rutas desactivada,Entretenimiento adulto activada,Entretenimiento familiar desactivada,Entretenimiento tercera edad desactivada,Backend activada,Algoritmo activada,Qiskit Simulator desactivada,SpinQ Simulator activada,TQL Simulator desactivada,QAOA desactivada,VQE activada,365.20026
Visualizador calidad de aire activada,Turismo activada,Deportes activada,Entretenimiento activada,HQC activada,Visualizador restriccion uso lena activada,Ambientes abiertos activada,Ambientes cerrados desactivada,Optimizacion de rutas activada,Entretenimiento adulto desactivada,Entretenimiento familiar desactivada,Entretenimiento tercera edad activada,Backend activada,Algoritmo activada,Qiskit Simulator desactivada,SpinQ Simulator activada,TQL Simulator desactivada,QAOA activada,VQE desactivada,365.2782
Visualizador calidad de aire activada,Turismo activada,Deportes activada,Entretenimiento activada,HQC activada,Visualizador restriccion uso lena desactivada,Ambientes abiertos activada,Ambientes cerrados desactivada,Optimizacion de rutas desactivada,Entretenimiento adulto activada,Entretenimiento familiar activada,Entretenimiento tercera edad activada,Backend activada,Algoritmo activada,Qiskit Simulator desactivada,SpinQ Simulator activada,TQL Simulator desactivada,QAOA activada,VQE desactivada,365.34674
Visualizador calidad de aire activada,Turismo activada,Deportes activada,Entretenimiento activada,HQC activada,Visualizador restriccion uso lena activada,Ambientes abiertos activada,Ambientes cerrados desactivada,Optimizacion de rutas activada,Entretenimiento adulto desactivada,Entretenimiento familiar activada,Entretenimiento tercera edad activada,Backend activada,Algoritmo activada,Qiskit Simulator desactivada,SpinQ Simulator activada,TQL Simulator desactivada,QAOA desactivada,VQE activada,365.5723
Visualizador calidad de aire activada,Turismo activada,Deportes activada,Entretenimiento activada,HQC activada,Visualizador restriccion uso lena activada,Ambientes abiertos activada,Ambientes cerrados desactivada,Optimizacion de rutas activada,Entretenimiento adulto desactivada,Entretenimiento familiar activada,Entretenimiento tercera edad activada,Backend activada,Algoritmo activada,Qiskit Simulator activada,SpinQ Simulator desactivada,TQL Simulator desactivada,QAOA desactivada,VQE activada,365.61426
Visualizador calidad de aire activada,Turismo activada,Deportes activada,Entretenimiento activada,HQC activada,Visualizador restriccion uso lena activada,Ambientes abiertos desactivada,Ambientes cerrados activada,Optimizacion de rutas activada,Entretenimiento adulto activada,Entretenimiento familiar desactivada,Entretenimiento tercera edad activada,Backend activada,Algoritmo activada,Qiskit Simulator desactivada,SpinQ Simulator desactivada,TQL Simulator activada,QAOA desactivada,VQE activada,365.67783
Visualizador calidad de aire activada,Turismo activada,Deportes activada,Entretenimiento activada,HQC activada,Visualizador restriccion uso lena activada,Ambientes abiertos activada,Ambientes cerrados desactivada,Optimizacion de rutas activada,Entretenimiento adulto activada,Entretenimiento familiar activada,Entretenimiento tercera edad activada,Backend activada,Algoritmo activada,Qiskit Simulator desactivada,SpinQ Simulator desactivada,TQL Simulator activada,QAOA desactivada,VQE activada,365.6917
Visualizador calidad de aire activada,Turismo activada,Deportes activada,Entretenimiento activada,HQC activada,Visualizador restriccion uso lena activada,Ambientes abiertos activada,Ambientes cerrados desactivada,Optimizacion de rutas activada,Entretenimiento adulto desactivada,Entretenimiento familiar desactivada,Entretenimiento tercera edad activada,Backend activada,Algoritmo activada,Qiskit Simulator desactivada,SpinQ Simulator desactivada,TQL Simulator activada,QAOA activada,VQE desactivada,365.79742
Visualizador calidad de aire activada,Turismo activada,Deportes desactivada,Entretenimiento activada,HQC activada,Visualizador restriccion uso lena activada,Ambientes abiertos desactivada,Ambientes cerrados activada,Optimizacion de rutas activada,Entretenimiento adulto activada,Entretenimiento familiar desactivada,Entretenimiento tercera edad activada,Backend activada,Algoritmo activada,Qiskit Simulator desactivada,SpinQ Simulator activada,TQL Simulator desactivada,QAOA activada,VQE desactivada,366.17087
Visualizador calidad de aire activada,Turismo activada,Deportes activada,Entretenimiento activada,HQC activada,Visualizador restriccion uso lena activada,Ambientes abiertos desactivada,Ambientes cerrados activada,Optimizacion de rutas activada,Entretenimiento adulto desactivada,Entretenimiento familiar activada,Entretenimiento tercera edad activada,Backend activada,Algoritmo activada,Qiskit Simulator desactivada,SpinQ Simulator activada,TQL Simulator desactivada,QAOA desactivada,VQE activada,366.2869
Visualizador calidad de aire activada,Turismo activada,Deportes activada,Entretenimiento activada,HQC activada,Visualizador restriccion uso lena activada,Ambientes abiertos activada,Ambientes cerrados desactivada,Optimizacion de rutas activada,Entretenimiento adulto activada,Entretenimiento familiar desactivada,Entretenimiento tercera edad activada,Backend activada,Algoritmo activada,Qiskit Simulator desactivada,SpinQ Simulator desactivada,TQL Simulator activada,QAOA activada,VQE desactivada,366.34967
Visualizador calidad de aire activada,Turismo activada,Deportes activada,Entretenimiento activada,HQC activada,Visualizador restriccion uso lena activada,Ambientes abiertos desactivada,Ambientes cerrados activada,Optimizacion de rutas activada,Entretenimiento adulto desactivada,Entretenimiento familiar activada,Entretenimiento tercera edad desactivada,Backend activada,Algoritmo activada,Qiskit Simulator activada,SpinQ Simulator desactivada,TQL Simulator desactivada,QAOA desactivada,VQE activada,366.36414
Visualizador calidad de aire activada,Turismo activada,Deportes activada,Entretenimiento activada,HQC activada,Visualizador restriccion uso lena activada,Ambientes abiertos activada,Ambientes cerrados desactivada,Optimizacion de rutas desactivada,Entretenimiento adulto desactivada,Entretenimiento familiar activada,Entretenimiento tercera edad desactivada,Backend activada,Algoritmo activada,Qiskit Simulator desactivada,SpinQ Simulator desactivada,TQL Simulator activada,QAOA activada,VQE desactivada,366.60645
Visualizador calidad de aire activada,Turismo activada,Deportes desactivada,Entretenimiento activada,HQC activada,Visualizador restriccion uso lena activada,Ambientes abiertos desactivada,Ambientes cerrados activada,Optimizacion de rutas desactivada,Entretenimiento adulto activada,Entretenimiento familiar desactivada,Entretenimiento tercera edad desactivada,Backend activada,Algoritmo activada,Qiskit Simulator activada,SpinQ Simulator desactivada,TQL Simulator desactivada,QAOA desactivada,VQE activada,366.7564
Visualizador calidad de aire activada,Turismo activada,Deportes activada,Entretenimiento activada,HQC activada,Visualizador restriccion uso lena activada,Ambientes abiertos activada,Ambientes cerrados desactivada,Optimizacion de rutas activada,Entretenimiento adulto activada,Entretenimiento familiar activada,Entretenimiento tercera edad activada,Backend activada,Algoritmo activada,Qiskit Simulator desactivada,SpinQ Simulator activada,TQL Simulator desactivada,QAOA desactivada,VQE activada,367.0
Visualizador calidad de aire activada,Turismo activada,Deportes desactivada,Entretenimiento activada,HQC activada,Visualizador restriccion uso lena activada,Ambientes abiertos desactivada,Ambientes cerrados activada,Optimizacion de rutas desactivada,Entretenimiento adulto activada,Entretenimiento familiar activada,Entretenimiento tercera edad desactivada,Backend activada,Algoritmo activada,Qiskit Simulator desactivada,SpinQ Simulator activada,TQL Simulator desactivada,QAOA desactivada,VQE activada,367.13403
Visualizador calidad de aire activada,Turismo activada,Deportes activada,Entretenimiento activada,HQC activada,Visualizador restriccion uso lena desactivada,Ambientes abiertos activada,Ambientes cerrados desactivada,Optimizacion de rutas activada,Entretenimiento adulto desactivada,Entretenimiento familiar activada,Entretenimiento tercera edad activada,Backend activada,Algoritmo activada,Qiskit Simulator activada,SpinQ Simulator desactivada,TQL Simulator desactivada,QAOA desactivada,VQE activada,367.16754
Visualizador calidad de aire activada,Turismo activada,Deportes desactivada,Entretenimiento activada,HQC activada,Visualizador restriccion uso lena activada,Ambientes abiertos desactivada,Ambientes cerrados activada,Optimizacion de rutas desactivada,Entretenimiento adulto desactivada,Entretenimiento familiar activada,Entretenimiento tercera edad activada,Backend activada,Algoritmo activada,Qiskit Simulator desactivada,SpinQ Simulator desactivada,TQL Simulator activada,QAOA activada,VQE desactivada,367.2138
Visualizador calidad de aire activada,Turismo activada,Deportes desactivada,Entretenimiento activada,HQC activada,Visualizador restriccion uso lena activada,Ambientes abiertos desactivada,Ambientes cerrados activada,Optimizacion de rutas activada,Entretenimiento adulto desactivada,Entretenimiento familiar activada,Entretenimiento tercera edad activada,Backend activada,Algoritmo activada,Qiskit Simulator activada,SpinQ Simulator desactivada,TQL Simulator desactivada,QAOA activada,VQE desactivada,367.4201
Visualizador calidad de aire activada,Turismo activada,Deportes desactivada,Entretenimiento activada,HQC activada,Visualizador restriccion uso lena activada,Ambientes abiertos desactivada,Ambientes cerrados activada,Optimizacion de rutas activada,Entretenimiento adulto activada,Entretenimiento familiar desactivada,Entretenimiento tercera edad desactivada,Backend activada,Algoritmo activada,Qiskit Simulator activada,SpinQ Simulator desactivada,TQL Simulator desactivada,QAOA desactivada,VQE activada,367.58688
Visualizador calidad de aire activada,Turismo activada,Deportes activada,Entretenimiento desactivada,HQC activada,Visualizador restriccion uso lena desactivada,Ambientes abiertos activada,Ambientes cerrados desactivada,Optimizacion de rutas activada,Entretenimiento adulto desactivada,Entretenimiento familiar desactivada,Entretenimiento tercera edad desactivada,Backend activada,Algoritmo activada,Qiskit Simulator desactivada,SpinQ Simulator desactivada,TQL Simulator activada,QAOA activada,VQE desactivada,367.61108
Visualizador calidad de aire activada,Turismo activada,Deportes desactivada,Entretenimiento activada,HQC activada,Visualizador restriccion uso lena activada,Ambientes abiertos desactivada,Ambientes cerrados activada,Optimizacion de rutas desactivada,Entretenimiento adulto activada,Entretenimiento familiar activada,Entretenimiento tercera edad activada,Backend activada,Algoritmo activada,Qiskit Simulator desactivada,SpinQ Simulator activada,TQL Simulator desactivada,QAOA activada,VQE desactivada,367.71808
Visualizador calidad de aire activada,Turismo activada,Deportes activada,Entretenimiento activada,HQC activada,Visualizador restriccion uso lena desactivada,Ambientes abiertos activada,Ambientes cerrados desactivada,Optimizacion de rutas activada,Entretenimiento adulto desactivada,Entretenimiento familiar desactivada,Entretenimiento tercera edad activada,Backend activada,Algoritmo activada,Qiskit Simulator desactivada,SpinQ Simulator activada,TQL Simulator desactivada,QAOA activada,VQE desactivada,367.79965
Visualizador calidad de aire activada,Turismo activada,Deportes desactivada,Entretenimiento activada,HQC activada,Visualizador restriccion uso lena activada,Ambientes abiertos desactivada,Ambientes cerrados activada,Optimizacion de rutas desactivada,Entretenimiento adulto activada,Entretenimiento familiar desactivada,Entretenimiento tercera edad activada,Backend activada,Algoritmo activada,Qiskit Simulator desactivada,SpinQ Simulator activada,TQL Simulator desactivada,QAOA activada,VQE desactivada,367.87256
Visualizador calidad de aire activada,Turismo activada,Deportes activada,Entretenimiento activada,HQC activada,Visualizador restriccion uso lena activada,Ambientes abiertos desactivada,Ambientes cerrados activada,Optimizacion de rutas desactivada,Entretenimiento adulto activada,Entretenimiento familiar activada,Entretenimiento tercera edad desactivada,Backend activada,Algoritmo activada,Qiskit Simulator activada,SpinQ Simulator desactivada,TQL Simulator desactivada,QAOA activada,VQE desactivada,368.20453
Visualizador calidad de aire activada,Turismo activada,Deportes activada,Entretenimiento activada,HQC activada,Visualizador restriccion uso lena desactivada,Ambientes abiertos activada,Ambientes cerrados desactivada,Optimizacion de rutas activada,Entretenimiento adulto desactivada,Entretenimiento familiar desactivada,Entretenimiento tercera edad activada,Backend activada,Algoritmo activada,Qiskit Simulator activada,SpinQ Simulator desactivada,TQL Simulator desactivada,QAOA desactivada,VQE activada,368.32806
Visualizador calidad de aire activada,Turismo activada,Deportes activada,Entretenimiento activada,HQC activada,Visualizador restriccion uso lena activada,Ambientes abiertos desactivada,Ambientes cerrados activada,Optimizacion de rutas activada,Entretenimiento adulto desactivada,Entretenimiento familiar activada,Entretenimiento tercera edad activada,Backend activada,Algoritmo activada,Qiskit Simulator desactivada,SpinQ Simulator desactivada,TQL Simulator activada,QAOA desactivada,VQE activada,368.5519
Visualizador calidad de aire activada,Turismo activada,Deportes activada,Entretenimiento activada,HQC activada,Visualizador restriccion uso lena activada,Ambientes abiertos activada,Ambientes cerrados desactivada,Optimizacion de rutas activada,Entretenimiento adulto activada,Entretenimiento familiar desactivada,Entretenimiento tercera edad desactivada,Backend activada,Algoritmo activada,Qiskit Simulator desactivada,SpinQ Simulator desactivada,TQL Simulator activada,QAOA activada,VQE desactivada,368.64905
Visualizador calidad de aire activada,Turismo activada,Deportes activada,Entretenimiento activada,HQC activada,Visualizador restriccion uso lena activada,Ambientes abiertos activada,Ambientes cerrados desactivada,Optimizacion de rutas activada,Entretenimiento adulto desactivada,Entretenimiento familiar activada,Entretenimiento tercera edad activada,Backend activada,Algoritmo activada,Qiskit Simulator desactivada,SpinQ Simulator desactivada,TQL Simulator activada,QAOA desactivada,VQE activada,368.8349
Visualizador calidad de aire activada,Turismo activada,Deportes desactivada,Entretenimiento activada,HQC activada,Visualizador restriccion uso lena activada,Ambientes abiertos desactivada,Ambientes cerrados activada,Optimizacion de rutas activada,Entretenimiento adulto activada,Entretenimiento familiar desactivada,Entretenimiento tercera edad desactivada,Backend activada,Algoritmo activada,Qiskit Simulator activada,SpinQ Simulator desactivada,TQL Simulator desactivada,QAOA activada,VQE desactivada,369.057
Visualizador calidad de aire activada,Turismo activada,Deportes activada,Entretenimiento desactivada,HQC activada,Visualizador restriccion uso lena activada,Ambientes abiertos activada,Ambientes cerrados desactivada,Optimizacion de rutas desactivada,Entretenimiento adulto desactivada,Entretenimiento familiar desactivada,Entretenimiento tercera edad desactivada,Backend activada,Algoritmo activada,Qiskit Simulator desactivada,SpinQ Simulator activada,TQL Simulator desactivada,QAOA activada,VQE desactivada,369.36066
Visualizador calidad de aire activada,Turismo activada,Deportes desactivada,Entretenimiento desactivada,HQC activada,Visualizador restriccion uso lena activada,Ambientes abiertos desactivada,Ambientes cerrados activada,Optimizacion de rutas activada,Entretenimiento adulto desactivada,Entretenimiento familiar desactivada,Entretenimiento tercera edad desactivada,Backend activada,Algoritmo activada,Qiskit Simulator desactivada,SpinQ Simulator activada,TQL Simulator desactivada,QAOA desactivada,VQE activada,369.70676
Visualizador calidad de aire activada,Turismo activada,Deportes activada,Entretenimiento activada,HQC activada,Visualizador restriccion uso lena activada,Ambientes abiertos desactivada,Ambientes cerrados activada,Optimizacion de rutas activada,Entretenimiento adulto desactivada,Entretenimiento familiar desactivada,Entretenimiento tercera edad activada,Backend activada,Algoritmo activada,Qiskit Simulator desactivada,SpinQ Simulator desactivada,TQL Simulator activada,QAOA activada,VQE desactivada,369.85294
Visualizador calidad de aire activada,Turismo activada,Deportes desactivada,Entretenimiento activada,HQC activada,Visualizador restriccion uso lena activada,Ambientes abiertos desactivada,Ambientes cerrados activada,Optimizacion de rutas activada,Entretenimiento adulto activada,Entretenimiento familiar desactivada,Entretenimiento tercera edad desactivada,Backend activada,Algoritmo activada,Qiskit Simulator desactivada,SpinQ Simulator desactivada,TQL Simulator activada,QAOA activada,VQE desactivada,369.8534
Visualizador calidad de aire activada,Turismo activada,Deportes activada,Entretenimiento activada,HQC activada,Visualizador restriccion uso lena desactivada,Ambientes abiertos activada,Ambientes cerrados desactivada,Optimizacion de rutas desactivada,Entretenimiento adulto activada,Entretenimiento familiar activada,Entretenimiento tercera edad desactivada,Backend activada,Algoritmo activada,Qiskit Simulator desactivada,SpinQ Simulator activada,TQL Simulator desactivada,QAOA activada,VQE desactivada,369.88678
Visualizador calidad de aire activada,Turismo activada,Deportes activada,Entretenimiento activada,HQC activada,Visualizador restriccion uso lena desactivada,Ambientes abiertos activada,Ambientes cerrados desactivada,Optimizacion de rutas activada,Entretenimiento adulto desactivada,Entretenimiento familiar activada,Entretenimiento tercera edad activada,Backend activada,Algoritmo activada,Qiskit Simulator desactivada,SpinQ Simulator activada,TQL Simulator desactivada,QAOA desactivada,VQE activada,369.9782
Visualizador calidad de aire activada,Turismo activada,Deportes activada,Entretenimiento activada,HQC activada,Visualizador restriccion uso lena desactivada,Ambientes abiertos activada,Ambientes cerrados desactivada,Optimizacion de rutas desactivada,Entretenimiento adulto activada,Entretenimiento familiar desactivada,Entretenimiento tercera edad desactivada,Backend activada,Algoritmo activada,Qiskit Simulator desactivada,SpinQ Simulator activada,TQL Simulator desactivada,QAOA activada,VQE desactivada,369.9806
Visualizador calidad de aire activada,Turismo activada,Deportes activada,Entretenimiento activada,HQC activada,Visualizador restriccion uso lena activada,Ambientes abiertos activada,Ambientes cerrados desactivada,Optimizacion de rutas desactivada,Entretenimiento adulto activada,Entretenimiento familiar desactivada,Entretenimiento tercera edad desactivada,Backend activada,Algoritmo activada,Qiskit Simulator desactivada,SpinQ Simulator activada,TQL Simulator desactivada,QAOA activada,VQE desactivada,370.10657
Visualizador calidad de aire activada,Turismo activada,Deportes activada,Entretenimiento activada,HQC activada,Visualizador restriccion uso lena desactivada,Ambientes abiertos activada,Ambientes cerrados desactivada,Optimizacion de rutas activada,Entretenimiento adulto activada,Entretenimiento familiar desactivada,Entretenimiento tercera edad activada,Backend activada,Algoritmo activada,Qiskit Simulator desactivada,SpinQ Simulator activada,TQL Simulator desactivada,QAOA desactivada,VQE activada,370.19766
Visualizador calidad de aire activada,Turismo activada,Deportes activada,Entretenimiento activada,HQC activada,Visualizador restriccion uso lena activada,Ambientes abiertos activada,Ambientes cerrados desactivada,Optimizacion de rutas desactivada,Entretenimiento adulto activada,Entretenimiento familiar activada,Entretenimiento tercera edad desactivada,Backend activada,Algoritmo activada,Qiskit Simulator desactivada,SpinQ Simulator activada,TQL Simulator desactivada,QAOA activada,VQE desactivada,370.22192
Visualizador calidad de aire activada,Turismo activada,Deportes desactivada,Entretenimiento activada,HQC activada,Visualizador restriccion uso lena activada,Ambientes abiertos desactivada,Ambientes cerrados activada,Optimizacion de rutas desactivada,Entretenimiento adulto activada,Entretenimiento familiar activada,Entretenimiento tercera edad desactivada,Backend activada,Algoritmo activada,Qiskit Simulator desactivada,SpinQ Simulator desactivada,TQL Simulator activada,QAOA desactivada,VQE activada,370.29797
Visualizador calidad de aire activada,Turismo activada,Deportes activada,Entretenimiento activada,HQC activada,Visualizador restriccion uso lena activada,Ambientes abiertos activada,Ambientes cerrados desactivada,Optimizacion de rutas activada,Entretenimiento adulto activada,Entretenimiento familiar activada,Entretenimiento tercera edad desactivada,Backend activada,Algoritmo activada,Qiskit Simulator desactivada,SpinQ Simulator desactivada,TQL Simulator activada,QAOA desactivada,VQE activada,370.53613
Visualizador calidad de aire activada,Turismo activada,Deportes desactivada,Entretenimiento activada,HQC activada,Visualizador restriccion uso lena activada,Ambientes abiertos desactivada,Ambientes cerrados activada,Optimizacion de rutas desactivada,Entretenimiento adulto activada,Entretenimiento familiar activada,Entretenimiento tercera edad activada,Backend activada,Algoritmo activada,Qiskit Simulator desactivada,SpinQ Simulator desactivada,TQL Simulator activada,QAOA activada,VQE desactivada,370.54993
Visualizador calidad de aire activada,Turismo activada,Deportes activada,Entretenimiento activada,HQC activada,Visualizador restriccion uso lena activada,Ambientes abiertos desactivada,Ambientes cerrados activada,Optimizacion de rutas desactivada,Entretenimiento adulto activada,Entretenimiento familiar activada,Entretenimiento tercera edad activada,Backend activada,Algoritmo activada,Qiskit Simulator desactivada,SpinQ Simulator desactivada,TQL Simulator activada,QAOA desactivada,VQE activada,370.55142
Visualizador calidad de aire activada,Turismo activada,Deportes activada,Entretenimiento activada,HQC activada,Visualizador restriccion uso lena activada,Ambientes abiertos desactivada,Ambientes cerrados activada,Optimizacion de rutas activada,Entretenimiento adulto desactivada,Entretenimiento familiar activada,Entretenimiento tercera edad desactivada,Backend activada,Algoritmo activada,Qiskit Simulator desactivada,SpinQ Simulator desactivada,TQL Simulator activada,QAOA desactivada,VQE activada,371.03488
Visualizador calidad de aire activada,Turismo activada,Deportes activada,Entretenimiento activada,HQC activada,Visualizador restriccion uso lena activada,Ambientes abiertos desactivada,Ambientes cerrados activada,Optimizacion de rutas activada,Entretenimiento adulto activada,Entretenimiento familiar desactivada,Entretenimiento tercera edad desactivada,Backend activada,Algoritmo activada,Qiskit Simulator desactivada,SpinQ Simulator desactivada,TQL Simulator activada,QAOA desactivada,VQE activada,371.08914
Visualizador calidad de aire activada,Turismo activada,Deportes activada,Entretenimiento desactivada,HQC activada,Visualizador restriccion uso lena activada,Ambientes abiertos activada,Ambientes cerrados desactivada,Optimizacion de rutas activada,Entretenimiento adulto desactivada,Entretenimiento familiar desactivada,Entretenimiento tercera edad desactivada,Backend activada,Algoritmo activada,Qiskit Simulator desactivada,SpinQ Simulator desactivada,TQL Simulator activada,QAOA activada,VQE desactivada,371.11432
Visualizador calidad de aire activada,Turismo activada,Deportes activada,Entretenimiento activada,HQC activada,Visualizador restriccion uso lena activada,Ambientes abiertos desactivada,Ambientes cerrados activada,Optimizacion de rutas desactivada,Entretenimiento adulto activada,Entretenimiento familiar desactivada,Entretenimiento tercera edad activada,Backend activada,Algoritmo activada,Qiskit Simulator desactivada,SpinQ Simulator activada,TQL Simulator desactivada,QAOA desactivada,VQE activada,371.22284
Visualizador calidad de aire activada,Turismo activada,Deportes activada,Entretenimiento activada,HQC activada,Visualizador restriccion uso lena activada,Ambientes abiertos desactivada,Ambientes cerrados activada,Optimizacion de rutas desactivada,Entretenimiento adulto activada,Entretenimiento familiar desactivada,Entretenimiento tercera edad activada,Backend activada,Algoritmo activada,Qiskit Simulator desactivada,SpinQ Simulator desactivada,TQL Simulator activada,QAOA activada,VQE desactivada,371.26288
Visualizador calidad de aire activada,Turismo activada,Deportes desactivada,Entretenimiento desactivada,HQC activada,Visualizador restriccion uso lena activada,Ambientes abiertos desactivada,Ambientes cerrados activada,Optimizacion de rutas activada,Entretenimiento adulto desactivada,Entretenimiento familiar desactivada,Entretenimiento tercera edad desactivada,Backend activada,Algoritmo activada,Qiskit Simulator desactivada,SpinQ Simulator activada,TQL Simulator desactivada,QAOA activada,VQE desactivada,371.54007
Visualizador calidad de aire activada,Turismo activada,Deportes activada,Entretenimiento desactivada,HQC activada,Visualizador restriccion uso lena activada,Ambientes abiertos activada,Ambientes cerrados desactivada,Optimizacion de rutas activada,Entretenimiento adulto desactivada,Entretenimiento familiar desactivada,Entretenimiento tercera edad desactivada,Backend activada,Algoritmo activada,Qiskit Simulator desactivada,SpinQ Simulator activada,TQL Simulator desactivada,QAOA desactivada,VQE activada,371.7797
Visualizador calidad de aire activada,Turismo activada,Deportes activada,Entretenimiento activada,HQC activada,Visualizador restriccion uso lena desactivada,Ambientes abiertos activada,Ambientes cerrados desactivada,Optimizacion de rutas activada,Entretenimiento adulto desactivada,Entretenimiento familiar activada,Entretenimiento tercera edad activada,Backend activada,Algoritmo activada,Qiskit Simulator desactivada,SpinQ Simulator desactivada,TQL Simulator activada,QAOA activada,VQE desactivada,371.93323
Visualizador calidad de aire activada,Turismo activada,Deportes desactivada,Entretenimiento activada,HQC activada,Visualizador restriccion uso lena activada,Ambientes abiertos desactivada,Ambientes cerrados activada,Optimizacion de rutas desactivada,Entretenimiento adulto activada,Entretenimiento familiar desactivada,Entretenimiento tercera edad desactivada,Backend activada,Algoritmo activada,Qiskit Simulator desactivada,SpinQ Simulator desactivada,TQL Simulator activada,QAOA activada,VQE desactivada,372.64203
Visualizador calidad de aire activada,Turismo activada,Deportes activada,Entretenimiento activada,HQC activada,Visualizador restriccion uso lena desactivada,Ambientes abiertos activada,Ambientes cerrados desactivada,Optimizacion de rutas desactivada,Entretenimiento adulto activada,Entretenimiento familiar activada,Entretenimiento tercera edad desactivada,Backend activada,Algoritmo activada,Qiskit Simulator desactivada,SpinQ Simulator activada,TQL Simulator desactivada,QAOA desactivada,VQE activada,372.7433
Visualizador calidad de aire activada,Turismo activada,Deportes desactivada,Entretenimiento activada,HQC activada,Visualizador restriccion uso lena activada,Ambientes abiertos desactivada,Ambientes cerrados activada,Optimizacion de rutas activada,Entretenimiento adulto desactivada,Entretenimiento familiar activada,Entretenimiento tercera edad desactivada,Backend activada,Algoritmo activada,Qiskit Simulator desactivada,SpinQ Simulator desactivada,TQL Simulator activada,QAOA desactivada,VQE activada,372.86902
Visualizador calidad de aire activada,Turismo activada,Deportes activada,Entretenimiento desactivada,HQC activada,Visualizador restriccion uso lena activada,Ambientes abiertos desactivada,Ambientes cerrados activada,Optimizacion de rutas desactivada,Entretenimiento adulto desactivada,Entretenimiento familiar desactivada,Entretenimiento tercera edad desactivada,Backend activada,Algoritmo activada,Qiskit Simulator desactivada,SpinQ Simulator activada,TQL Simulator desactivada,QAOA desactivada,VQE activada,372.9732
Visualizador calidad de aire activada,Turismo activada,Deportes activada,Entretenimiento activada,HQC activada,Visualizador restriccion uso lena activada,Ambientes abiertos desactivada,Ambientes cerrados activada,Optimizacion de rutas desactivada,Entretenimiento adulto desactivada,Entretenimiento familiar activada,Entretenimiento tercera edad desactivada,Backend activada,Algoritmo activada,Qiskit Simulator desactivada,SpinQ Simulator desactivada,TQL Simulator activada,QAOA activada,VQE desactivada,373.02686
Visualizador calidad de aire activada,Turismo activada,Deportes desactivada,Entretenimiento activada,HQC activada,Visualizador restriccion uso lena activada,Ambientes abiertos desactivada,Ambientes cerrados activada,Optimizacion de rutas desactivada,Entretenimiento adulto desactivada,Entretenimiento familiar activada,Entretenimiento tercera edad desactivada,Backend activada,Algoritmo activada,Qiskit Simulator desactivada,SpinQ Simulator desactivada,TQL Simulator activada,QAOA activada,VQE desactivada,373.11206
Visualizador calidad de aire activada,Turismo activada,Deportes desactivada,Entretenimiento activada,HQC activada,Visualizador restriccion uso lena activada,Ambientes abiertos desactivada,Ambientes cerrados activada,Optimizacion de rutas activada,Entretenimiento adulto activada,Entretenimiento familiar activada,Entretenimiento tercera edad activada,Backend activada,Algoritmo activada,Qiskit Simulator desactivada,SpinQ Simulator desactivada,TQL Simulator activada,QAOA desactivada,VQE activada,373.16254
Visualizador calidad de aire activada,Turismo activada,Deportes activada,Entretenimiento activada,HQC activada,Visualizador restriccion uso lena activada,Ambientes abiertos activada,Ambientes cerrados desactivada,Optimizacion de rutas activada,Entretenimiento adulto activada,Entretenimiento familiar activada,Entretenimiento tercera edad activada,Backend activada,Algoritmo activada,Qiskit Simulator desactivada,SpinQ Simulator activada,TQL Simulator desactivada,QAOA activada,VQE desactivada,373.34448
Visualizador calidad de aire activada,Turismo activada,Deportes activada,Entretenimiento activada,HQC activada,Visualizador restriccion uso lena activada,Ambientes abiertos activada,Ambientes cerrados desactivada,Optimizacion de rutas activada,Entretenimiento adulto activada,Entretenimiento familiar desactivada,Entretenimiento tercera edad activada,Backend activada,Algoritmo activada,Qiskit Simulator desactivada,SpinQ Simulator activada,TQL Simulator desactivada,QAOA activada,VQE desactivada,373.4779
Visualizador calidad de aire activada,Turismo activada,Deportes activada,Entretenimiento activada,HQC activada,Visualizador restriccion uso lena activada,Ambientes abiertos desactivada,Ambientes cerrados activada,Optimizacion de rutas activada,Entretenimiento adulto activada,Entretenimiento familiar desactivada,Entretenimiento tercera edad activada,Backend activada,Algoritmo activada,Qiskit Simulator activada,SpinQ Simulator desactivada,TQL Simulator desactivada,QAOA activada,VQE desactivada,373.87576
Visualizador calidad de aire activada,Turismo activada,Deportes activada,Entretenimiento activada,HQC activada,Visualizador restriccion uso lena desactivada,Ambientes abiertos activada,Ambientes cerrados desactivada,Optimizacion de rutas activada,Entretenimiento adulto activada,Entretenimiento familiar activada,Entretenimiento tercera edad activada,Backend activada,Algoritmo activada,Qiskit Simulator desactivada,SpinQ Simulator activada,TQL Simulator desactivada,QAOA desactivada,VQE activada,373.89178
Visualizador calidad de aire activada,Turismo activada,Deportes desactivada,Entretenimiento activada,HQC activada,Visualizador restriccion uso lena activada,Ambientes abiertos desactivada,Ambientes cerrados activada,Optimizacion de rutas activada,Entretenimiento adulto desactivada,Entretenimiento familiar activada,Entretenimiento tercera edad activada,Backend activada,Algoritmo activada,Qiskit Simulator desactivada,SpinQ Simulator activada,TQL Simulator desactivada,QAOA activada,VQE desactivada,373.9154
Visualizador calidad de aire activada,Turismo activada,Deportes activada,Entretenimiento activada,HQC activada,Visualizador restriccion uso lena activada,Ambientes abiertos desactivada,Ambientes cerrados activada,Optimizacion de rutas desactivada,Entretenimiento adulto desactivada,Entretenimiento familiar activada,Entretenimiento tercera edad desactivada,Backend activada,Algoritmo activada,Qiskit Simulator desactivada,SpinQ Simulator activada,TQL Simulator desactivada,QAOA activada,VQE desactivada,374.1619
Visualizador calidad de aire activada,Turismo activada,Deportes desactivada,Entretenimiento activada,HQC activada,Visualizador restriccion uso lena activada,Ambientes abiertos desactivada,Ambientes cerrados activada,Optimizacion de rutas desactivada,Entretenimiento adulto desactivada,Entretenimiento familiar activada,Entretenimiento tercera edad desactivada,Backend activada,Algoritmo activada,Qiskit Simulator desactivada,SpinQ Simulator activada,TQL Simulator desactivada,QAOA activada,VQE desactivada,374.2674
Visualizador calidad de aire activada,Turismo activada,Deportes activada,Entretenimiento activada,HQC activada,Visualizador restriccion uso lena activada,Ambientes abiertos desactivada,Ambientes cerrados activada,Optimizacion de rutas activada,Entretenimiento adulto activada,Entretenimiento familiar activada,Entretenimiento tercera edad activada,Backend activada,Algoritmo activada,Qiskit Simulator activada,SpinQ Simulator desactivada,TQL Simulator desactivada,QAOA desactivada,VQE activada,374.45642
Visualizador calidad de aire activada,Turismo activada,Deportes activada,Entretenimiento activada,HQC activada,Visualizador restriccion uso lena activada,Ambientes abiertos activada,Ambientes cerrados desactivada,Optimizacion de rutas activada,Entretenimiento adulto activada,Entretenimiento familiar activada,Entretenimiento tercera edad activada,Backend activada,Algoritmo activada,Qiskit Simulator desactivada,SpinQ Simulator desactivada,TQL Simulator activada,QAOA activada,VQE desactivada,374.5515
Visualizador calidad de aire activada,Turismo activada,Deportes desactivada,Entretenimiento activada,HQC activada,Visualizador restriccion uso lena activada,Ambientes abiertos desactivada,Ambientes cerrados activada,Optimizacion de rutas activada,Entretenimiento adulto activada,Entretenimiento familiar activada,Entretenimiento tercera edad activada,Backend activada,Algoritmo activada,Qiskit Simulator desactivada,SpinQ Simulator activada,TQL Simulator desactivada,QAOA desactivada,VQE activada,374.612
Visualizador calidad de aire activada,Turismo activada,Deportes activada,Entretenimiento activada,HQC activada,Visualizador restriccion uso lena desactivada,Ambientes abiertos activada,Ambientes cerrados desactivada,Optimizacion de rutas activada,Entretenimiento adulto activada,Entretenimiento familiar activada,Entretenimiento tercera edad desactivada,Backend activada,Algoritmo activada,Qiskit Simulator desactivada,SpinQ Simulator desactivada,TQL Simulator activada,QAOA activada,VQE desactivada,374.7876
Visualizador calidad de aire activada,Turismo activada,Deportes activada,Entretenimiento activada,HQC activada,Visualizador restriccion uso lena desactivada,Ambientes abiertos activada,Ambientes cerrados desactivada,Optimizacion de rutas activada,Entretenimiento adulto desactivada,Entretenimiento familiar activada,Entretenimiento tercera edad desactivada,Backend activada,Algoritmo activada,Qiskit Simulator activada,SpinQ Simulator desactivada,TQL Simulator desactivada,QAOA activada,VQE desactivada,375.01343
Visualizador calidad de aire activada,Turismo activada,Deportes activada,Entretenimiento activada,HQC activada,Visualizador restriccion uso lena activada,Ambientes abiertos desactivada,Ambientes cerrados activada,Optimizacion de rutas desactivada,Entretenimiento adulto activada,Entretenimiento familiar desactivada,Entretenimiento tercera edad desactivada,Backend activada,Algoritmo activada,Qiskit Simulator activada,SpinQ Simulator desactivada,TQL Simulator desactivada,QAOA activada,VQE desactivada,375.33273
Visualizador calidad de aire activada,Turismo activada,Deportes activada,Entretenimiento activada,HQC activada,Visualizador restriccion uso lena activada,Ambientes abiertos desactivada,Ambientes cerrados activada,Optimizacion de rutas activada,Entretenimiento adulto activada,Entretenimiento familiar desactivada,Entretenimiento tercera edad desactivada,Backend activada,Algoritmo activada,Qiskit Simulator activada,SpinQ Simulator desactivada,TQL Simulator desactivada,QAOA desactivada,VQE activada,375.40833
Visualizador calidad de aire activada,Turismo activada,Deportes activada,Entretenimiento activada,HQC activada,Visualizador restriccion uso lena activada,Ambientes abiertos desactivada,Ambientes cerrados activada,Optimizacion de rutas activada,Entretenimiento adulto activada,Entretenimiento familiar activada,Entretenimiento tercera edad activada,Backend activada,Algoritmo activada,Qiskit Simulator activada,SpinQ Simulator desactivada,TQL Simulator desactivada,QAOA activada,VQE desactivada,375.56522
Visualizador calidad de aire activada,Turismo activada,Deportes desactivada,Entretenimiento activada,HQC activada,Visualizador restriccion uso lena activada,Ambientes abiertos desactivada,Ambientes cerrados activada,Optimizacion de rutas activada,Entretenimiento adulto desactivada,Entretenimiento familiar activada,Entretenimiento tercera edad activada,Backend activada,Algoritmo activada,Qiskit Simulator desactivada,SpinQ Simulator desactivada,TQL Simulator activada,QAOA desactivada,VQE activada,375.98294
Visualizador calidad de aire activada,Turismo activada,Deportes activada,Entretenimiento activada,HQC activada,Visualizador restriccion uso lena activada,Ambientes abiertos desactivada,Ambientes cerrados activada,Optimizacion de rutas activada,Entretenimiento adulto activada,Entretenimiento familiar desactivada,Entretenimiento tercera edad activada,Backend activada,Algoritmo activada,Qiskit Simulator activada,SpinQ Simulator desactivada,TQL Simulator desactivada,QAOA desactivada,VQE activada,376.5022
Visualizador calidad de aire activada,Turismo activada,Deportes activada,Entretenimiento activada,HQC activada,Visualizador restriccion uso lena activada,Ambientes abiertos desactivada,Ambientes cerrados activada,Optimizacion de rutas activada,Entretenimiento adulto desactivada,Entretenimiento familiar desactivada,Entretenimiento tercera edad activada,Backend activada,Algoritmo activada,Qiskit Simulator desactivada,SpinQ Simulator activada,TQL Simulator desactivada,QAOA activada,VQE desactivada,376.92374
Visualizador calidad de aire activada,Turismo activada,Deportes activada,Entretenimiento desactivada,HQC activada,Visualizador restriccion uso lena activada,Ambientes abiertos desactivada,Ambientes cerrados activada,Optimizacion de rutas activada,Entretenimiento adulto desactivada,Entretenimiento familiar desactivada,Entretenimiento tercera edad desactivada,Backend activada,Algoritmo activada,Qiskit Simulator desactivada,SpinQ Simulator activada,TQL Simulator desactivada,QAOA desactivada,VQE activada,376.94208
Visualizador calidad de aire activada,Turismo activada,Deportes activada,Entretenimiento activada,HQC activada,Visualizador restriccion uso lena activada,Ambientes abiertos desactivada,Ambientes cerrados activada,Optimizacion de rutas desactivada,Entretenimiento adulto activada,Entretenimiento familiar activada,Entretenimiento tercera edad desactivada,Backend activada,Algoritmo activada,Qiskit Simulator desactivada,SpinQ Simulator activada,TQL Simulator desactivada,QAOA desactivada,VQE activada,377.25467
Visualizador calidad de aire activada,Turismo activada,Deportes desactivada,Entretenimiento activada,HQC activada,Visualizador restriccion uso lena activada,Ambientes abiertos desactivada,Ambientes cerrados activada,Optimizacion de rutas activada,Entretenimiento adulto activada,Entretenimiento familiar desactivada,Entretenimiento tercera edad desactivada,Backend activada,Algoritmo activada,Qiskit Simulator desactivada,SpinQ Simulator activada,TQL Simulator desactivada,QAOA desactivada,VQE activada,377.32767
Visualizador calidad de aire activada,Turismo activada,Deportes activada,Entretenimiento activada,HQC activada,Visualizador restriccion uso lena activada,Ambientes abiertos desactivada,Ambientes cerrados activada,Optimizacion de rutas activada,Entretenimiento adulto activada,Entretenimiento familiar activada,Entretenimiento tercera edad activada,Backend activada,Algoritmo activada,Qiskit Simulator desactivada,SpinQ Simulator desactivada,TQL Simulator activada,QAOA desactivada,VQE activada,377.50055
Visualizador calidad de aire activada,Turismo activada,Deportes activada,Entretenimiento activada,HQC activada,Visualizador restriccion uso lena activada,Ambientes abiertos activada,Ambientes cerrados desactivada,Optimizacion de rutas activada,Entretenimiento adulto desactivada,Entretenimiento familiar activada,Entretenimiento tercera edad desactivada,Backend activada,Algoritmo activada,Qiskit Simulator desactivada,SpinQ Simulator desactivada,TQL Simulator activada,QAOA desactivada,VQE activada,377.85773
Visualizador calidad de aire activada,Turismo activada,Deportes activada,Entretenimiento activada,HQC activada,Visualizador restriccion uso lena activada,Ambientes abiertos desactivada,Ambientes cerrados activada,Optimizacion de rutas activada,Entretenimiento adulto desactivada,Entretenimiento familiar desactivada,Entretenimiento tercera edad activada,Backend activada,Algoritmo activada,Qiskit Simulator activada,SpinQ Simulator desactivada,TQL Simulator desactivada,QAOA activada,VQE desactivada,377.87372
Visualizador calidad de aire activada,Turismo activada,Deportes desactivada,Entretenimiento activada,HQC activada,Visualizador restriccion uso lena activada,Ambientes abiertos desactivada,Ambientes cerrados activada,Optimizacion de rutas activada,Entretenimiento adulto activada,Entretenimiento familiar activada,Entretenimiento tercera edad desactivada,Backend activada,Algoritmo activada,Qiskit Simulator activada,SpinQ Simulator desactivada,TQL Simulator desactivada,QAOA activada,VQE desactivada,377.98932
Visualizador calidad de aire activada,Turismo activada,Deportes activada,Entretenimiento activada,HQC activada,Visualizador restriccion uso lena activada,Ambientes abiertos desactivada,Ambientes cerrados activada,Optimizacion de rutas desactivada,Entretenimiento adulto activada,Entretenimiento familiar activada,Entretenimiento tercera edad desactivada,Backend activada,Algoritmo activada,Qiskit Simulator desactivada,SpinQ Simulator desactivada,TQL Simulator activada,QAOA desactivada,VQE activada,378.12576
Visualizador calidad de aire activada,Turismo activada,Deportes activada,Entretenimiento activada,HQC activada,Visualizador restriccion uso lena desactivada,Ambientes abiertos activada,Ambientes cerrados desactivada,Optimizacion de rutas activada,Entretenimiento adulto activada,Entretenimiento familiar activada,Entretenimiento tercera edad activada,Backend activada,Algoritmo activada,Qiskit Simulator desactivada,SpinQ Simulator desactivada,TQL Simulator activada,QAOA activada,VQE desactivada,378.14258
Visualizador calidad de aire activada,Turismo activada,Deportes desactivada,Entretenimiento activada,HQC activada,Visualizador restriccion uso lena activada,Ambientes abiertos desactivada,Ambientes cerrados activada,Optimizacion de rutas activada,Entretenimiento adulto activada,Entretenimiento familiar activada,Entretenimiento tercera edad desactivada,Backend activada,Algoritmo activada,Qiskit Simulator activada,SpinQ Simulator desactivada,TQL Simulator desactivada,QAOA desactivada,VQE activada,378.34796
Visualizador calidad de aire activada,Turismo activada,Deportes activada,Entretenimiento activada,HQC activada,Visualizador restriccion uso lena activada,Ambientes abiertos desactivada,Ambientes cerrados activada,Optimizacion de rutas activada,Entretenimiento adulto activada,Entretenimiento familiar desactivada,Entretenimiento tercera edad desactivada,Backend activada,Algoritmo activada,Qiskit Simulator activada,SpinQ Simulator desactivada,TQL Simulator desactivada,QAOA activada,VQE desactivada,378.4805
Visualizador calidad de aire activada,Turismo activada,Deportes desactivada,Entretenimiento activada,HQC activada,Visualizador restriccion uso lena activada,Ambientes abiertos desactivada,Ambientes cerrados activada,Optimizacion de rutas activada,Entretenimiento adulto activada,Entretenimiento familiar activada,Entretenimiento tercera edad activada,Backend activada,Algoritmo activada,Qiskit Simulator desactivada,SpinQ Simulator activada,TQL Simulator desactivada,QAOA activada,VQE desactivada,378.89212
Visualizador calidad de aire activada,Turismo activada,Deportes activada,Entretenimiento activada,HQC activada,Visualizador restriccion uso lena activada,Ambientes abiertos activada,Ambientes cerrados desactivada,Optimizacion de rutas activada,Entretenimiento adulto desactivada,Entretenimiento familiar activada,Entretenimiento tercera edad activada,Backend activada,Algoritmo activada,Qiskit Simulator desactivada,SpinQ Simulator desactivada,TQL Simulator activada,QAOA activada,VQE desactivada,378.9308
Visualizador calidad de aire activada,Turismo activada,Deportes desactivada,Entretenimiento activada,HQC activada,Visualizador restriccion uso lena activada,Ambientes abiertos desactivada,Ambientes cerrados activada,Optimizacion de rutas activada,Entretenimiento adulto desactivada,Entretenimiento familiar activada,Entretenimiento tercera edad desactivada,Backend activada,Algoritmo activada,Qiskit Simulator desactivada,SpinQ Simulator activada,TQL Simulator desactivada,QAOA desactivada,VQE activada,379.06604
Visualizador calidad de aire activada,Turismo activada,Deportes activada,Entretenimiento activada,HQC activada,Visualizador restriccion uso lena activada,Ambientes abiertos desactivada,Ambientes cerrados activada,Optimizacion de rutas desactivada,Entretenimiento adulto activada,Entretenimiento familiar desactivada,Entretenimiento tercera edad desactivada,Backend activada,Algoritmo activada,Qiskit Simulator desactivada,SpinQ Simulator activada,TQL Simulator desactivada,QAOA desactivada,VQE activada,379.08676
Visualizador calidad de aire activada,Turismo activada,Deportes activada,Entretenimiento activada,HQC activada,Visualizador restriccion uso lena activada,Ambientes abiertos activada,Ambientes cerrados desactivada,Optimizacion de rutas activada,Entretenimiento adulto desactivada,Entretenimiento familiar activada,Entretenimiento tercera edad desactivada,Backend activada,Algoritmo activada,Qiskit Simulator activada,SpinQ Simulator desactivada,TQL Simulator desactivada,QAOA activada,VQE desactivada,379.09213
Visualizador calidad de aire activada,Turismo activada,Deportes activada,Entretenimiento activada,HQC activada,Visualizador restriccion uso lena desactivada,Ambientes abiertos activada,Ambientes cerrados desactivada,Optimizacion de rutas activada,Entretenimiento adulto activada,Entretenimiento familiar desactivada,Entretenimiento tercera edad activada,Backend activada,Algoritmo activada,Qiskit Simulator desactivada,SpinQ Simulator activada,TQL Simulator desactivada,QAOA activada,VQE desactivada,379.3335
Visualizador calidad de aire activada,Turismo activada,Deportes activada,Entretenimiento activada,HQC activada,Visualizador restriccion uso lena activada,Ambientes abiertos activada,Ambientes cerrados desactivada,Optimizacion de rutas activada,Entretenimiento adulto desactivada,Entretenimiento familiar activada,Entretenimiento tercera edad desactivada,Backend activada,Algoritmo activada,Qiskit Simulator activada,SpinQ Simulator desactivada,TQL Simulator desactivada,QAOA desactivada,VQE activada,379.3405
Visualizador calidad de aire activada,Turismo activada,Deportes activada,Entretenimiento activada,HQC activada,Visualizador restriccion uso lena activada,Ambientes abiertos desactivada,Ambientes cerrados activada,Optimizacion de rutas activada,Entretenimiento adulto desactivada,Entretenimiento familiar activada,Entretenimiento tercera edad desactivada,Backend activada,Algoritmo activada,Qiskit Simulator activada,SpinQ Simulator desactivada,TQL Simulator desactivada,QAOA activada,VQE desactivada,379.50803
Visualizador calidad de aire activada,Turismo activada,Deportes activada,Entretenimiento activada,HQC activada,Visualizador restriccion uso lena activada,Ambientes abiertos activada,Ambientes cerrados desactivada,Optimizacion de rutas activada,Entretenimiento adulto activada,Entretenimiento familiar activada,Entretenimiento tercera edad desactivada,Backend activada,Algoritmo activada,Qiskit Simulator desactivada,SpinQ Simulator desactivada,TQL Simulator activada,QAOA activada,VQE desactivada,379.67456
Visualizador calidad de aire activada,Turismo activada,Deportes activada,Entretenimiento activada,HQC activada,Visualizador restriccion uso lena activada,Ambientes abiertos desactivada,Ambientes cerrados activada,Optimizacion de rutas activada,Entretenimiento adulto desactivada,Entretenimiento familiar activada,Entretenimiento tercera edad desactivada,Backend activada,Algoritmo activada,Qiskit Simulator desactivada,SpinQ Simulator activada,TQL Simulator desactivada,QAOA desactivada,VQE activada,380.20038
Visualizador calidad de aire activada,Turismo activada,Deportes activada,Entretenimiento activada,HQC activada,Visualizador restriccion uso lena activada,Ambientes abiertos activada,Ambientes cerrados desactivada,Optimizacion de rutas activada,Entretenimiento adulto activada,Entretenimiento familiar activada,Entretenimiento tercera edad desactivada,Backend activada,Algoritmo activada,Qiskit Simulator desactivada,SpinQ Simulator activada,TQL Simulator desactivada,QAOA activada,VQE desactivada,380.398
Visualizador calidad de aire activada,Turismo activada,Deportes activada,Entretenimiento activada,HQC activada,Visualizador restriccion uso lena activada,Ambientes abiertos desactivada,Ambientes cerrados activada,Optimizacion de rutas desactivada,Entretenimiento adulto activada,Entretenimiento familiar desactivada,Entretenimiento tercera edad desactivada,Backend activada,Algoritmo activada,Qiskit Simulator desactivada,SpinQ Simulator desactivada,TQL Simulator activada,QAOA activada,VQE desactivada,380.55634
Visualizador calidad de aire activada,Turismo activada,Deportes activada,Entretenimiento activada,HQC activada,Visualizador restriccion uso lena activada,Ambientes abiertos desactivada,Ambientes cerrados activada,Optimizacion de rutas activada,Entretenimiento adulto activada,Entretenimiento familiar activada,Entretenimiento tercera edad desactivada,Backend activada,Algoritmo activada,Qiskit Simulator activada,SpinQ Simulator desactivada,TQL Simulator desactivada,QAOA desactivada,VQE activada,380.56488
Visualizador calidad de aire activada,Turismo activada,Deportes desactivada,Entretenimiento activada,HQC activada,Visualizador restriccion uso lena activada,Ambientes abiertos desactivada,Ambientes cerrados activada,Optimizacion de rutas activada,Entretenimiento adulto desactivada,Entretenimiento familiar activada,Entretenimiento tercera edad desactivada,Backend activada,Algoritmo activada,Qiskit Simulator activada,SpinQ Simulator desactivada,TQL Simulator desactivada,QAOA activada,VQE desactivada,380.69437
Visualizador calidad de aire activada,Turismo activada,Deportes activada,Entretenimiento activada,HQC activada,Visualizador restriccion uso lena activada,Ambientes abiertos activada,Ambientes cerrados desactivada,Optimizacion de rutas activada,Entretenimiento adulto desactivada,Entretenimiento familiar activada,Entretenimiento tercera edad desactivada,Backend activada,Algoritmo activada,Qiskit Simulator desactivada,SpinQ Simulator activada,TQL Simulator desactivada,QAOA desactivada,VQE activada,380.79742
Visualizador calidad de aire activada,Turismo activada,Deportes desactivada,Entretenimiento activada,HQC activada,Visualizador restriccion uso lena activada,Ambientes abiertos desactivada,Ambientes cerrados activada,Optimizacion de rutas activada,Entretenimiento adulto desactivada,Entretenimiento familiar activada,Entretenimiento tercera edad activada,Backend activada,Algoritmo activada,Qiskit Simulator desactivada,SpinQ Simulator desactivada,TQL Simulator activada,QAOA activada,VQE desactivada,381.18216
Visualizador calidad de aire activada,Turismo activada,Deportes activada,Entretenimiento activada,HQC activada,Visualizador restriccion uso lena activada,Ambientes abiertos desactivada,Ambientes cerrados activada,Optimizacion de rutas activada,Entretenimiento adulto activada,Entretenimiento familiar desactivada,Entretenimiento tercera edad activada,Backend activada,Algoritmo activada,Qiskit Simulator desactivada,SpinQ Simulator desactivada,TQL Simulator activada,QAOA activada,VQE desactivada,381.23508
Visualizador calidad de aire activada,Turismo activada,Deportes activada,Entretenimiento activada,HQC activada,Visualizador restriccion uso lena activada,Ambientes abiertos activada,Ambientes cerrados desactivada,Optimizacion de rutas activada,Entretenimiento adulto activada,Entretenimiento familiar desactivada,Entretenimiento tercera edad desactivada,Backend activada,Algoritmo activada,Qiskit Simulator desactivada,SpinQ Simulator activada,TQL Simulator desactivada,QAOA desactivada,VQE activada,381.36548
Visualizador calidad de aire activada,Turismo activada,Deportes activada,Entretenimiento activada,HQC activada,Visualizador restriccion uso lena activada,Ambientes abiertos activada,Ambientes cerrados desactivada,Optimizacion de rutas activada,Entretenimiento adulto desactivada,Entretenimiento familiar activada,Entretenimiento tercera edad desactivada,Backend activada,Algoritmo activada,Qiskit Simulator desactivada,SpinQ Simulator activada,TQL Simulator desactivada,QAOA activada,VQE desactivada,381.50232
Visualizador calidad de aire activada,Turismo activada,Deportes activada,Entretenimiento activada,HQC activada,Visualizador restriccion uso lena desactivada,Ambientes abiertos activada,Ambientes cerrados desactivada,Optimizacion de rutas activada,Entretenimiento adulto activada,Entretenimiento familiar activada,Entretenimiento tercera edad activada,Backend activada,Algoritmo activada,Qiskit Simulator desactivada,SpinQ Simulator activada,TQL Simulator desactivada,QAOA activada,VQE desactivada,381.7369
Visualizador calidad de aire activada,Turismo activada,Deportes activada,Entretenimiento activada,HQC activada,Visualizador restriccion uso lena activada,Ambientes abiertos desactivada,Ambientes cerrados activada,Optimizacion de rutas activada,Entretenimiento adulto desactivada,Entretenimiento familiar activada,Entretenimiento tercera edad activada,Backend activada,Algoritmo activada,Qiskit Simulator activada,SpinQ Simulator desactivada,TQL Simulator desactivada,QAOA activada,VQE desactivada,381.81293
Visualizador calidad de aire activada,Turismo activada,Deportes desactivada,Entretenimiento activada,HQC activada,Visualizador restriccion uso lena activada,Ambientes abiertos desactivada,Ambientes cerrados activada,Optimizacion de rutas activada,Entretenimiento adulto activada,Entretenimiento familiar activada,Entretenimiento tercera edad activada,Backend activada,Algoritmo activada,Qiskit Simulator desactivada,SpinQ Simulator desactivada,TQL Simulator activada,QAOA activada,VQE desactivada,381.97827
Visualizador calidad de aire activada,Turismo activada,Deportes activada,Entretenimiento activada,HQC activada,Visualizador restriccion uso lena desactivada,Ambientes abiertos activada,Ambientes cerrados desactivada,Optimizacion de rutas activada,Entretenimiento adulto desactivada,Entretenimiento familiar activada,Entretenimiento tercera edad desactivada,Backend activada,Algoritmo activada,Qiskit Simulator activada,SpinQ Simulator desactivada,TQL Simulator desactivada,QAOA desactivada,VQE activada,382.1313
Visualizador calidad de aire activada,Turismo activada,Deportes activada,Entretenimiento desactivada,HQC activada,Visualizador restriccion uso lena activada,Ambientes abiertos desactivada,Ambientes cerrados activada,Optimizacion de rutas activada,Entretenimiento adulto desactivada,Entretenimiento familiar desactivada,Entretenimiento tercera edad desactivada,Backend activada,Algoritmo activada,Qiskit Simulator desactivada,SpinQ Simulator activada,TQL Simulator desactivada,QAOA activada,VQE desactivada,382.60263
Visualizador calidad de aire activada,Turismo activada,Deportes activada,Entretenimiento activada,HQC activada,Visualizador restriccion uso lena activada,Ambientes abiertos activada,Ambientes cerrados desactivada,Optimizacion de rutas activada,Entretenimiento adulto activada,Entretenimiento familiar desactivada,Entretenimiento tercera edad desactivada,Backend activada,Algoritmo activada,Qiskit Simulator desactivada,SpinQ Simulator activada,TQL Simulator desactivada,QAOA activada,VQE desactivada,382.67804
Visualizador calidad de aire activada,Turismo activada,Deportes activada,Entretenimiento activada,HQC activada,Visualizador restriccion uso lena activada,Ambientes abiertos desactivada,Ambientes cerrados activada,Optimizacion de rutas activada,Entretenimiento adulto desactivada,Entretenimiento familiar activada,Entretenimiento tercera edad activada,Backend activada,Algoritmo activada,Qiskit Simulator desactivada,SpinQ Simulator activada,TQL Simulator desactivada,QAOA activada,VQE desactivada,382.75626
Visualizador calidad de aire activada,Turismo activada,Deportes activada,Entretenimiento activada,HQC activada,Visualizador restriccion uso lena desactivada,Ambientes abiertos activada,Ambientes cerrados desactivada,Optimizacion de rutas activada,Entretenimiento adulto desactivada,Entretenimiento familiar activada,Entretenimiento tercera edad desactivada,Backend activada,Algoritmo activada,Qiskit Simulator desactivada,SpinQ Simulator desactivada,TQL Simulator activada,QAOA desactivada,VQE activada,382.91544
Visualizador calidad de aire activada,Turismo activada,Deportes activada,Entretenimiento activada,HQC activada,Visualizador restriccion uso lena activada,Ambientes abiertos activada,Ambientes cerrados desactivada,Optimizacion de rutas activada,Entretenimiento adulto activada,Entretenimiento familiar activada,Entretenimiento tercera edad desactivada,Backend activada,Algoritmo activada,Qiskit Simulator desactivada,SpinQ Simulator activada,TQL Simulator desactivada,QAOA desactivada,VQE activada,383.54462
Visualizador calidad de aire activada,Turismo activada,Deportes activada,Entretenimiento activada,HQC activada,Visualizador restriccion uso lena activada,Ambientes abiertos desactivada,Ambientes cerrados activada,Optimizacion de rutas activada,Entretenimiento adulto activada,Entretenimiento familiar desactivada,Entretenimiento tercera edad activada,Backend activada,Algoritmo activada,Qiskit Simulator desactivada,SpinQ Simulator activada,TQL Simulator desactivada,QAOA desactivada,VQE activada,383.7293
Visualizador calidad de aire activada,Turismo activada,Deportes activada,Entretenimiento activada,HQC activada,Visualizador restriccion uso lena desactivada,Ambientes abiertos activada,Ambientes cerrados desactivada,Optimizacion de rutas activada,Entretenimiento adulto desactivada,Entretenimiento familiar activada,Entretenimiento tercera edad desactivada,Backend activada,Algoritmo activada,Qiskit Simulator desactivada,SpinQ Simulator activada,TQL Simulator desactivada,QAOA activada,VQE desactivada,383.802
Visualizador calidad de aire activada,Turismo activada,Deportes activada,Entretenimiento activada,HQC activada,Visualizador restriccion uso lena activada,Ambientes abiertos desactivada,Ambientes cerrados activada,Optimizacion de rutas desactivada,Entretenimiento adulto activada,Entretenimiento familiar activada,Entretenimiento tercera edad activada,Backend activada,Algoritmo activada,Qiskit Simulator desactivada,SpinQ Simulator desactivada,TQL Simulator activada,QAOA activada,VQE desactivada,383.92978
Visualizador calidad de aire activada,Turismo activada,Deportes desactivada,Entretenimiento activada,HQC activada,Visualizador restriccion uso lena activada,Ambientes abiertos desactivada,Ambientes cerrados activada,Optimizacion de rutas activada,Entretenimiento adulto activada,Entretenimiento familiar activada,Entretenimiento tercera edad desactivada,Backend activada,Algoritmo activada,Qiskit Simulator desactivada,SpinQ Simulator desactivada,TQL Simulator activada,QAOA desactivada,VQE activada,384.3339
Visualizador calidad de aire activada,Turismo activada,Deportes activada,Entretenimiento activada,HQC activada,Visualizador restriccion uso lena desactivada,Ambientes abiertos activada,Ambientes cerrados desactivada,Optimizacion de rutas activada,Entretenimiento adulto activada,Entretenimiento familiar desactivada,Entretenimiento tercera edad desactivada,Backend activada,Algoritmo activada,Qiskit Simulator desactivada,SpinQ Simulator activada,TQL Simulator desactivada,QAOA desactivada,VQE activada,384.64447
Visualizador calidad de aire activada,Turismo activada,Deportes activada,Entretenimiento desactivada,HQC activada,Visualizador restriccion uso lena desactivada,Ambientes abiertos activada,Ambientes cerrados desactivada,Optimizacion de rutas activada,Entretenimiento adulto desactivada,Entretenimiento familiar desactivada,Entretenimiento tercera edad desactivada,Backend activada,Algoritmo activada,Qiskit Simulator desactivada,SpinQ Simulator activada,TQL Simulator desactivada,QAOA desactivada,VQE activada,384.72308
Visualizador calidad de aire activada,Turismo activada,Deportes activada,Entretenimiento activada,HQC activada,Visualizador restriccion uso lena activada,Ambientes abiertos desactivada,Ambientes cerrados activada,Optimizacion de rutas activada,Entretenimiento adulto desactivada,Entretenimiento familiar activada,Entretenimiento tercera edad activada,Backend activada,Algoritmo activada,Qiskit Simulator desactivada,SpinQ Simulator desactivada,TQL Simulator activada,QAOA activada,VQE desactivada,384.8863
Visualizador calidad de aire activada,Turismo activada,Deportes desactivada,Entretenimiento activada,HQC activada,Visualizador restriccion uso lena activada,Ambientes abiertos desactivada,Ambientes cerrados activada,Optimizacion de rutas desactivada,Entretenimiento adulto activada,Entretenimiento familiar activada,Entretenimiento tercera edad desactivada,Backend activada,Algoritmo activada,Qiskit Simulator desactivada,SpinQ Simulator activada,TQL Simulator desactivada,QAOA activada,VQE desactivada,385.4479
Visualizador calidad de aire activada,Turismo activada,Deportes activada,Entretenimiento activada,HQC activada,Visualizador restriccion uso lena desactivada,Ambientes abiertos activada,Ambientes cerrados desactivada,Optimizacion de rutas activada,Entretenimiento adulto desactivada,Entretenimiento familiar activada,Entretenimiento tercera edad desactivada,Backend activada,Algoritmo activada,Qiskit Simulator desactivada,SpinQ Simulator activada,TQL Simulator desactivada,QAOA desactivada,VQE activada,385.563
Visualizador calidad de aire activada,Turismo activada,Deportes activada,Entretenimiento activada,HQC activada,Visualizador restriccion uso lena activada,Ambientes abiertos desactivada,Ambientes cerrados activada,Optimizacion de rutas activada,Entretenimiento adulto desactivada,Entretenimiento familiar activada,Entretenimiento tercera edad desactivada,Backend activada,Algoritmo activada,Qiskit Simulator desactivada,SpinQ Simulator desactivada,TQL Simulator activada,QAOA activada,VQE desactivada,385.6706
Visualizador calidad de aire activada,Turismo activada,Deportes desactivada,Entretenimiento activada,HQC activada,Visualizador restriccion uso lena activada,Ambientes abiertos desactivada,Ambientes cerrados activada,Optimizacion de rutas activada,Entretenimiento adulto desactivada,Entretenimiento familiar activada,Entretenimiento tercera edad desactivada,Backend activada,Algoritmo activada,Qiskit Simulator desactivada,SpinQ Simulator desactivada,TQL Simulator activada,QAOA activada,VQE desactivada,385.67126
Visualizador calidad de aire activada,Turismo activada,Deportes activada,Entretenimiento activada,HQC activada,Visualizador restriccion uso lena activada,Ambientes abiertos desactivada,Ambientes cerrados activada,Optimizacion de rutas activada,Entretenimiento adulto activada,Entretenimiento familiar desactivada,Entretenimiento tercera edad desactivada,Backend activada,Algoritmo activada,Qiskit Simulator desactivada,SpinQ Simulator desactivada,TQL Simulator activada,QAOA activada,VQE desactivada,385.70688
Visualizador calidad de aire activada,Turismo activada,Deportes activada,Entretenimiento desactivada,HQC activada,Visualizador restriccion uso lena activada,Ambientes abiertos desactivada,Ambientes cerrados activada,Optimizacion de rutas desactivada,Entretenimiento adulto desactivada,Entretenimiento familiar desactivada,Entretenimiento tercera edad desactivada,Backend activada,Algoritmo activada,Qiskit Simulator desactivada,SpinQ Simulator activada,TQL Simulator desactivada,QAOA activada,VQE desactivada,386.19412
Visualizador calidad de aire activada,Turismo activada,Deportes desactivada,Entretenimiento activada,HQC activada,Visualizador restriccion uso lena activada,Ambientes abiertos desactivada,Ambientes cerrados activada,Optimizacion de rutas desactivada,Entretenimiento adulto activada,Entretenimiento familiar desactivada,Entretenimiento tercera edad desactivada,Backend activada,Algoritmo activada,Qiskit Simulator desactivada,SpinQ Simulator activada,TQL Simulator desactivada,QAOA activada,VQE desactivada,386.4573
Visualizador calidad de aire activada,Turismo activada,Deportes desactivada,Entretenimiento activada,HQC activada,Visualizador restriccion uso lena activada,Ambientes abiertos desactivada,Ambientes cerrados activada,Optimizacion de rutas activada,Entretenimiento adulto activada,Entretenimiento familiar activada,Entretenimiento tercera edad desactivada,Backend activada,Algoritmo activada,Qiskit Simulator desactivada,SpinQ Simulator activada,TQL Simulator desactivada,QAOA desactivada,VQE activada,386.50613
Visualizador calidad de aire activada,Turismo activada,Deportes activada,Entretenimiento activada,HQC activada,Visualizador restriccion uso lena activada,Ambientes abiertos desactivada,Ambientes cerrados activada,Optimizacion de rutas desactivada,Entretenimiento adulto activada,Entretenimiento familiar desactivada,Entretenimiento tercera edad activada,Backend activada,Algoritmo activada,Qiskit Simulator desactivada,SpinQ Simulator activada,TQL Simulator desactivada,QAOA activada,VQE desactivada,387.08212
Visualizador calidad de aire activada,Turismo activada,Deportes activada,Entretenimiento activada,HQC activada,Visualizador restriccion uso lena activada,Ambientes abiertos desactivada,Ambientes cerrados activada,Optimizacion de rutas desactivada,Entretenimiento adulto activada,Entretenimiento familiar activada,Entretenimiento tercera edad activada,Backend activada,Algoritmo activada,Qiskit Simulator desactivada,SpinQ Simulator activada,TQL Simulator desactivada,QAOA activada,VQE desactivada,387.2202
Visualizador calidad de aire activada,Turismo activada,Deportes activada,Entretenimiento activada,HQC activada,Visualizador restriccion uso lena activada,Ambientes abiertos desactivada,Ambientes cerrados activada,Optimizacion de rutas activada,Entretenimiento adulto activada,Entretenimiento familiar activada,Entretenimiento tercera edad activada,Backend activada,Algoritmo activada,Qiskit Simulator desactivada,SpinQ Simulator activada,TQL Simulator desactivada,QAOA desactivada,VQE activada,387.2567
Visualizador calidad de aire activada,Turismo activada,Deportes activada,Entretenimiento activada,HQC activada,Visualizador restriccion uso lena activada,Ambientes abiertos desactivada,Ambientes cerrados activada,Optimizacion de rutas activada,Entretenimiento adulto activada,Entretenimiento familiar desactivada,Entretenimiento tercera edad desactivada,Backend activada,Algoritmo activada,Qiskit Simulator desactivada,SpinQ Simulator activada,TQL Simulator desactivada,QAOA desactivada,VQE activada,387.93765
Visualizador calidad de aire activada,Turismo activada,Deportes activada,Entretenimiento activada,HQC activada,Visualizador restriccion uso lena desactivada,Ambientes abiertos activada,Ambientes cerrados desactivada,Optimizacion de rutas activada,Entretenimiento adulto activada,Entretenimiento familiar activada,Entretenimiento tercera edad desactivada,Backend activada,Algoritmo activada,Qiskit Simulator desactivada,SpinQ Simulator activada,TQL Simulator desactivada,QAOA activada,VQE desactivada,388.11264
Visualizador calidad de aire activada,Turismo activada,Deportes activada,Entretenimiento activada,HQC activada,Visualizador restriccion uso lena activada,Ambientes abiertos desactivada,Ambientes cerrados activada,Optimizacion de rutas activada,Entretenimiento adulto activada,Entretenimiento familiar activada,Entretenimiento tercera edad desactivada,Backend activada,Algoritmo activada,Qiskit Simulator activada,SpinQ Simulator desactivada,TQL Simulator desactivada,QAOA activada,VQE desactivada,388.56195
Visualizador calidad de aire activada,Turismo activada,Deportes desactivada,Entretenimiento activada,HQC activada,Visualizador restriccion uso lena activada,Ambientes abiertos desactivada,Ambientes cerrados activada,Optimizacion de rutas activada,Entretenimiento adulto desactivada,Entretenimiento familiar activada,Entretenimiento tercera edad desactivada,Backend activada,Algoritmo activada,Qiskit Simulator desactivada,SpinQ Simulator activada,TQL Simulator desactivada,QAOA activada,VQE desactivada,388.69492
Visualizador calidad de aire activada,Turismo activada,Deportes activada,Entretenimiento activada,HQC activada,Visualizador restriccion uso lena desactivada,Ambientes abiertos activada,Ambientes cerrados desactivada,Optimizacion de rutas activada,Entretenimiento adulto activada,Entretenimiento familiar desactivada,Entretenimiento tercera edad desactivada,Backend activada,Algoritmo activada,Qiskit Simulator desactivada,SpinQ Simulator activada,TQL Simulator desactivada,QAOA activada,VQE desactivada,389.51978
Visualizador calidad de aire activada,Turismo activada,Deportes activada,Entretenimiento desactivada,HQC activada,Visualizador restriccion uso lena desactivada,Ambientes abiertos activada,Ambientes cerrados desactivada,Optimizacion de rutas activada,Entretenimiento adulto desactivada,Entretenimiento familiar desactivada,Entretenimiento tercera edad desactivada,Backend activada,Algoritmo activada,Qiskit Simulator desactivada,SpinQ Simulator activada,TQL Simulator desactivada,QAOA activada,VQE desactivada,389.95605
Visualizador calidad de aire activada,Turismo activada,Deportes activada,Entretenimiento activada,HQC activada,Visualizador restriccion uso lena desactivada,Ambientes abiertos activada,Ambientes cerrados desactivada,Optimizacion de rutas activada,Entretenimiento adulto desactivada,Entretenimiento familiar activada,Entretenimiento tercera edad desactivada,Backend activada,Algoritmo activada,Qiskit Simulator desactivada,SpinQ Simulator desactivada,TQL Simulator activada,QAOA activada,VQE desactivada,390.30188
Visualizador calidad de aire activada,Turismo activada,Deportes desactivada,Entretenimiento activada,HQC activada,Visualizador restriccion uso lena activada,Ambientes abiertos desactivada,Ambientes cerrados activada,Optimizacion de rutas activada,Entretenimiento adulto activada,Entretenimiento familiar desactivada,Entretenimiento tercera edad desactivada,Backend activada,Algoritmo activada,Qiskit Simulator desactivada,SpinQ Simulator activada,TQL Simulator desactivada,QAOA activada,VQE desactivada,390.60596
Visualizador calidad de aire activada,Turismo activada,Deportes activada,Entretenimiento activada,HQC activada,Visualizador restriccion uso lena activada,Ambientes abiertos desactivada,Ambientes cerrados activada,Optimizacion de rutas desactivada,Entretenimiento adulto activada,Entretenimiento familiar activada,Entretenimiento tercera edad desactivada,Backend activada,Algoritmo activada,Qiskit Simulator desactivada,SpinQ Simulator desactivada,TQL Simulator activada,QAOA activada,VQE desactivada,391.73334
Visualizador calidad de aire activada,Turismo activada,Deportes activada,Entretenimiento activada,HQC activada,Visualizador restriccion uso lena activada,Ambientes abiertos desactivada,Ambientes cerrados activada,Optimizacion de rutas activada,Entretenimiento adulto desactivada,Entretenimiento familiar activada,Entretenimiento tercera edad desactivada,Backend activada,Algoritmo activada,Qiskit Simulator desactivada,SpinQ Simulator activada,TQL Simulator desactivada,QAOA activada,VQE desactivada,391.9689
Visualizador calidad de aire activada,Turismo activada,Deportes desactivada,Entretenimiento activada,HQC activada,Visualizador restriccion uso lena activada,Ambientes abiertos desactivada,Ambientes cerrados activada,Optimizacion de rutas desactivada,Entretenimiento adulto activada,Entretenimiento familiar activada,Entretenimiento tercera edad desactivada,Backend activada,Algoritmo activada,Qiskit Simulator desactivada,SpinQ Simulator desactivada,TQL Simulator activada,QAOA activada,VQE desactivada,392.2211
Visualizador calidad de aire activada,Turismo activada,Deportes activada,Entretenimiento activada,HQC activada,Visualizador restriccion uso lena activada,Ambientes abiertos desactivada,Ambientes cerrados activada,Optimizacion de rutas activada,Entretenimiento adulto activada,Entretenimiento familiar activada,Entretenimiento tercera edad desactivada,Backend activada,Algoritmo activada,Qiskit Simulator desactivada,SpinQ Simulator desactivada,TQL Simulator activada,QAOA desactivada,VQE activada,392.599
Visualizador calidad de aire activada,Turismo activada,Deportes activada,Entretenimiento desactivada,HQC activada,Visualizador restriccion uso lena activada,Ambientes abiertos activada,Ambientes cerrados desactivada,Optimizacion de rutas activada,Entretenimiento adulto desactivada,Entretenimiento familiar desactivada,Entretenimiento tercera edad desactivada,Backend activada,Algoritmo activada,Qiskit Simulator desactivada,SpinQ Simulator activada,TQL Simulator desactivada,QAOA activada,VQE desactivada,393.37366
Visualizador calidad de aire activada,Turismo activada,Deportes activada,Entretenimiento activada,HQC activada,Visualizador restriccion uso lena activada,Ambientes abiertos desactivada,Ambientes cerrados activada,Optimizacion de rutas activada,Entretenimiento adulto activada,Entretenimiento familiar activada,Entretenimiento tercera edad activada,Backend activada,Algoritmo activada,Qiskit Simulator desactivada,SpinQ Simulator desactivada,TQL Simulator activada,QAOA activada,VQE desactivada,393.89844
Visualizador calidad de aire activada,Turismo activada,Deportes activada,Entretenimiento activada,HQC activada,Visualizador restriccion uso lena desactivada,Ambientes abiertos activada,Ambientes cerrados desactivada,Optimizacion de rutas activada,Entretenimiento adulto activada,Entretenimiento familiar activada,Entretenimiento tercera edad desactivada,Backend activada,Algoritmo activada,Qiskit Simulator desactivada,SpinQ Simulator activada,TQL Simulator desactivada,QAOA desactivada,VQE activada,393.95114
Visualizador calidad de aire activada,Turismo activada,Deportes activada,Entretenimiento activada,HQC activada,Visualizador restriccion uso lena activada,Ambientes abiertos desactivada,Ambientes cerrados activada,Optimizacion de rutas activada,Entretenimiento adulto activada,Entretenimiento familiar activada,Entretenimiento tercera edad desactivada,Backend activada,Algoritmo activada,Qiskit Simulator desactivada,SpinQ Simulator activada,TQL Simulator desactivada,QAOA desactivada,VQE activada,394.23248
Visualizador calidad de aire activada,Turismo activada,Deportes desactivada,Entretenimiento activada,HQC activada,Visualizador restriccion uso lena activada,Ambientes abiertos desactivada,Ambientes cerrados activada,Optimizacion de rutas activada,Entretenimiento adulto activada,Entretenimiento familiar activada,Entretenimiento tercera edad desactivada,Backend activada,Algoritmo activada,Qiskit Simulator desactivada,SpinQ Simulator desactivada,TQL Simulator activada,QAOA activada,VQE desactivada,394.56125
Visualizador calidad de aire activada,Turismo activada,Deportes activada,Entretenimiento activada,HQC activada,Visualizador restriccion uso lena activada,Ambientes abiertos desactivada,Ambientes cerrados activada,Optimizacion de rutas activada,Entretenimiento adulto activada,Entretenimiento familiar desactivada,Entretenimiento tercera edad activada,Backend activada,Algoritmo activada,Qiskit Simulator desactivada,SpinQ Simulator activada,TQL Simulator desactivada,QAOA activada,VQE desactivada,394.76547
Visualizador calidad de aire activada,Turismo activada,Deportes desactivada,Entretenimiento activada,HQC activada,Visualizador restriccion uso lena activada,Ambientes abiertos desactivada,Ambientes cerrados activada,Optimizacion de rutas activada,Entretenimiento adulto activada,Entretenimiento familiar activada,Entretenimiento tercera edad desactivada,Backend activada,Algoritmo activada,Qiskit Simulator desactivada,SpinQ Simulator activada,TQL Simulator desactivada,QAOA activada,VQE desactivada,394.98544
Visualizador calidad de aire activada,Turismo activada,Deportes activada,Entretenimiento activada,HQC activada,Visualizador restriccion uso lena activada,Ambientes abiertos activada,Ambientes cerrados desactivada,Optimizacion de rutas activada,Entretenimiento adulto desactivada,Entretenimiento familiar activada,Entretenimiento tercera edad desactivada,Backend activada,Algoritmo activada,Qiskit Simulator desactivada,SpinQ Simulator desactivada,TQL Simulator activada,QAOA activada,VQE desactivada,396.622
Visualizador calidad de aire activada,Turismo activada,Deportes activada,Entretenimiento activada,HQC activada,Visualizador restriccion uso lena activada,Ambientes abiertos desactivada,Ambientes cerrados activada,Optimizacion de rutas desactivada,Entretenimiento adulto activada,Entretenimiento familiar activada,Entretenimiento tercera edad desactivada,Backend activada,Algoritmo activada,Qiskit Simulator desactivada,SpinQ Simulator activada,TQL Simulator desactivada,QAOA activada,VQE desactivada,399.58734
Visualizador calidad de aire activada,Turismo activada,Deportes activada,Entretenimiento activada,HQC activada,Visualizador restriccion uso lena activada,Ambientes abiertos desactivada,Ambientes cerrados activada,Optimizacion de rutas activada,Entretenimiento adulto activada,Entretenimiento familiar activada,Entretenimiento tercera edad activada,Backend activada,Algoritmo activada,Qiskit Simulator desactivada,SpinQ Simulator activada,TQL Simulator desactivada,QAOA activada,VQE desactivada,400.4726
Visualizador calidad de aire activada,Turismo activada,Deportes activada,Entretenimiento activada,HQC activada,Visualizador restriccion uso lena activada,Ambientes abiertos desactivada,Ambientes cerrados activada,Optimizacion de rutas activada,Entretenimiento adulto activada,Entretenimiento familiar activada,Entretenimiento tercera edad desactivada,Backend activada,Algoritmo activada,Qiskit Simulator desactivada,SpinQ Simulator desactivada,TQL Simulator activada,QAOA activada,VQE desactivada,402.15662
Visualizador calidad de aire activada,Turismo activada,Deportes activada,Entretenimiento activada,HQC activada,Visualizador restriccion uso lena activada,Ambientes abiertos desactivada,Ambientes cerrados activada,Optimizacion de rutas desactivada,Entretenimiento adulto activada,Entretenimiento familiar desactivada,Entretenimiento tercera edad desactivada,Backend activada,Algoritmo activada,Qiskit Simulator desactivada,SpinQ Simulator activada,TQL Simulator desactivada,QAOA activada,VQE desactivada,404.27838
Visualizador calidad de aire activada,Turismo activada,Deportes activada,Entretenimiento activada,HQC activada,Visualizador restriccion uso lena activada,Ambientes abiertos desactivada,Ambientes cerrados activada,Optimizacion de rutas activada,Entretenimiento adulto activada,Entretenimiento familiar desactivada,Entretenimiento tercera edad desactivada,Backend activada,Algoritmo activada,Qiskit Simulator desactivada,SpinQ Simulator activada,TQL Simulator desactivada,QAOA activada,VQE desactivada,410.65515
Visualizador calidad de aire activada,Turismo activada,Deportes activada,Entretenimiento activada,HQC activada,Visualizador restriccion uso lena activada,Ambientes abiertos desactivada,Ambientes cerrados activada,Optimizacion de rutas activada,Entretenimiento adulto activada,Entretenimiento familiar activada,Entretenimiento tercera edad desactivada,Backend activada,Algoritmo activada,Qiskit Simulator desactivada,SpinQ Simulator activada,TQL Simulator desactivada,QAOA activada,VQE desactivada,412.63065
