Visualizador calidad de aire activada,Turismo activada,Deportes activada,Entretenimiento activada,HQC activada,Visualizador restriccion uso lena activada,Ambientes abiertos desactivada,Ambientes cerrados activada,Optimizacion de rutas activada,Entretenimiento adulto activada,Entretenimiento familiar activada,Entretenimiento tercera edad activada,Backend activada,Algoritmo activada,Qiskit Simulator activada,SpinQ Simulator desactivada,TQL Simulator desactivada,QAOA activada,VQE desactivada
Visualizador calidad de aire activada,Turismo activada,Deportes activada,Entretenimiento activada,HQC activada,Visualizador restriccion uso lena activada,Ambientes abiertos desactivada,Ambientes cerrados activada,Optimizacion de rutas activada,Entretenimiento adulto activada,Entretenimiento familiar activada,Entretenimiento tercera edad activada,Backend activada,Algoritmo activada,Qiskit Simulator activada,SpinQ Simulator desactivada,TQL Simulator desactivada,QAOA desactivada,VQE activada
Visualizador calidad de aire activada,Turismo activada,Deportes activada,Entretenimiento activada,HQC activada,Visualizador restriccion uso lena activada,Ambientes abiertos desactivada,Ambientes cerrados activada,Optimizacion de rutas activada,Entretenimiento adulto activada,Entretenimiento familiar activada,Entretenimiento tercera edad activada,Backend activada,Algoritmo activada,Qiskit Simulator desactivada,SpinQ Simulator activada,TQL Simulator desactivada,QAOA activada,VQE desactivada
Visualizador calidad de aire activada,Turismo activada,Deportes activada,Entretenimiento activada,HQC activada,Visualizador restriccion uso lena activada,Ambientes abiertos desactivada,Ambientes cerrados activada,Optimizacion de rutas activada,Entretenimiento adulto activada,Entretenimiento familiar activada,Entretenimiento tercera edad activada,Backend activada,Algoritmo activada,Qiskit Simulator desactivada,SpinQ Simulator activada,TQL Simulator desactivada,QAOA desactivada,VQE activada
Visualizador calidad de aire activada,Turismo activada,Deportes activada,Entretenimiento activada,HQC activada,Visualizador restriccion uso lena activada,Ambientes abiertos desactivada,Ambientes cerrados activada,Optimizacion de rutas activada,Entretenimiento adulto activada,Entretenimiento familiar activada,Entretenimiento tercera edad activada,Backend activada,Algoritmo activada,Qiskit Simulator desactivada,SpinQ Simulator desactivada,TQL Simulator activada,QAOA activada,VQE desactivada
Visualizador calidad de aire activada,Turismo activada,Deportes activada,Entretenimiento activada,HQC activada,Visualizador restriccion uso lena activada,Ambientes abiertos desactivada,Ambientes cerrados activada,Optimizacion de rutas activada,Entretenimiento adulto activada,Entretenimiento familiar activada,Entretenimiento tercera edad activada,Backend activada,Algoritmo activada,Qiskit Simulator desactivada,SpinQ Simulator desactivada,TQL Simulator activada,QAOA desactivada,VQE activada
Visualizador calidad de aire activada,Turismo activada,Deportes activada,Entretenimiento activada,HQC activada,Visualizador restriccion uso lena activada,Ambientes abiertos desactivada,Ambientes cerrados activada,Optimizacion de rutas activada,Entretenimiento adulto activada,Entretenimiento familiar activada,Entretenimiento tercera edad desactivada,Backend activada,Algoritmo activada,Qiskit Simulator activada,SpinQ Simulator desactivada,TQL Simulator desactivada,QAOA activada,VQE desactivada
Visualizador calidad de aire activada,Turismo activada,Deportes activada,Entretenimiento activada,HQC activada,Visualizador restriccion uso lena activada,Ambientes abiertos desactivada,Ambientes cerrados activada,Optimizacion de rutas activada,Entretenimiento adulto activada,Entretenimiento familiar activada,Entretenimiento tercera edad desactivada,Backend activada,Algoritmo activada,Qiskit Simulator activada,SpinQ Simulator desactivada,TQL Simulator desactivada,QAOA desactivada,VQE activada
Visualizador calidad de aire activada,Turismo activada,Deportes activada,Entretenimiento activada,HQC activada,Visualizador restriccion uso lena activada,Ambientes abiertos desactivada,Ambientes cerrados activada,Optimizacion de rutas activada,Entretenimiento adulto activada,Entretenimiento familiar activada,Entretenimiento tercera edad desactivada,Backend activada,Algoritmo activada,Qiskit Simulator desactivada,SpinQ Simulator activada,TQL Simulator desactivada,QAOA activada,VQE desactivada
Visualizador calidad de aire activada,Turismo activada,Deportes activada,Entretenimiento activada,HQC activada,Visualizador restriccion uso lena activada,Ambientes abiertos desactivada,Ambientes cerrados activada,Optimizacion de rutas activada,Entretenimiento adulto activada,Entretenimiento familiar activada,Entretenimiento tercera edad desactivada,Backend activada,Algoritmo activada,Qiskit Simulator desactivada,SpinQ Simulator activada,TQL Simulator desactivada,QAOA desactivada,VQE activada
Visualizador calidad de aire activada,Turismo activada,Deportes activada,Entretenimiento activada,HQC activada,Visualizador restriccion uso lena activada,Ambientes abiertos desactivada,Ambientes cerrados activada,Optimizacion de rutas activada,Entretenimiento adulto activada,Entretenimiento familiar activada,Entretenimiento tercera edad desactivada,Backend activada,Algoritmo activada,Qiskit Simulator desactivada,SpinQ Simulator desactivada,TQL Simulator activada,QAOA activada,VQE desactivada
Visualizador calidad de aire activada,Turismo activada,Deportes activada,Entretenimiento activada,HQC activada,Visualizador restriccion uso lena activada,Ambientes abiertos desactivada,Ambientes cerrados activada,Optimizacion de rutas activada,Entretenimiento adulto activada,Entretenimiento familiar activada,Entretenimiento tercera edad desactivada,Backend activada,Algoritmo activada,Qiskit Simulator desactivada,SpinQ Simulator desactivada,TQL Simulator activada,QAOA desactivada,VQE activada
Visualizador calidad de aire activada,Turismo activada,Deportes activada,Entretenimiento activada,HQC activada,Visualizador restriccion uso lena activada,Ambientes abiertos desactivada,Ambientes cerrados activada,Optimizacion de rutas activada,Entretenimiento adulto desactivada,Entretenimiento familiar activada,Entretenimiento tercera edad activada,Backend activada,Algoritmo activada,Qiskit Simulator activada,SpinQ Simulator desactivada,TQL Simulator desactivada,QAOA activada,VQE desactivada
Visualizador calidad de aire activada,Turismo activada,Deportes activada,Entretenimiento activada,HQC activada,Visualizador restriccion uso lena activada,Ambientes abiertos desactivada,Ambientes cerrados activada,Optimizacion de rutas activada,Entretenimiento adulto desactivada,Entretenimiento familiar activada,Entretenimiento tercera edad activada,Backend activada,Algoritmo activada,Qiskit Simulator activada,SpinQ Simulator desactivada,TQL Simulator desactivada,QAOA desactivada,VQE activada
Visualizador calidad de aire activada,Turismo activada,Deportes activada,Entretenimiento activada,HQC activada,Visualizador restriccion uso lena activada,Ambientes abiertos desactivada,Ambientes cerrados activada,Optimizacion de rutas activada,Entretenimiento adulto desactivada,Entretenimiento familiar activada,Entretenimiento tercera edad activada,Backend activada,Algoritmo activada,Qiskit Simulator desactivada,SpinQ Simulator activada,TQL Simulator desactivada,QAOA activada,VQE desactivada
Visualizador calidad de aire activada,Turismo activada,Deportes activada,Entretenimiento activada,HQC activada,Visualizador restriccion uso lena activada,Ambientes abiertos desactivada,Ambientes cerrados activada,Optimizacion de rutas activada,Entretenimiento adulto desactivada,Entretenimiento familiar activada,Entretenimiento tercera edad activada,Backend activada,Algoritmo activada,Qiskit Simulator desactivada,SpinQ Simulator activada,TQL Simulator desactivada,QAOA desactivada,VQE activada
Visualizador calidad de aire activada,Turismo activada,Deportes activada,Entretenimiento activada,HQC activada,Visualizador restriccion uso lena activada,Ambientes abiertos desactivada,Ambientes cerrados activada,Optimizacion de rutas activada,Entretenimiento adulto desactivada,Entretenimiento familiar activada,Entretenimiento tercera edad activada,Backend activada,Algoritmo activada,Qiskit Simulator desactivada,SpinQ Simulator desactivada,TQL Simulator activada,QAOA activada,VQE desactivada
Visualizador calidad de aire activada,Turismo activada,Deportes activada,Entretenimiento activada,HQC activada,Visualizador restriccion uso lena activada,Ambientes abiertos desactivada,Ambientes cerrados activada,Optimizacion de rutas activada,Entretenimiento adulto desactivada,Entretenimiento familiar activada,Entretenimiento tercera edad activada,Backend activada,Algoritmo activada,Qiskit Simulator desactivada,SpinQ Simulator desactivada,TQL Simulator activada,QAOA desactivada,VQE activada
Visualizador calidad de aire activada,Turismo activada,Deportes activada,Entretenimiento activada,HQC activada,Visualizador restriccion uso lena activada,Ambientes abiertos desactivada,Ambientes cerrados activada,Optimizacion de rutas activada,Entretenimiento adulto desactivada,Entretenimiento familiar activada,Entretenimiento tercera edad desactivada,Backend activada,Algoritmo activada,Qiskit Simulator activada,SpinQ Simulator desactivada,TQL Simulator desactivada,QAOA activada,VQE desactivada
Visualizador calidad de aire activada,Turismo activada,Deportes activada,Entretenimiento activada,HQC activada,Visualizador restriccion uso lena activada,Ambientes abiertos desactivada,Ambientes cerrados activada,Optimizacion de rutas activada,Entretenimiento adulto desactivada,Entretenimiento familiar activada,Entretenimiento tercera edad desactivada,Backend activada,Algoritmo activada,Qiskit Simulator activada,SpinQ Simulator desactivada,TQL Simulator desactivada,QAOA desactivada,VQE activada
Visualizador calidad de aire activada,Turismo activada,Deportes activada,Entretenimiento activada,HQC activada,Visualizador restriccion uso lena activada,Ambientes abiertos desactivada,Ambientes cerrados activada,Optimizacion de rutas activada,Entretenimiento adulto desactivada,Entretenimiento familiar activada,Entretenimiento tercera edad desactivada,Backend activada,Algoritmo activada,Qiskit Simulator desactivada,SpinQ Simulator activada,TQL Simulator desactivada,QAOA activada,VQE desactivada
Visualizador calidad de aire activada,Turismo activada,Deportes activada,Entretenimiento activada,HQC activada,Visualizador restriccion uso lena activada,Ambientes abiertos desactivada,Ambientes cerrados activada,Optimizacion de rutas activada,Entretenimiento adulto desactivada,Entretenimiento familiar activada,Entretenimiento tercera edad desactivada,Backend activada,Algoritmo activada,Qiskit Simulator desactivada,SpinQ Simulator activada,TQL Simulator desactivada,QAOA desactivada,VQE activada
Visualizador calidad de aire activada,Turismo activada,Deportes activada,Entretenimiento activada,HQC activada,Visualizador restriccion uso lena activada,Ambientes abiertos desactivada,Ambientes cerrados activada,Optimizacion de rutas activada,Entretenimiento adulto desactivada,Entretenimiento familiar activada,Entretenimiento tercera edad desactivada,Backend activada,Algoritmo activada,Qiskit Simulator desactivada,SpinQ Simulator desactivada,TQL Simulator activada,QAOA activada,VQE desactivada
Visualizador calidad de aire activada,Turismo activada,Deportes activada,Entretenimiento activada,HQC activada,Visualizador restriccion uso lena activada,Ambientes abiertos desactivada,Ambientes cerrados activada,Optimizacion de rutas activada,Entretenimiento adulto desactivada,Entretenimiento familiar activada,Entretenimiento tercera edad desactivada,Backend activada,Algoritmo activada,Qiskit Simulator desactivada,SpinQ Simulator desactivada,TQL Simulator activada,QAOA desactivada,VQE activada
Visualizador calidad de aire activada,Turismo activada,Deportes activada,Entretenimiento activada,HQC activada,Visualizador restriccion uso lena activada,Ambientes abiertos desactivada,Ambientes cerrados activada,Optimizacion de rutas activada,Entretenimiento adulto activada,Entretenimiento familiar desactivada,Entretenimiento tercera edad activada,Backend activada,Algoritmo activada,Qiskit Simulator activada,SpinQ Simulator desactivada,TQL Simulator desactivada,QAOA activada,VQE desactivada
Visualizador calidad de aire activada,Turismo activada,Deportes activada,Entretenimiento activada,HQC activada,Visualizador restriccion uso lena activada,Ambientes abiertos desactivada,Ambientes cerrados activada,Optimizacion de rutas activada,Entretenimiento adulto activada,Entretenimiento familiar desactivada,Entretenimiento tercera edad activada,Backend activada,Algoritmo activada,Qiskit Simulator activada,SpinQ Simulator desactivada,TQL Simulator desactivada,QAOA desactivada,VQE activada
Visualizador calidad de aire activada,Turismo activada,Deportes activada,Entretenimiento activada,HQC activada,Visualizador restriccion uso lena activada,Ambientes abiertos desactivada,Ambientes cerrados activada,Optimizacion de rutas activada,Entretenimiento adulto activada,Entretenimiento familiar desactivada,Entretenimiento tercera edad activada,Backend activada,Algoritmo activada,Qiskit Simulator desactivada,SpinQ Simulator activada,TQL Simulator desactivada,QAOA activada,VQE desactivada
Visualizador calidad de aire activada,Turismo activada,Deportes activada,Entretenimiento activada,HQC activada,Visualizador restriccion uso lena activada,Ambientes abiertos desactivada,Ambientes cerrados activada,Optimizacion de rutas activada,Entretenimiento adulto activada,Entretenimiento familiar desactivada,Entretenimiento tercera edad activada,Backend activada,Algoritmo activada,Qiskit Simulator desactivada,SpinQ Simulator activada,TQL Simulator desactivada,QAOA desactivada,VQE activada
Visualizador calidad de aire activada,Turismo activada,Deportes activada,Entretenimiento activada,HQC activada,Visualizador restriccion uso lena activada,Ambientes abiertos desactivada,Ambientes cerrados activada,Optimizacion de rutas activada,Entretenimiento adulto activada,Entretenimiento familiar desactivada,Entretenimiento tercera edad activada,Backend activada,Algoritmo activada,Qiskit Simulator desactivada,SpinQ Simulator desactivada,TQL Simulator activada,QAOA activada,VQE desactivada
Visualizador calidad de aire activada,Turismo activada,Deportes activada,Entretenimiento activada,HQC activada,Visualizador restriccion uso lena activada,Ambientes abiertos desactivada,Ambientes cerrados activada,Optimizacion de rutas activada,Entretenimiento adulto activada,Entretenimiento familiar desactivada,Entretenimiento tercera edad activada,Backend activada,Algoritmo activada,Qiskit Simulator desactivada,SpinQ Simulator desactivada,TQL Simulator activada,QAOA desactivada,VQE activada
Visualizador calidad de aire activada,Turismo activada,Deportes activada,Entretenimiento activada,HQC activada,Visualizador restriccion uso lena activada,Ambientes abiertos desactivada,Ambientes cerrados activada,Optimizacion de rutas activada,Entretenimiento adulto activada,Entretenimiento familiar desactivada,Entretenimiento tercera edad desactivada,Backend activada,Algoritmo activada,Qiskit Simulator activada,SpinQ Simulator desactivada,TQL Simulator desactivada,QAOA activada,VQE desactivada
Visualizador calidad de aire activada,Turismo activada,Deportes activada,Entretenimiento activada,HQC activada,Visualizador restriccion uso lena activada,Ambientes abiertos desactivada,Ambientes cerrados activada,Optimizacion de rutas activada,Entretenimiento adulto activada,Entretenimiento familiar desactivada,Entretenimiento tercera edad desactivada,Backend activada,Algoritmo activada,Qiskit Simulator activada,SpinQ Simulator desactivada,TQL Simulator desactivada,QAOA desactivada,VQE activada
Visualizador calidad de aire activada,Turismo activada,Deportes activada,Entretenimiento activada,HQC activada,Visualizador restriccion uso lena activada,Ambientes abiertos desactivada,Ambientes cerrados activada,Optimizacion de rutas activada,Entretenimiento adulto activada,Entretenimiento familiar desactivada,Entretenimiento tercera edad desactivada,Backend activada,Algoritmo activada,Qiskit Simulator desactivada,SpinQ Simulator activada,TQL Simulator desactivada,QAOA activada,VQE desactivada
Visualizador calidad de aire activada,Turismo activada,Deportes activada,Entretenimiento activada,HQC activada,Visualizador restriccion uso lena activada,Ambientes abiertos desactivada,Ambientes cerrados activada,Optimizacion de rutas activada,Entretenimiento adulto activada,Entretenimiento familiar desactivada,Entretenimiento tercera edad desactivada,Backend activada,Algoritmo activada,Qiskit Simulator desactivada,SpinQ Simulator activada,TQL Simulator desactivada,QAOA desactivada,VQE activada
Visualizador calidad de aire activada,Turismo activada,Deportes activada,Entretenimiento activada,HQC activada,Visualizador restriccion uso lena activada,Ambientes abiertos desactivada,Ambientes cerrados activada,Optimizacion de rutas activada,Entretenimiento adulto activada,Entretenimiento familiar desactivada,Entretenimiento tercera edad desactivada,Backend activada,Algoritmo activada,Qiskit Simulator desactivada,SpinQ Simulator desactivada,TQL Simulator activada,QAOA activada,VQE desactivada
Visualizador calidad de aire activada,Turismo activada,Deportes activada,Entretenimiento activada,HQC activada,Visualizador restriccion uso lena activada,Ambientes abiertos desactivada,Ambientes cerrados activada,Optimizacion de rutas activada,Entretenimiento adulto activada,Entretenimiento familiar desactivada,Entretenimiento tercera edad desactivada,Backend activada,Algoritmo activada,Qiskit Simulator desactivada,SpinQ Simulator desactivada,TQL Simulator activada,QAOA desactivada,VQE activada
Visualizador calidad de aire activada,Turismo activada,Deportes activada,Entretenimiento activada,HQC activada,Visualizador restriccion uso lena activada,Ambientes abiertos desactivada,Ambientes cerrados activada,Optimizacion de rutas activada,Entretenimiento adulto desactivada,Entretenimiento familiar desactivada,Entretenimiento tercera edad activada,Backend activada,Algoritmo activada,Qiskit Simulator activada,SpinQ Simulator desactivada,TQL Simulator desactivada,QAOA activada,VQE desactivada
Visualizador calidad de aire activada,Turismo activada,Deportes activada,Entretenimiento activada,HQC activada,Visualizador restriccion uso lena activada,Ambientes abiertos desactivada,Ambientes cerrados activada,Optimizacion de rutas activada,Entretenimiento adulto desactivada,Entretenimiento familiar desactivada,Entretenimiento tercera edad activada,Backend activada,Algoritmo activada,Qiskit Simulator activada,SpinQ Simulator desactivada,TQL Simulator desactivada,QAOA desactivada,VQE activada
Visualizador calidad de aire activada,Turismo activada,Deportes activada,Entretenimiento activada,HQC activada,Visualizador restriccion uso lena activada,Ambientes abiertos desactivada,Ambientes cerrados activada,Optimizacion de rutas activada,Entretenimiento adulto desactivada,Entretenimiento familiar desactivada,Entretenimiento tercera edad activada,Backend activada,Algoritmo activada,Qiskit Simulator desactivada,SpinQ Simulator activada,TQL Simulator desactivada,QAOA activada,VQE desactivada
Visualizador calidad de aire activada,Turismo activada,Deportes activada,Entretenimiento activada,HQC activada,Visualizador restriccion uso lena activada,Ambientes abiertos desactivada,Ambientes cerrados activada,Optimizacion de rutas activada,Entretenimiento adulto desactivada,Entretenimiento familiar desactivada,Entretenimiento tercera edad activada,Backend activada,Algoritmo activada,Qiskit Simulator desactivada,SpinQ Simulator activada,TQL Simulator desactivada,QAOA desactivada,VQE activada
Visualizador calidad de aire activada,Turismo activada,Deportes activada,Entretenimiento activada,HQC activada,Visualizador restriccion uso lena activada,Ambientes abiertos desactivada,Ambientes cerrados activada,Optimizacion de rutas activada,Entretenimiento adulto desactivada,Entretenimiento familiar desactivada,Entretenimiento tercera edad activada,Backend activada,Algoritmo activada,Qiskit Simulator desactivada,SpinQ Simulator desactivada,TQL Simulator activada,QAOA activada,VQE desactivada
Visualizador calidad de aire activada,Turismo activada,Deportes activada,Entretenimiento activada,HQC activada,Visualizador restriccion uso lena activada,Ambientes abiertos desactivada,Ambientes cerrados activada,Optimizacion de rutas activada,Entretenimiento adulto desactivada,Entretenimiento familiar desactivada,Entretenimiento tercera edad activada,Backend activada,Algoritmo activada,Qiskit Simulator desactivada,SpinQ Simulator desactivada,TQL Simulator activada,QAOA desactivada,VQE activada
Visualizador calidad de aire activada,Turismo activada,Deportes activada,Entretenimiento activada,HQC activada,Visualizador restriccion uso lena activada,Ambientes abiertos desactivada,Ambientes cerrados activada,Optimizacion de rutas desactivada,Entretenimiento adulto activada,Entretenimiento familiar activada,Entretenimiento tercera edad activada,Backend activada,Algoritmo activada,Qiskit Simulator activada,SpinQ Simulator desactivada,TQL Simulator desactivada,QAOA activada,VQE desactivada
Visualizador calidad de aire activada,Turismo activada,Deportes activada,Entretenimiento activada,HQC activada,Visualizador restriccion uso lena activada,Ambientes abiertos desactivada,Ambientes cerrados activada,Optimizacion de rutas desactivada,Entretenimiento adulto activada,Entretenimiento familiar activada,Entretenimiento tercera edad activada,Backend activada,Algoritmo activada,Qiskit Simulator activada,SpinQ Simulator desactivada,TQL Simulator desactivada,QAOA desactivada,VQE activada
Visualizador calidad de aire activada,Turismo activada,Deportes activada,Entretenimiento activada,HQC activada,Visualizador restriccion uso lena activada,Ambientes abiertos desactivada,Ambientes cerrados activada,Optimizacion de rutas desactivada,Entretenimiento adulto activada,Entretenimiento familiar activada,Entretenimiento tercera edad activada,Backend activada,Algoritmo activada,Qiskit Simulator desactivada,SpinQ Simulator activada,TQL Simulator desactivada,QAOA activada,VQE desactivada
Visualizador calidad de aire activada,Turismo activada,Deportes activada,Entretenimiento activada,HQC activada,Visualizador restriccion uso lena activada,Ambientes abiertos desactivada,Ambientes cerrados activada,Optimizacion de rutas desactivada,Entretenimiento adulto activada,Entretenimiento familiar activada,Entretenimiento tercera edad activada,Backend activada,Algoritmo activada,Qiskit Simulator desactivada,SpinQ Simulator activada,TQL Simulator desactivada,QAOA desactivada,VQE activada
Visualizador calidad de aire activada,Turismo activada,Deportes activada,Entretenimiento activada,HQC activada,Visualizador restriccion uso lena activada,Ambientes abiertos desactivada,Ambientes cerrados activada,Optimizacion de rutas desactivada,Entretenimiento adulto activada,Entretenimiento familiar activada,Entretenimiento tercera edad activada,Backend activada,Algoritmo activada,Qiskit Simulator desactivada,SpinQ Simulator desactivada,TQL Simulator activada,QAOA activada,VQE desactivada
Visualizador calidad de aire activada,Turismo activada,Deportes activada,Entretenimiento activada,HQC activada,Visualizador restriccion uso lena activada,Ambientes abiertos desactivada,Ambientes cerrados activada,Optimizacion de rutas desactivada,Entretenimiento adulto activada,Entretenimiento familiar activada,Entretenimiento tercera edad activada,Backend activada,Algoritmo activada,Qiskit Simulator desactivada,SpinQ Simulator desactivada,TQL Simulator activada,QAOA desactivada,VQE activada
Visualizador calidad de aire activada,Turismo activada,Deportes activada,Entretenimiento activada,HQC activada,Visualizador restriccion uso lena activada,Ambientes abiertos desactivada,Ambientes cerrados activada,Optimizacion de rutas desactivada,Entretenimiento adulto activada,Entretenimiento familiar activada,Entretenimiento tercera edad desactivada,Backend activada,Algoritmo activada,Qiskit Simulator activada,SpinQ Simulator desactivada,TQL Simulator desactivada,QAOA activada,VQE desactivada
Visualizador calidad de aire activada,Turismo activada,Deportes activada,Entretenimiento activada,HQC activada,Visualizador restriccion uso lena activada,Ambientes abiertos desactivada,Ambientes cerrados activada,Optimizacion de rutas desactivada,Entretenimiento adulto activada,Entretenimiento familiar activada,Entretenimiento tercera edad desactivada,Backend activada,Algoritmo activada,Qiskit Simulator activada,SpinQ Simulator desactivada,TQL Simulator desactivada,QAOA desactivada,VQE activada
Visualizador calidad de aire activada,Turismo activada,Deportes activada,Entretenimiento activada,HQC activada,Visualizador restriccion uso lena activada,Ambientes abiertos desactivada,Ambientes cerrados activada,Optimizacion de rutas desactivada,Entretenimiento adulto activada,Entretenimiento familiar activada,Entretenimiento tercera edad desactivada,Backend activada,Algoritmo activada,Qiskit Simulator desactivada,SpinQ Simulator activada,TQL Simulator desactivada,QAOA activada,VQE desactivada
Visualizador calidad de aire activada,Turismo activada,Deportes activada,Entretenimiento activada,HQC activada,Visualizador restriccion uso lena activada,Ambientes abiertos desactivada,Ambientes cerrados activada,Optimizacion de rutas desactivada,Entretenimiento adulto activada,Entretenimiento familiar activada,Entretenimiento tercera edad desactivada,Backend activada,Algoritmo activada,Qiskit Simulator desactivada,SpinQ Simulator activada,TQL Simulator desactivada,QAOA desactivada,VQE activada
Visualizador calidad de aire activada,Turismo activada,Deportes activada,Entretenimiento activada,HQC activada,Visualizador restriccion uso lena activada,Ambientes abiertos desactivada,Ambientes cerrados activada,Optimizacion de rutas desactivada,Entretenimiento adulto activada,Entretenimiento familiar activada,Entretenimiento tercera edad desactivada,Backend activada,Algoritmo activada,Qiskit Simulator desactivada,SpinQ Simulator desactivada,TQL Simulator activada,QAOA activada,VQE desactivada
Visualizador calidad de aire activada,Turismo activada,Deportes activada,Entretenimiento activada,HQC activada,Visualizador restriccion uso lena activada,Ambientes abiertos desactivada,Ambientes cerrados activada,Optimizacion de rutas desactivada,Entretenimiento adulto activada,Entretenimiento familiar activada,Entretenimiento tercera edad desactivada,Backend activada,Algoritmo activada,Qiskit Simulator desactivada,SpinQ Simulator desactivada,TQL Simulator activada,QAOA desactivada,VQE activada
Visualizador calidad de aire activada,Turismo activada,Deportes activada,Entretenimiento activada,HQC activada,Visualizador restriccion uso lena activada,Ambientes abiertos desactivada,Ambientes cerrados activada,Optimizacion de rutas desactivada,Entretenimiento adulto desactivada,Entretenimiento familiar activada,Entretenimiento tercera edad activada,Backend activada,Algoritmo activada,Qiskit Simulator activada,SpinQ Simulator desactivada,TQL Simulator desactivada,QAOA activada,VQE desactivada
Visualizador calidad de aire activada,Turismo activada,Deportes activada,Entretenimiento activada,HQC activada,Visualizador restriccion uso lena activada,Ambientes abiertos desactivada,Ambientes cerrados activada,Optimizacion de rutas desactivada,Entretenimiento adulto desactivada,Entretenimiento familiar activada,Entretenimiento tercera edad activada,Backend activada,Algoritmo activada,Qiskit Simulator activada,SpinQ Simulator desactivada,TQL Simulator desactivada,QAOA desactivada,VQE activada
Visualizador calidad de aire activada,Turismo activada,Deportes activada,Entretenimiento activada,HQC activada,Visualizador restriccion uso lena activada,Ambientes abiertos desactivada,Ambientes cerrados activada,Optimizacion de rutas desactivada,Entretenimiento adulto desactivada,Entretenimiento familiar activada,Entretenimiento tercera edad activada,Backend activada,Algoritmo activada,Qiskit Simulator desactivada,SpinQ Simulator activada,TQL Simulator desactivada,QAOA activada,VQE desactivada
Visualizador calidad de aire activada,Turismo activada,Deportes activada,Entretenimiento activada,HQC activada,Visualizador restriccion uso lena activada,Ambientes abiertos desactivada,Ambientes cerrados activada,Optimizacion de rutas desactivada,Entretenimiento adulto desactivada,Entretenimiento familiar activada,Entretenimiento tercera edad activada,Backend activada,Algoritmo activada,Qiskit Simulator desactivada,SpinQ Simulator activada,TQL Simulator desactivada,QAOA desactivada,VQE activada
Visualizador calidad de aire activada,Turismo activada,Deportes activada,Entretenimiento activada,HQC activada,Visualizador restriccion uso lena activada,Ambientes abiertos desactivada,Ambientes cerrados activada,Optimizacion de rutas desactivada,Entretenimiento adulto desactivada,Entretenimiento familiar activada,Entretenimiento tercera edad activada,Backend activada,Algoritmo activada,Qiskit Simulator desactivada,SpinQ Simulator desactivada,TQL Simulator activada,QAOA activada,VQE desactivada
Visualizador calidad de aire activada,Turismo activada,Deportes activada,Entretenimiento activada,HQC activada,Visualizador restriccion uso lena activada,Ambientes abiertos desactivada,Ambientes cerrados activada,Optimizacion de rutas desactivada,Entretenimiento adulto desactivada,Entretenimiento familiar activada,Entretenimiento tercera edad activada,Backend activada,Algoritmo activada,Qiskit Simulator desactivada,SpinQ Simulator desactivada,TQL Simulator activada,QAOA desactivada,VQE activada
Visualizador calidad de aire activada,Turismo activada,Deportes activada,Entretenimiento activada,HQC activada,Visualizador restriccion uso lena activada,Ambientes abiertos desactivada,Ambientes cerrados activada,Optimizacion de rutas desactivada,Entretenimiento adulto desactivada,Entretenimiento familiar activada,Entretenimiento tercera edad desactivada,Backend activada,Algoritmo activada,Qiskit Simulator activada,SpinQ Simulator desactivada,TQL Simulator desactivada,QAOA activada,VQE desactivada
Visualizador calidad de aire activada,Turismo activada,Deportes activada,Entretenimiento activada,HQC activada,Visualizador restriccion uso lena activada,Ambientes abiertos desactivada,Ambientes cerrados activada,Optimizacion de rutas desactivada,Entretenimiento adulto desactivada,Entretenimiento familiar activada,Entretenimiento tercera edad desactivada,Backend activada,Algoritmo activada,Qiskit Simulator activada,SpinQ Simulator desactivada,TQL Simulator desactivada,QAOA desactivada,VQE activada
Visualizador calidad de aire activada,Turismo activada,Deportes activada,Entretenimiento activada,HQC activada,Visualizador restriccion uso lena activada,Ambientes abiertos desactivada,Ambientes cerrados activada,Optimizacion de rutas desactivada,Entretenimiento adulto desactivada,Entretenimiento familiar activada,Entretenimiento tercera edad desactivada,Backend activada,Algoritmo activada,Qiskit Simulator desactivada,SpinQ Simulator activada,TQL Simulator desactivada,QAOA activada,VQE desactivada
Visualizador calidad de aire activada,Turismo activada,Deportes activada,Entretenimiento activada,HQC activada,Visualizador restriccion uso lena activada,Ambientes abiertos desactivada,Ambientes cerrados activada,Optimizacion de rutas desactivada,Entretenimiento adulto desactivada,Entretenimiento familiar activada,Entretenimiento tercera edad desactivada,Backend activada,Algoritmo activada,Qiskit Simulator desactivada,SpinQ Simulator activada,TQL Simulator desactivada,QAOA desactivada,VQE activada
Visualizador calidad de aire activada,Turismo activada,Deportes activada,Entretenimiento activada,HQC activada,Visualizador restriccion uso lena activada,Ambientes abiertos desactivada,Ambientes cerrados activada,Optimizacion de rutas desactivada,Entretenimiento adulto desactivada,Entretenimiento familiar activada,Entretenimiento tercera edad desactivada,Backend activada,Algoritmo activada,Qiskit Simulator desactivada,SpinQ Simulator desactivada,TQL Simulator activada,QAOA activada,VQE desactivada
Visualizador calidad de aire activada,Turismo activada,Deportes activada,Entretenimiento activada,HQC activada,Visualizador restriccion uso lena activada,Ambientes abiertos desactivada,Ambientes cerrados activada,Optimizacion de rutas desactivada,Entretenimiento adulto desactivada,Entretenimiento familiar activada,Entretenimiento tercera edad desactivada,Backend activada,Algoritmo activada,Qiskit Simulator desactivada,SpinQ Simulator desactivada,TQL Simulator activada,QAOA desactivada,VQE activada
Visualizador calidad de aire activada,Turismo activada,Deportes activada,Entretenimiento activada,HQC activada,Visualizador restriccion uso lena activada,Ambientes abiertos desactivada,Ambientes cerrados activada,Optimizacion de rutas desactivada,Entretenimiento adulto activada,Entretenimiento familiar desactivada,Entretenimiento tercera edad activada,Backend activada,Algoritmo activada,Qiskit Simulator activada,SpinQ Simulator desactivada,TQL Simulator desactivada,QAOA activada,VQE desactivada
Visualizador calidad de aire activada,Turismo activada,Deportes activada,Entretenimiento activada,HQC activada,Visualizador restriccion uso lena activada,Ambientes abiertos desactivada,Ambientes cerrados activada,Optimizacion de rutas desactivada,Entretenimiento adulto activada,Entretenimiento familiar desactivada,Entretenimiento tercera edad activada,Backend activada,Algoritmo activada,Qiskit Simulator activada,SpinQ Simulator desactivada,TQL Simulator desactivada,QAOA desactivada,VQE activada
Visualizador calidad de aire activada,Turismo activada,Deportes activada,Entretenimiento activada,HQC activada,Visualizador restriccion uso lena activada,Ambientes abiertos desactivada,Ambientes cerrados activada,Optimizacion de rutas desactivada,Entretenimiento adulto activada,Entretenimiento familiar desactivada,Entretenimiento tercera edad activada,Backend activada,Algoritmo activada,Qiskit Simulator desactivada,SpinQ Simulator activada,TQL Simulator desactivada,QAOA activada,VQE desactivada
Visualizador calidad de aire activada,Turismo activada,Deportes activada,Entretenimiento activada,HQC activada,Visualizador restriccion uso lena activada,Ambientes abiertos desactivada,Ambientes cerrados activada,Optimizacion de rutas desactivada,Entretenimiento adulto activada,Entretenimiento familiar desactivada,Entretenimiento tercera edad activada,Backend activada,Algoritmo activada,Qiskit Simulator desactivada,SpinQ Simulator activada,TQL Simulator desactivada,QAOA desactivada,VQE activada
Visualizador calidad de aire activada,Turismo activada,Deportes activada,Entretenimiento activada,HQC activada,Visualizador restriccion uso lena activada,Ambientes abiertos desactivada,Ambientes cerrados activada,Optimizacion de rutas desactivada,Entretenimiento adulto activada,Entretenimiento familiar desactivada,Entretenimiento tercera edad activada,Backend activada,Algoritmo activada,Qiskit Simulator desactivada,SpinQ Simulator desactivada,TQL Simulator activada,QAOA activada,VQE desactivada
Visualizador calidad de aire activada,Turismo activada,Deportes activada,Entretenimiento activada,HQC activada,Visualizador restriccion uso lena activada,Ambientes abiertos desactivada,Ambientes cerrados activada,Optimizacion de rutas desactivada,Entretenimiento adulto activada,Entretenimiento familiar desactivada,Entretenimiento tercera edad activada,Backend activada,Algoritmo activada,Qiskit Simulator desactivada,SpinQ Simulator desactivada,TQL Simulator activada,QAOA desactivada,VQE activada
Visualizador calidad de aire activada,Turismo activada,Deportes activada,Entretenimiento activada,HQC activada,Visualizador restriccion uso lena activada,Ambientes abiertos desactivada,Ambientes cerrados activada,Optimizacion de rutas desactivada,Entretenimiento adulto activada,Entretenimiento familiar desactivada,Entretenimiento tercera edad desactivada,Backend activada,Algoritmo activada,Qiskit Simulator activada,SpinQ Simulator desactivada,TQL Simulator desactivada,QAOA activada,VQE desactivada
Visualizador calidad de aire activada,Turismo activada,Deportes activada,Entretenimiento activada,HQC activada,Visualizador restriccion uso lena activada,Ambientes abiertos desactivada,Ambientes cerrados activada,Optimizacion de rutas desactivada,Entretenimiento adulto activada,Entretenimiento familiar desactivada,Entretenimiento tercera edad desactivada,Backend activada,Algoritmo activada,Qiskit Simulator activada,SpinQ Simulator desactivada,TQL Simulator desactivada,QAOA desactivada,VQE activada
Visualizador calidad de aire activada,Turismo activada,Deportes activada,Entretenimiento activada,HQC activada,Visualizador restriccion uso lena activada,Ambientes abiertos desactivada,Ambientes cerrados activada,Optimizacion de rutas desactivada,Entretenimiento adulto activada,Entretenimiento familiar desactivada,Entretenimiento tercera edad desactivada,Backend activada,Algoritmo activada,Qiskit Simulator desactivada,SpinQ Simulator activada,TQL Simulator desactivada,QAOA activada,VQE desactivada
Visualizador calidad de aire activada,Turismo activada,Deportes activada,Entretenimiento activada,HQC activada,Visualizador restriccion uso lena activada,Ambientes abiertos desactivada,Ambientes cerrados activada,Optimizacion de rutas desactivada,Entretenimiento adulto activada,Entretenimiento familiar desactivada,Entretenimiento tercera edad desactivada,Backend activada,Algoritmo activada,Qiskit Simulator desactivada,SpinQ Simulator activada,TQL Simulator desactivada,QAOA desactivada,VQE activada
Visualizador calidad de aire activada,Turismo activada,Deportes activada,Entretenimiento activada,HQC activada,Visualizador restriccion uso lena activada,Ambientes abiertos desactivada,Ambientes cerrados activada,Optimizacion de rutas desactivada,Entretenimiento adulto activada,Entretenimiento familiar desactivada,Entretenimiento tercera edad desactivada,Backend activada,Algoritmo activada,Qiskit Simulator desactivada,SpinQ Simulator desactivada,TQL Simulator activada,QAOA activada,VQE desactivada
Visualizador calidad de aire activada,Turismo activada,Deportes activada,Entretenimiento activada,HQC activada,Visualizador restriccion uso lena activada,Ambientes abiertos desactivada,Ambientes cerrados activada,Optimizacion de rutas desactivada,Entretenimiento adulto activada,Entretenimiento familiar desactivada,Entretenimiento tercera edad desactivada,Backend activada,Algoritmo activada,Qiskit Simulator desactivada,SpinQ Simulator desactivada,TQL Simulator activada,QAOA desactivada,VQE activada
Visualizador calidad de aire activada,Turismo activada,Deportes activada,Entretenimiento activada,HQC activada,Visualizador restriccion uso lena activada,Ambientes abiertos desactivada,Ambientes cerrados activada,Optimizacion de rutas desactivada,Entretenimiento adulto desactivada,Entretenimiento familiar desactivada,Entretenimiento tercera edad activada,Backend activada,Algoritmo activada,Qiskit Simulator activada,SpinQ Simulator desactivada,TQL Simulator desactivada,QAOA activada,VQE desactivada
Visualizador calidad de aire activada,Turismo activada,Deportes activada,Entretenimiento activada,HQC activada,Visualizador restriccion uso lena activada,Ambientes abiertos desactivada,Ambientes cerrados activada,Optimizacion de rutas desactivada,Entretenimiento adulto desactivada,Entretenimiento familiar desactivada,Entretenimiento tercera edad activada,Backend activada,Algoritmo activada,Qiskit Simulator activada,SpinQ Simulator desactivada,TQL Simulator desactivada,QAOA desactivada,VQE activada
Visualizador calidad de aire activada,Turismo activada,Deportes activada,Entretenimiento activada,HQC activada,Visualizador restriccion uso lena activada,Ambientes abiertos desactivada,Ambientes cerrados activada,Optimizacion de rutas desactivada,Entretenimiento adulto desactivada,Entretenimiento familiar desactivada,Entretenimiento tercera edad activada,Backend activada,Algoritmo activada,Qiskit Simulator desactivada,SpinQ Simulator activada,TQL Simulator desactivada,QAOA activada,VQE desactivada
Visualizador calidad de aire activada,Turismo activada,Deportes activada,Entretenimiento activada,HQC activada,Visualizador restriccion uso lena activada,Ambientes abiertos desactivada,Ambientes cerrados activada,Optimizacion de rutas desactivada,Entretenimiento adulto desactivada,Entretenimiento familiar desactivada,Entretenimiento tercera edad activada,Backend activada,Algoritmo activada,Qiskit Simulator desactivada,SpinQ Simulator activada,TQL Simulator desactivada,QAOA desactivada,VQE activada
Visualizador calidad de aire activada,Turismo activada,Deportes activada,Entretenimiento activada,HQC activada,Visualizador restriccion uso lena activada,Ambientes abiertos desactivada,Ambientes cerrados activada,Optimizacion de rutas desactivada,Entretenimiento adulto desactivada,Entretenimiento familiar desactivada,Entretenimiento tercera edad activada,Backend activada,Algoritmo activada,Qiskit Simulator desactivada,SpinQ Simulator desactivada,TQL Simulator activada,QAOA activada,VQE desactivada
Visualizador calidad de aire activada,Turismo activada,Deportes activada,Entretenimiento activada,HQC activada,Visualizador restriccion uso lena activada,Ambientes abiertos desactivada,Ambientes cerrados activada,Optimizacion de rutas desactivada,Entretenimiento adulto desactivada,Entretenimiento familiar desactivada,Entretenimiento tercera edad activada,Backend activada,Algoritmo activada,Qiskit Simulator desactivada,SpinQ Simulator desactivada,TQL Simulator activada,QAOA desactivada,VQE activada
Visualizador calidad de aire activada,Turismo activada,Deportes activada,Entretenimiento activada,HQC activada,Visualizador restriccion uso lena activada,Ambientes abiertos activada,Ambientes cerrados desactivada,Optimizacion de rutas activada,Entretenimiento adulto activada,Entretenimiento familiar activada,Entretenimiento tercera edad activada,Backend activada,Algoritmo activada,Qiskit Simulator activada,SpinQ Simulator desactivada,TQL Simulator desactivada,QAOA activada,VQE desactivada
Visualizador calidad de aire activada,Turismo activada,Deportes activada,Entretenimiento activada,HQC activada,Visualizador restriccion uso lena activada,Ambientes abiertos activada,Ambientes cerrados desactivada,Optimizacion de rutas activada,Entretenimiento adulto activada,Entretenimiento familiar activada,Entretenimiento tercera edad activada,Backend activada,Algoritmo activada,Qiskit Simulator activada,SpinQ Simulator desactivada,TQL Simulator desactivada,QAOA desactivada,VQE activada
Visualizador calidad de aire activada,Turismo activada,Deportes activada,Entretenimiento activada,HQC activada,Visualizador restriccion uso lena activada,Ambientes abiertos activada,Ambientes cerrados desactivada,Optimizacion de rutas activada,Entretenimiento adulto activada,Entretenimiento familiar activada,Entretenimiento tercera edad activada,Backend activada,Algoritmo activada,Qiskit Simulator desactivada,SpinQ Simulator activada,TQL Simulator desactivada,QAOA activada,VQE desactivada
Visualizador calidad de aire activada,Turismo activada,Deportes activada,Entretenimiento activada,HQC activada,Visualizador restriccion uso lena activada,Ambientes abiertos activada,Ambientes cerrados desactivada,Optimizacion de rutas activada,Entretenimiento adulto activada,Entretenimiento familiar activada,Entretenimiento tercera edad activada,Backend activada,Algoritmo activada,Qiskit Simulator desactivada,SpinQ Simulator activada,TQL Simulator desactivada,QAOA desactivada,VQE activada
Visualizador calidad de aire activada,Turismo activada,Deportes activada,Entretenimiento activada,HQC activada,Visualizador restriccion uso lena activada,Ambientes abiertos activada,Ambientes cerrados desactivada,Optimizacion de rutas activada,Entretenimiento adulto activada,Entretenimiento familiar activada,Entretenimiento tercera edad activada,Backend activada,Algoritmo activada,Qiskit Simulator desactivada,SpinQ Simulator desactivada,TQL Simulator activada,QAOA activada,VQE desactivada
Visualizador calidad de aire activada,Turismo activada,Deportes activada,Entretenimiento activada,HQC activada,Visualizador restriccion uso lena activada,Ambientes abiertos activada,Ambientes cerrados desactivada,Optimizacion de rutas activada,Entretenimiento adulto activada,Entretenimiento familiar activada,Entretenimiento tercera edad activada,Backend activada,Algoritmo activada,Qiskit Simulator desactivada,SpinQ Simulator desactivada,TQL Simulator activada,QAOA desactivada,VQE activada
Visualizador calidad de aire activada,Turismo activada,Deportes activada,Entretenimiento activada,HQC activada,Visualizador restriccion uso lena activada,Ambientes abiertos activada,Ambientes cerrados desactivada,Optimizacion de rutas activada,Entretenimiento adulto activada,Entretenimiento familiar activada,Entretenimiento tercera edad desactivada,Backend activada,Algoritmo activada,Qiskit Simulator activada,SpinQ Simulator desactivada,TQL Simulator desactivada,QAOA activada,VQE desactivada
Visualizador calidad de aire activada,Turismo activada,Deportes activada,Entretenimiento activada,HQC activada,Visualizador restriccion uso lena activada,Ambientes abiertos activada,Ambientes cerrados desactivada,Optimizacion de rutas activada,Entretenimiento adulto activada,Entretenimiento familiar activada,Entretenimiento tercera edad desactivada,Backend activada,Algoritmo activada,Qiskit Simulator activada,SpinQ Simulator desactivada,TQL Simulator desactivada,QAOA desactivada,VQE activada
Visualizador calidad de aire activada,Turismo activada,Deportes activada,Entretenimiento activada,HQC activada,Visualizador restriccion uso lena activada,Ambientes abiertos activada,Ambientes cerrados desactivada,Optimizacion de rutas activada,Entretenimiento adulto activada,Entretenimiento familiar activada,Entretenimiento tercera edad desactivada,Backend activada,Algoritmo activada,Qiskit Simulator desactivada,SpinQ Simulator activada,TQL Simulator desactivada,QAOA activada,VQE desactivada
Visualizador calidad de aire activada,Turismo activada,Deportes activada,Entretenimiento activada,HQC activada,Visualizador restriccion uso lena activada,Ambientes abiertos activada,Ambientes cerrados desactivada,Optimizacion de rutas activada,Entretenimiento adulto activada,Entretenimiento familiar activada,Entretenimiento tercera edad desactivada,Backend activada,Algoritmo activada,Qiskit Simulator desactivada,SpinQ Simulator activada,TQL Simulator desactivada,QAOA desactivada,VQE activada
Visualizador calidad de aire activada,Turismo activada,Deportes activada,Entretenimiento activada,HQC activada,Visualizador restriccion uso lena activada,Ambientes abiertos activada,Ambientes cerrados desactivada,Optimizacion de rutas activada,Entretenimiento adulto activada,Entretenimiento familiar activada,Entretenimiento tercera edad desactivada,Backend activada,Algoritmo activada,Qiskit Simulator desactivada,SpinQ Simulator desactivada,TQL Simulator activada,QAOA activada,VQE desactivada
Visualizador calidad de aire activada,Turismo activada,Deportes activada,Entretenimiento activada,HQC activada,Visualizador restriccion uso lena activada,Ambientes abiertos activada,Ambientes cerrados desactivada,Optimizacion de rutas activada,Entretenimiento adulto activada,Entretenimiento familiar activada,Entretenimiento tercera edad desactivada,Backend activada,Algoritmo activada,Qiskit Simulator desactivada,SpinQ Simulator desactivada,TQL Simulator activada,QAOA desactivada,VQE activada
Visualizador calidad de aire activada,Turismo activada,Deportes activada,Entretenimiento activada,HQC activada,Visualizador restriccion uso lena activada,Ambientes abiertos activada,Ambientes cerrados desactivada,Optimizacion de rutas activada,Entretenimiento adulto desactivada,Entretenimiento familiar activada,Entretenimiento tercera edad activada,Backend activada,Algoritmo activada,Qiskit Simulator activada,SpinQ Simulator desactivada,TQL Simulator desactivada,QAOA activada,VQE desactivada
Visualizador calidad de aire activada,Turismo activada,Deportes activada,Entretenimiento activada,HQC activada,Visualizador restriccion uso lena activada,Ambientes abiertos activada,Ambientes cerrados desactivada,Optimizacion de rutas activada,Entretenimiento adulto desactivada,Entretenimiento familiar activada,Entretenimiento tercera edad activada,Backend activada,Algoritmo activada,Qiskit Simulator activada,SpinQ Simulator desactivada,TQL Simulator desactivada,QAOA desactivada,VQE activada
Visualizador calidad de aire activada,Turismo activada,Deportes activada,Entretenimiento activada,HQC activada,Visualizador restriccion uso lena activada,Ambientes abiertos activada,Ambientes cerrados desactivada,Optimizacion de rutas activada,Entretenimiento adulto desactivada,Entretenimiento familiar activada,Entretenimiento tercera edad activada,Backend activada,Algoritmo activada,Qiskit Simulator desactivada,SpinQ Simulator activada,TQL Simulator desactivada,QAOA activada,VQE desactivada
Visualizador calidad de aire activada,Turismo activada,Deportes activada,Entretenimiento activada,HQC activada,Visualizador restriccion uso lena activada,Ambientes abiertos activada,Ambientes cerrados desactivada,Optimizacion de rutas activada,Entretenimiento adulto desactivada,Entretenimiento familiar activada,Entretenimiento tercera edad activada,Backend activada,Algoritmo activada,Qiskit Simulator desactivada,SpinQ Simulator activada,TQL Simulator desactivada,QAOA desactivada,VQE activada
Visualizador calidad de aire activada,Turismo activada,Deportes activada,Entretenimiento activada,HQC activada,Visualizador restriccion uso lena activada,Ambientes abiertos activada,Ambientes cerrados desactivada,Optimizacion de rutas activada,Entretenimiento adulto desactivada,Entretenimiento familiar activada,Entretenimiento tercera edad activada,Backend activada,Algoritmo activada,Qiskit Simulator desactivada,SpinQ Simulator desactivada,TQL Simulator activada,QAOA activada,VQE desactivada
Visualizador calidad de aire activada,Turismo activada,Deportes activada,Entretenimiento activada,HQC activada,Visualizador restriccion uso lena activada,Ambientes abiertos activada,Ambientes cerrados desactivada,Optimizacion de rutas activada,Entretenimiento adulto desactivada,Entretenimiento familiar activada,Entretenimiento tercera edad activada,Backend activada,Algoritmo activada,Qiskit Simulator desactivada,SpinQ Simulator desactivada,TQL Simulator activada,QAOA desactivada,VQE activada
Visualizador calidad de aire activada,Turismo activada,Deportes activada,Entretenimiento activada,HQC activada,Visualizador restriccion uso lena activada,Ambientes abiertos activada,Ambientes cerrados desactivada,Optimizacion de rutas activada,Entretenimiento adulto desactivada,Entretenimiento familiar activada,Entretenimiento tercera edad desactivada,Backend activada,Algoritmo activada,Qiskit Simulator activada,SpinQ Simulator desactivada,TQL Simulator desactivada,QAOA activada,VQE desactivada
Visualizador calidad de aire activada,Turismo activada,Deportes activada,Entretenimiento activada,HQC activada,Visualizador restriccion uso lena activada,Ambientes abiertos activada,Ambientes cerrados desactivada,Optimizacion de rutas activada,Entretenimiento adulto desactivada,Entretenimiento familiar activada,Entretenimiento tercera edad desactivada,Backend activada,Algoritmo activada,Qiskit Simulator activada,SpinQ Simulator desactivada,TQL Simulator desactivada,QAOA desactivada,VQE activada
Visualizador calidad de aire activada,Turismo activada,Deportes activada,Entretenimiento activada,HQC activada,Visualizador restriccion uso lena activada,Ambientes abiertos activada,Ambientes cerrados desactivada,Optimizacion de rutas activada,Entretenimiento adulto desactivada,Entretenimiento familiar activada,Entretenimiento tercera edad desactivada,Backend activada,Algoritmo activada,Qiskit Simulator desactivada,SpinQ Simulator activada,TQL Simulator desactivada,QAOA activada,VQE desactivada
Visualizador calidad de aire activada,Turismo activada,Deportes activada,Entretenimiento activada,HQC activada,Visualizador restriccion uso lena activada,Ambientes abiertos activada,Ambientes cerrados desactivada,Optimizacion de rutas activada,Entretenimiento adulto desactivada,Entretenimiento familiar activada,Entretenimiento tercera edad desactivada,Backend activada,Algoritmo activada,Qiskit Simulator desactivada,SpinQ Simulator activada,TQL Simulator desactivada,QAOA desactivada,VQE activada
Visualizador calidad de aire activada,Turismo activada,Deportes activada,Entretenimiento activada,HQC activada,Visualizador restriccion uso lena activada,Ambientes abiertos activada,Ambientes cerrados desactivada,Optimizacion de rutas activada,Entretenimiento adulto desactivada,Entretenimiento familiar activada,Entretenimiento tercera edad desactivada,Backend activada,Algoritmo activada,Qiskit Simulator desactivada,SpinQ Simulator desactivada,TQL Simulator activada,QAOA activada,VQE desactivada
Visualizador calidad de aire activada,Turismo activada,Deportes activada,Entretenimiento activada,HQC activada,Visualizador restriccion uso lena activada,Ambientes abiertos activada,Ambientes cerrados desactivada,Optimizacion de rutas activada,Entretenimiento adulto desactivada,Entretenimiento familiar activada,Entretenimiento tercera edad desactivada,Backend activada,Algoritmo activada,Qiskit Simulator desactivada,SpinQ Simulator desactivada,TQL Simulator activada,QAOA desactivada,VQE activada
Visualizador calidad de aire activada,Turismo activada,Deportes activada,Entretenimiento activada,HQC activada,Visualizador restriccion uso lena activada,Ambientes abiertos activada,Ambientes cerrados desactivada,Optimizacion de rutas activada,Entretenimiento adulto activada,Entretenimiento familiar desactivada,Entretenimiento tercera edad activada,Backend activada,Algoritmo activada,Qiskit Simulator activada,SpinQ Simulator desactivada,TQL Simulator desactivada,QAOA activada,VQE desactivada
Visualizador calidad de aire activada,Turismo activada,Deportes activada,Entretenimiento activada,HQC activada,Visualizador restriccion uso lena activada,Ambientes abiertos activada,Ambientes cerrados desactivada,Optimizacion de rutas activada,Entretenimiento adulto activada,Entretenimiento familiar desactivada,Entretenimiento tercera edad activada,Backend activada,Algoritmo activada,Qiskit Simulator activada,SpinQ Simulator desactivada,TQL Simulator desactivada,QAOA desactivada,VQE activada
Visualizador calidad de aire activada,Turismo activada,Deportes activada,Entretenimiento activada,HQC activada,Visualizador restriccion uso lena activada,Ambientes abiertos activada,Ambientes cerrados desactivada,Optimizacion de rutas activada,Entretenimiento adulto activada,Entretenimiento familiar desactivada,Entretenimiento tercera edad activada,Backend activada,Algoritmo activada,Qiskit Simulator desactivada,SpinQ Simulator activada,TQL Simulator desactivada,QAOA activada,VQE desactivada
Visualizador calidad de aire activada,Turismo activada,Deportes activada,Entretenimiento activada,HQC activada,Visualizador restriccion uso lena activada,Ambientes abiertos activada,Ambientes cerrados desactivada,Optimizacion de rutas activada,Entretenimiento adulto activada,Entretenimiento familiar desactivada,Entretenimiento tercera edad activada,Backend activada,Algoritmo activada,Qiskit Simulator desactivada,SpinQ Simulator activada,TQL Simulator desactivada,QAOA desactivada,VQE activada
Visualizador calidad de aire activada,Turismo activada,Deportes activada,Entretenimiento activada,HQC activada,Visualizador restriccion uso lena activada,Ambientes abiertos activada,Ambientes cerrados desactivada,Optimizacion de rutas activada,Entretenimiento adulto activada,Entretenimiento familiar desactivada,Entretenimiento tercera edad activada,Backend activada,Algoritmo activada,Qiskit Simulator desactivada,SpinQ Simulator desactivada,TQL Simulator activada,QAOA activada,VQE desactivada
Visualizador calidad de aire activada,Turismo activada,Deportes activada,Entretenimiento activada,HQC activada,Visualizador restriccion uso lena activada,Ambientes abiertos activada,Ambientes cerrados desactivada,Optimizacion de rutas activada,Entretenimiento adulto activada,Entretenimiento familiar desactivada,Entretenimiento tercera edad activada,Backend activada,Algoritmo activada,Qiskit Simulator desactivada,SpinQ Simulator desactivada,TQL Simulator activada,QAOA desactivada,VQE activada
Visualizador calidad de aire activada,Turismo activada,Deportes activada,Entretenimiento activada,HQC activada,Visualizador restriccion uso lena activada,Ambientes abiertos activada,Ambientes cerrados desactivada,Optimizacion de rutas activada,Entretenimiento adulto activada,Entretenimiento familiar desactivada,Entretenimiento tercera edad desactivada,Backend activada,Algoritmo activada,Qiskit Simulator activada,SpinQ Simulator desactivada,TQL Simulator desactivada,QAOA activada,VQE desactivada
Visualizador calidad de aire activada,Turismo activada,Deportes activada,Entretenimiento activada,HQC activada,Visualizador restriccion uso lena activada,Ambientes abiertos activada,Ambientes cerrados desactivada,Optimizacion de rutas activada,Entretenimiento adulto activada,Entretenimiento familiar desactivada,Entretenimiento tercera edad desactivada,Backend activada,Algoritmo activada,Qiskit Simulator activada,SpinQ Simulator desactivada,TQL Simulator desactivada,QAOA desactivada,VQE activada
Visualizador calidad de aire activada,Turismo activada,Deportes activada,Entretenimiento activada,HQC activada,Visualizador restriccion uso lena activada,Ambientes abiertos activada,Ambientes cerrados desactivada,Optimizacion de rutas activada,Entretenimiento adulto activada,Entretenimiento familiar desactivada,Entretenimiento tercera edad desactivada,Backend activada,Algoritmo activada,Qiskit Simulator desactivada,SpinQ Simulator activada,TQL Simulator desactivada,QAOA activada,VQE desactivada
Visualizador calidad de aire activada,Turismo activada,Deportes activada,Entretenimiento activada,HQC activada,Visualizador restriccion uso lena activada,Ambientes abiertos activada,Ambientes cerrados desactivada,Optimizacion de rutas activada,Entretenimiento adulto activada,Entretenimiento familiar desactivada,Entretenimiento tercera edad desactivada,Backend activada,Algoritmo activada,Qiskit Simulator desactivada,SpinQ Simulator activada,TQL Simulator desactivada,QAOA desactivada,VQE activada
Visualizador calidad de aire activada,Turismo activada,Deportes activada,Entretenimiento activada,HQC activada,Visualizador restriccion uso lena activada,Ambientes abiertos activada,Ambientes cerrados desactivada,Optimizacion de rutas activada,Entretenimiento adulto activada,Entretenimiento familiar desactivada,Entretenimiento tercera edad desactivada,Backend activada,Algoritmo activada,Qiskit Simulator desactivada,SpinQ Simulator desactivada,TQL Simulator activada,QAOA activada,VQE desactivada
Visualizador calidad de aire activada,Turismo activada,Deportes activada,Entretenimiento activada,HQC activada,Visualizador restriccion uso lena activada,Ambientes abiertos activada,Ambientes cerrados desactivada,Optimizacion de rutas activada,Entretenimiento adulto activada,Entretenimiento familiar desactivada,Entretenimiento tercera edad desactivada,Backend activada,Algoritmo activada,Qiskit Simulator desactivada,SpinQ Simulator desactivada,TQL Simulator activada,QAOA desactivada,VQE activada
Visualizador calidad de aire activada,Turismo activada,Deportes activada,Entretenimiento activada,HQC activada,Visualizador restriccion uso lena activada,Ambientes abiertos activada,Ambientes cerrados desactivada,Optimizacion de rutas activada,Entretenimiento adulto desactivada,Entretenimiento familiar desactivada,Entretenimiento tercera edad activada,Backend activada,Algoritmo activada,Qiskit Simulator activada,SpinQ Simulator desactivada,TQL Simulator desactivada,QAOA activada,VQE desactivada
Visualizador calidad de aire activada,Turismo activada,Deportes activada,Entretenimiento activada,HQC activada,Visualizador restriccion uso lena activada,Ambientes abiertos activada,Ambientes cerrados desactivada,Optimizacion de rutas activada,Entretenimiento adulto desactivada,Entretenimiento familiar desactivada,Entretenimiento tercera edad activada,Backend activada,Algoritmo activada,Qiskit Simulator activada,SpinQ Simulator desactivada,TQL Simulator desactivada,QAOA desactivada,VQE activada
Visualizador calidad de aire activada,Turismo activada,Deportes activada,Entretenimiento activada,HQC activada,Visualizador restriccion uso lena activada,Ambientes abiertos activada,Ambientes cerrados desactivada,Optimizacion de rutas activada,Entretenimiento adulto desactivada,Entretenimiento familiar desactivada,Entretenimiento tercera edad activada,Backend activada,Algoritmo activada,Qiskit Simulator desactivada,SpinQ Simulator activada,TQL Simulator desactivada,QAOA activada,VQE desactivada
Visualizador calidad de aire activada,Turismo activada,Deportes activada,Entretenimiento activada,HQC activada,Visualizador restriccion uso lena activada,Ambientes abiertos activada,Ambientes cerrados desactivada,Optimizacion de rutas activada,Entretenimiento adulto desactivada,Entretenimiento familiar desactivada,Entretenimiento tercera edad activada,Backend activada,Algoritmo activada,Qiskit Simulator desactivada,SpinQ Simulator activada,TQL Simulator desactivada,QAOA desactivada,VQE activada
Visualizador calidad de aire activada,Turismo activada,Deportes activada,Entretenimiento activada,HQC activada,Visualizador restriccion uso lena activada,Ambientes abiertos activada,Ambientes cerrados desactivada,Optimizacion de rutas activada,Entretenimiento adulto desactivada,Entretenimiento familiar desactivada,Entretenimiento tercera edad activada,Backend activada,Algoritmo activada,Qiskit Simulator desactivada,SpinQ Simulator desactivada,TQL Simulator activada,QAOA activada,VQE desactivada
Visualizador calidad de aire activada,Turismo activada,Deportes activada,Entretenimiento activada,HQC activada,Visualizador restriccion uso lena activada,Ambientes abiertos activada,Ambientes cerrados desactivada,Optimizacion de rutas activada,Entretenimiento adulto desactivada,Entretenimiento familiar desactivada,Entretenimiento tercera edad activada,Backend activada,Algoritmo activada,Qiskit Simulator desactivada,SpinQ Simulator desactivada,TQL Simulator activada,QAOA desactivada,VQE activada
Visualizador calidad de aire activada,Turismo activada,Deportes activada,Entretenimiento activada,HQC activada,Visualizador restriccion uso lena activada,Ambientes abiertos activada,Ambientes cerrados desactivada,Optimizacion de rutas desactivada,Entretenimiento adulto activada,Entretenimiento familiar activada,Entretenimiento tercera edad activada,Backend activada,Algoritmo activada,Qiskit Simulator activada,SpinQ Simulator desactivada,TQL Simulator desactivada,QAOA activada,VQE desactivada
Visualizador calidad de aire activada,Turismo activada,Deportes activada,Entretenimiento activada,HQC activada,Visualizador restriccion uso lena activada,Ambientes abiertos activada,Ambientes cerrados desactivada,Optimizacion de rutas desactivada,Entretenimiento adulto activada,Entretenimiento familiar activada,Entretenimiento tercera edad activada,Backend activada,Algoritmo activada,Qiskit Simulator activada,SpinQ Simulator desactivada,TQL Simulator desactivada,QAOA desactivada,VQE activada
Visualizador calidad de aire activada,Turismo activada,Deportes activada,Entretenimiento activada,HQC activada,Visualizador restriccion uso lena activada,Ambientes abiertos activada,Ambientes cerrados desactivada,Optimizacion de rutas desactivada,Entretenimiento adulto activada,Entretenimiento familiar activada,Entretenimiento tercera edad activada,Backend activada,Algoritmo activada,Qiskit Simulator desactivada,SpinQ Simulator activada,TQL Simulator desactivada,QAOA activada,VQE desactivada
Visualizador calidad de aire activada,Turismo activada,Deportes activada,Entretenimiento activada,HQC activada,Visualizador restriccion uso lena activada,Ambientes abiertos activada,Ambientes cerrados desactivada,Optimizacion de rutas desactivada,Entretenimiento adulto activada,Entretenimiento familiar activada,Entretenimiento tercera edad activada,Backend activada,Algoritmo activada,Qiskit Simulator desactivada,SpinQ Simulator activada,TQL Simulator desactivada,QAOA desactivada,VQE activada
Visualizador calidad de aire activada,Turismo activada,Deportes activada,Entretenimiento activada,HQC activada,Visualizador restriccion uso lena activada,Ambientes abiertos activada,Ambientes cerrados desactivada,Optimizacion de rutas desactivada,Entretenimiento adulto activada,Entretenimiento familiar activada,Entretenimiento tercera edad activada,Backend activada,Algoritmo activada,Qiskit Simulator desactivada,SpinQ Simulator desactivada,TQL Simulator activada,QAOA activada,VQE desactivada
Visualizador calidad de aire activada,Turismo activada,Deportes activada,Entretenimiento activada,HQC activada,Visualizador restriccion uso lena activada,Ambientes abiertos activada,Ambientes cerrados desactivada,Optimizacion de rutas desactivada,Entretenimiento adulto activada,Entretenimiento familiar activada,Entretenimiento tercera edad activada,Backend activada,Algoritmo activada,Qiskit Simulator desactivada,SpinQ Simulator desactivada,TQL Simulator activada,QAOA desactivada,VQE activada
Visualizador calidad de aire activada,Turismo activada,Deportes activada,Entretenimiento activada,HQC activada,Visualizador restriccion uso lena activada,Ambientes abiertos activada,Ambientes cerrados desactivada,Optimizacion de rutas desactivada,Entretenimiento adulto activada,Entretenimiento familiar activada,Entretenimiento tercera edad desactivada,Backend activada,Algoritmo activada,Qiskit Simulator activada,SpinQ Simulator desactivada,TQL Simulator desactivada,QAOA activada,VQE desactivada
Visualizador calidad de aire activada,Turismo activada,Deportes activada,Entretenimiento activada,HQC activada,Visualizador restriccion uso lena activada,Ambientes abiertos activada,Ambientes cerrados desactivada,Optimizacion de rutas desactivada,Entretenimiento adulto activada,Entretenimiento familiar activada,Entretenimiento tercera edad desactivada,Backend activada,Algoritmo activada,Qiskit Simulator activada,SpinQ Simulator desactivada,TQL Simulator desactivada,QAOA desactivada,VQE activada
Visualizador calidad de aire activada,Turismo activada,Deportes activada,Entretenimiento activada,HQC activada,Visualizador restriccion uso lena activada,Ambientes abiertos activada,Ambientes cerrados desactivada,Optimizacion de rutas desactivada,Entretenimiento adulto activada,Entretenimiento familiar activada,Entretenimiento tercera edad desactivada,Backend activada,Algoritmo activada,Qiskit Simulator desactivada,SpinQ Simulator activada,TQL Simulator desactivada,QAOA activada,VQE desactivada
Visualizador calidad de aire activada,Turismo activada,Deportes activada,Entretenimiento activada,HQC activada,Visualizador restriccion uso lena activada,Ambientes abiertos activada,Ambientes cerrados desactivada,Optimizacion de rutas desactivada,Entretenimiento adulto activada,Entretenimiento familiar activada,Entretenimiento tercera edad desactivada,Backend activada,Algoritmo activada,Qiskit Simulator desactivada,SpinQ Simulator activada,TQL Simulator desactivada,QAOA desactivada,VQE activada
Visualizador calidad de aire activada,Turismo activada,Deportes activada,Entretenimiento activada,HQC activada,Visualizador restriccion uso lena activada,Ambientes abiertos activada,Ambientes cerrados desactivada,Optimizacion de rutas desactivada,Entretenimiento adulto activada,Entretenimiento familiar activada,Entretenimiento tercera edad desactivada,Backend activada,Algoritmo activada,Qiskit Simulator desactivada,SpinQ Simulator desactivada,TQL Simulator activada,QAOA activada,VQE desactivada
Visualizador calidad de aire activada,Turismo activada,Deportes activada,Entretenimiento activada,HQC activada,Visualizador restriccion uso lena activada,Ambientes abiertos activada,Ambientes cerrados desactivada,Optimizacion de rutas desactivada,Entretenimiento adulto activada,Entretenimiento familiar activada,Entretenimiento tercera edad desactivada,Backend activada,Algoritmo activada,Qiskit Simulator desactivada,SpinQ Simulator desactivada,TQL Simulator activada,QAOA desactivada,VQE activada
Visualizador calidad de aire activada,Turismo activada,Deportes activada,Entretenimiento activada,HQC activada,Visualizador restriccion uso lena activada,Ambientes abiertos activada,Ambientes cerrados desactivada,Optimizacion de rutas desactivada,Entretenimiento adulto desactivada,Entretenimiento familiar activada,Entretenimiento tercera edad activada,Backend activada,Algoritmo activada,Qiskit Simulator activada,SpinQ Simulator desactivada,TQL Simulator desactivada,QAOA activada,VQE desactivada
Visualizador calidad de aire activada,Turismo activada,Deportes activada,Entretenimiento activada,HQC activada,Visualizador restriccion uso lena activada,Ambientes abiertos activada,Ambientes cerrados desactivada,Optimizacion de rutas desactivada,Entretenimiento adulto desactivada,Entretenimiento familiar activada,Entretenimiento tercera edad activada,Backend activada,Algoritmo activada,Qiskit Simulator activada,SpinQ Simulator desactivada,TQL Simulator desactivada,QAOA desactivada,VQE activada
Visualizador calidad de aire activada,Turismo activada,Deportes activada,Entretenimiento activada,HQC activada,Visualizador restriccion uso lena activada,Ambientes abiertos activada,Ambientes cerrados desactivada,Optimizacion de rutas desactivada,Entretenimiento adulto desactivada,Entretenimiento familiar activada,Entretenimiento tercera edad activada,Backend activada,Algoritmo activada,Qiskit Simulator desactivada,SpinQ Simulator activada,TQL Simulator desactivada,QAOA activada,VQE desactivada
Visualizador calidad de aire activada,Turismo activada,Deportes activada,Entretenimiento activada,HQC activada,Visualizador restriccion uso lena activada,Ambientes abiertos activada,Ambientes cerrados desactivada,Optimizacion de rutas desactivada,Entretenimiento adulto desactivada,Entretenimiento familiar activada,Entretenimiento tercera edad activada,Backend activada,Algoritmo activada,Qiskit Simulator desactivada,SpinQ Simulator activada,TQL Simulator desactivada,QAOA desactivada,VQE activada
Visualizador calidad de aire activada,Turismo activada,Deportes activada,Entretenimiento activada,HQC activada,Visualizador restriccion uso lena activada,Ambientes abiertos activada,Ambientes cerrados desactivada,Optimizacion de rutas desactivada,Entretenimiento adulto desactivada,Entretenimiento familiar activada,Entretenimiento tercera edad activada,Backend activada,Algoritmo activada,Qiskit Simulator desactivada,SpinQ Simulator desactivada,TQL Simulator activada,QAOA activada,VQE desactivada
Visualizador calidad de aire activada,Turismo activada,Deportes activada,Entretenimiento activada,HQC activada,Visualizador restriccion uso lena activada,Ambientes abiertos activada,Ambientes cerrados desactivada,Optimizacion de rutas desactivada,Entretenimiento adulto desactivada,Entretenimiento familiar activada,Entretenimiento tercera edad activada,Backend activada,Algoritmo activada,Qiskit Simulator desactivada,SpinQ Simulator desactivada,TQL Simulator activada,QAOA desactivada,VQE activada
Visualizador calidad de aire activada,Turismo activada,Deportes activada,Entretenimiento activada,HQC activada,Visualizador restriccion uso lena activada,Ambientes abiertos activada,Ambientes cerrados desactivada,Optimizacion de rutas desactivada,Entretenimiento adulto desactivada,Entretenimiento familiar activada,Entretenimiento tercera edad desactivada,Backend activada,Algoritmo activada,Qiskit Simulator activada,SpinQ Simulator desactivada,TQL Simulator desactivada,QAOA activada,VQE desactivada
Visualizador calidad de aire activada,Turismo activada,Deportes activada,Entretenimiento activada,HQC activada,Visualizador restriccion uso lena activada,Ambientes abiertos activada,Ambientes cerrados desactivada,Optimizacion de rutas desactivada,Entretenimiento adulto desactivada,Entretenimiento familiar activada,Entretenimiento tercera edad desactivada,Backend activada,Algoritmo activada,Qiskit Simulator activada,SpinQ Simulator desactivada,TQL Simulator desactivada,QAOA desactivada,VQE activada
Visualizador calidad de aire activada,Turismo activada,Deportes activada,Entretenimiento activada,HQC activada,Visualizador restriccion uso lena activada,Ambientes abiertos activada,Ambientes cerrados desactivada,Optimizacion de rutas desactivada,Entretenimiento adulto desactivada,Entretenimiento familiar activada,Entretenimiento tercera edad desactivada,Backend activada,Algoritmo activada,Qiskit Simulator desactivada,SpinQ Simulator activada,TQL Simulator desactivada,QAOA activada,VQE desactivada
Visualizador calidad de aire activada,Turismo activada,Deportes activada,Entretenimiento activada,HQC activada,Visualizador restriccion uso lena activada,Ambientes abiertos activada,Ambientes cerrados desactivada,Optimizacion de rutas desactivada,Entretenimiento adulto desactivada,Entretenimiento familiar activada,Entretenimiento tercera edad desactivada,Backend activada,Algoritmo activada,Qiskit Simulator desactivada,SpinQ Simulator activada,TQL Simulator desactivada,QAOA desactivada,VQE activada
Visualizador calidad de aire activada,Turismo activada,Deportes activada,Entretenimiento activada,HQC activada,Visualizador restriccion uso lena activada,Ambientes abiertos activada,Ambientes cerrados desactivada,Optimizacion de rutas desactivada,Entretenimiento adulto desactivada,Entretenimiento familiar activada,Entretenimiento tercera edad desactivada,Backend activada,Algoritmo activada,Qiskit Simulator desactivada,SpinQ Simulator desactivada,TQL Simulator activada,QAOA activada,VQE desactivada
Visualizador calidad de aire activada,Turismo activada,Deportes activada,Entretenimiento activada,HQC activada,Visualizador restriccion uso lena activada,Ambientes abiertos activada,Ambientes cerrados desactivada,Optimizacion de rutas desactivada,Entretenimiento adulto desactivada,Entretenimiento familiar activada,Entretenimiento tercera edad desactivada,Backend activada,Algoritmo activada,Qiskit Simulator desactivada,SpinQ Simulator desactivada,TQL Simulator activada,QAOA desactivada,VQE activada
Visualizador calidad de aire activada,Turismo activada,Deportes activada,Entretenimiento activada,HQC activada,Visualizador restriccion uso lena activada,Ambientes abiertos activada,Ambientes cerrados desactivada,Optimizacion de rutas desactivada,Entretenimiento adulto activada,Entretenimiento familiar desactivada,Entretenimiento tercera edad activada,Backend activada,Algoritmo activada,Qiskit Simulator activada,SpinQ Simulator desactivada,TQL Simulator desactivada,QAOA activada,VQE desactivada
Visualizador calidad de aire activada,Turismo activada,Deportes activada,Entretenimiento activada,HQC activada,Visualizador restriccion uso lena activada,Ambientes abiertos activada,Ambientes cerrados desactivada,Optimizacion de rutas desactivada,Entretenimiento adulto activada,Entretenimiento familiar desactivada,Entretenimiento tercera edad activada,Backend activada,Algoritmo activada,Qiskit Simulator activada,SpinQ Simulator desactivada,TQL Simulator desactivada,QAOA desactivada,VQE activada
Visualizador calidad de aire activada,Turismo activada,Deportes activada,Entretenimiento activada,HQC activada,Visualizador restriccion uso lena activada,Ambientes abiertos activada,Ambientes cerrados desactivada,Optimizacion de rutas desactivada,Entretenimiento adulto activada,Entretenimiento familiar desactivada,Entretenimiento tercera edad activada,Backend activada,Algoritmo activada,Qiskit Simulator desactivada,SpinQ Simulator activada,TQL Simulator desactivada,QAOA activada,VQE desactivada
Visualizador calidad de aire activada,Turismo activada,Deportes activada,Entretenimiento activada,HQC activada,Visualizador restriccion uso lena activada,Ambientes abiertos activada,Ambientes cerrados desactivada,Optimizacion de rutas desactivada,Entretenimiento adulto activada,Entretenimiento familiar desactivada,Entretenimiento tercera edad activada,Backend activada,Algoritmo activada,Qiskit Simulator desactivada,SpinQ Simulator activada,TQL Simulator desactivada,QAOA desactivada,VQE activada
Visualizador calidad de aire activada,Turismo activada,Deportes activada,Entretenimiento activada,HQC activada,Visualizador restriccion uso lena activada,Ambientes abiertos activada,Ambientes cerrados desactivada,Optimizacion de rutas desactivada,Entretenimiento adulto activada,Entretenimiento familiar desactivada,Entretenimiento tercera edad activada,Backend activada,Algoritmo activada,Qiskit Simulator desactivada,SpinQ Simulator desactivada,TQL Simulator activada,QAOA activada,VQE desactivada
Visualizador calidad de aire activada,Turismo activada,Deportes activada,Entretenimiento activada,HQC activada,Visualizador restriccion uso lena activada,Ambientes abiertos activada,Ambientes cerrados desactivada,Optimizacion de rutas desactivada,Entretenimiento adulto activada,Entretenimiento familiar desactivada,Entretenimiento tercera edad activada,Backend activada,Algoritmo activada,Qiskit Simulator desactivada,SpinQ Simulator desactivada,TQL Simulator activada,QAOA desactivada,VQE activada
Visualizador calidad de aire activada,Turismo activada,Deportes activada,Entretenimiento activada,HQC activada,Visualizador restriccion uso lena activada,Ambientes abiertos activada,Ambientes cerrados desactivada,Optimizacion de rutas desactivada,Entretenimiento adulto activada,Entretenimiento familiar desactivada,Entretenimiento tercera edad desactivada,Backend activada,Algoritmo activada,Qiskit Simulator activada,SpinQ Simulator desactivada,TQL Simulator desactivada,QAOA activada,VQE desactivada
Visualizador calidad de aire activada,Turismo activada,Deportes activada,Entretenimiento activada,HQC activada,Visualizador restriccion uso lena activada,Ambientes abiertos activada,Ambientes cerrados desactivada,Optimizacion de rutas desactivada,Entretenimiento adulto activada,Entretenimiento familiar desactivada,Entretenimiento tercera edad desactivada,Backend activada,Algoritmo activada,Qiskit Simulator activada,SpinQ Simulator desactivada,TQL Simulator desactivada,QAOA desactivada,VQE activada
Visualizador calidad de aire activada,Turismo activada,Deportes activada,Entretenimiento activada,HQC activada,Visualizador restriccion uso lena activada,Ambientes abiertos activada,Ambientes cerrados desactivada,Optimizacion de rutas desactivada,Entretenimiento adulto activada,Entretenimiento familiar desactivada,Entretenimiento tercera edad desactivada,Backend activada,Algoritmo activada,Qiskit Simulator desactivada,SpinQ Simulator activada,TQL Simulator desactivada,QAOA activada,VQE desactivada
Visualizador calidad de aire activada,Turismo activada,Deportes activada,Entretenimiento activada,HQC activada,Visualizador restriccion uso lena activada,Ambientes abiertos activada,Ambientes cerrados desactivada,Optimizacion de rutas desactivada,Entretenimiento adulto activada,Entretenimiento familiar desactivada,Entretenimiento tercera edad desactivada,Backend activada,Algoritmo activada,Qiskit Simulator desactivada,SpinQ Simulator activada,TQL Simulator desactivada,QAOA desactivada,VQE activada
Visualizador calidad de aire activada,Turismo activada,Deportes activada,Entretenimiento activada,HQC activada,Visualizador restriccion uso lena activada,Ambientes abiertos activada,Ambientes cerrados desactivada,Optimizacion de rutas desactivada,Entretenimiento adulto activada,Entretenimiento familiar desactivada,Entretenimiento tercera edad desactivada,Backend activada,Algoritmo activada,Qiskit Simulator desactivada,SpinQ Simulator desactivada,TQL Simulator activada,QAOA activada,VQE desactivada
Visualizador calidad de aire activada,Turismo activada,Deportes activada,Entretenimiento activada,HQC activada,Visualizador restriccion uso lena activada,Ambientes abiertos activada,Ambientes cerrados desactivada,Optimizacion de rutas desactivada,Entretenimiento adulto activada,Entretenimiento familiar desactivada,Entretenimiento tercera edad desactivada,Backend activada,Algoritmo activada,Qiskit Simulator desactivada,SpinQ Simulator desactivada,TQL Simulator activada,QAOA desactivada,VQE activada
Visualizador calidad de aire activada,Turismo activada,Deportes activada,Entretenimiento activada,HQC activada,Visualizador restriccion uso lena activada,Ambientes abiertos activada,Ambientes cerrados desactivada,Optimizacion de rutas desactivada,Entretenimiento adulto desactivada,Entretenimiento familiar desactivada,Entretenimiento tercera edad activada,Backend activada,Algoritmo activada,Qiskit Simulator activada,SpinQ Simulator desactivada,TQL Simulator desactivada,QAOA activada,VQE desactivada
Visualizador calidad de aire activada,Turismo activada,Deportes activada,Entretenimiento activada,HQC activada,Visualizador restriccion uso lena activada,Ambientes abiertos activada,Ambientes cerrados desactivada,Optimizacion de rutas desactivada,Entretenimiento adulto desactivada,Entretenimiento familiar desactivada,Entretenimiento tercera edad activada,Backend activada,Algoritmo activada,Qiskit Simulator activada,SpinQ Simulator desactivada,TQL Simulator desactivada,QAOA desactivada,VQE activada
Visualizador calidad de aire activada,Turismo activada,Deportes activada,Entretenimiento activada,HQC activada,Visualizador restriccion uso lena activada,Ambientes abiertos activada,Ambientes cerrados desactivada,Optimizacion de rutas desactivada,Entretenimiento adulto desactivada,Entretenimiento familiar desactivada,Entretenimiento tercera edad activada,Backend activada,Algoritmo activada,Qiskit Simulator desactivada,SpinQ Simulator activada,TQL Simulator desactivada,QAOA activada,VQE desactivada
Visualizador calidad de aire activada,Turismo activada,Deportes activada,Entretenimiento activada,HQC activada,Visualizador restriccion uso lena activada,Ambientes abiertos activada,Ambientes cerrados desactivada,Optimizacion de rutas desactivada,Entretenimiento adulto desactivada,Entretenimiento familiar desactivada,Entretenimiento tercera edad activada,Backend activada,Algoritmo activada,Qiskit Simulator desactivada,SpinQ Simulator activada,TQL Simulator desactivada,QAOA desactivada,VQE activada
Visualizador calidad de aire activada,Turismo activada,Deportes activada,Entretenimiento activada,HQC activada,Visualizador restriccion uso lena activada,Ambientes abiertos activada,Ambientes cerrados desactivada,Optimizacion de rutas desactivada,Entretenimiento adulto desactivada,Entretenimiento familiar desactivada,Entretenimiento tercera edad activada,Backend activada,Algoritmo activada,Qiskit Simulator desactivada,SpinQ Simulator desactivada,TQL Simulator activada,QAOA activada,VQE desactivada
Visualizador calidad de aire activada,Turismo activada,Deportes activada,Entretenimiento activada,HQC activada,Visualizador restriccion uso lena activada,Ambientes abiertos activada,Ambientes cerrados desactivada,Optimizacion de rutas desactivada,Entretenimiento adulto desactivada,Entretenimiento familiar desactivada,Entretenimiento tercera edad activada,Backend activada,Algoritmo activada,Qiskit Simulator desactivada,SpinQ Simulator desactivada,TQL Simulator activada,QAOA desactivada,VQE activada
Visualizador calidad de aire activada,Turismo activada,Deportes activada,Entretenimiento activada,HQC activada,Visualizador restriccion uso lena desactivada,Ambientes abiertos activada,Ambientes cerrados desactivada,Optimizacion de rutas activada,Entretenimiento adulto activada,Entretenimiento familiar activada,Entretenimiento tercera edad activada,Backend activada,Algoritmo activada,Qiskit Simulator activada,SpinQ Simulator desactivada,TQL Simulator desactivada,QAOA activada,VQE desactivada
Visualizador calidad de aire activada,Turismo activada,Deportes activada,Entretenimiento activada,HQC activada,Visualizador restriccion uso lena desactivada,Ambientes abiertos activada,Ambientes cerrados desactivada,Optimizacion de rutas activada,Entretenimiento adulto activada,Entretenimiento familiar activada,Entretenimiento tercera edad activada,Backend activada,Algoritmo activada,Qiskit Simulator activada,SpinQ Simulator desactivada,TQL Simulator desactivada,QAOA desactivada,VQE activada
Visualizador calidad de aire activada,Turismo activada,Deportes activada,Entretenimiento activada,HQC activada,Visualizador restriccion uso lena desactivada,Ambientes abiertos activada,Ambientes cerrados desactivada,Optimizacion de rutas activada,Entretenimiento adulto activada,Entretenimiento familiar activada,Entretenimiento tercera edad activada,Backend activada,Algoritmo activada,Qiskit Simulator desactivada,SpinQ Simulator activada,TQL Simulator desactivada,QAOA activada,VQE desactivada
Visualizador calidad de aire activada,Turismo activada,Deportes activada,Entretenimiento activada,HQC activada,Visualizador restriccion uso lena desactivada,Ambientes abiertos activada,Ambientes cerrados desactivada,Optimizacion de rutas activada,Entretenimiento adulto activada,Entretenimiento familiar activada,Entretenimiento tercera edad activada,Backend activada,Algoritmo activada,Qiskit Simulator desactivada,SpinQ Simulator activada,TQL Simulator desactivada,QAOA desactivada,VQE activada
Visualizador calidad de aire activada,Turismo activada,Deportes activada,Entretenimiento activada,HQC activada,Visualizador restriccion uso lena desactivada,Ambientes abiertos activada,Ambientes cerrados desactivada,Optimizacion de rutas activada,Entretenimiento adulto activada,Entretenimiento familiar activada,Entretenimiento tercera edad activada,Backend activada,Algoritmo activada,Qiskit Simulator desactivada,SpinQ Simulator desactivada,TQL Simulator activada,QAOA activada,VQE desactivada
Visualizador calidad de aire activada,Turismo activada,Deportes activada,Entretenimiento activada,HQC activada,Visualizador restriccion uso lena desactivada,Ambientes abiertos activada,Ambientes cerrados desactivada,Optimizacion de rutas activada,Entretenimiento adulto activada,Entretenimiento familiar activada,Entretenimiento tercera edad activada,Backend activada,Algoritmo activada,Qiskit Simulator desactivada,SpinQ Simulator desactivada,TQL Simulator activada,QAOA desactivada,VQE activada
Visualizador calidad de aire activada,Turismo activada,Deportes activada,Entretenimiento activada,HQC activada,Visualizador restriccion uso lena desactivada,Ambientes abiertos activada,Ambientes cerrados desactivada,Optimizacion de rutas activada,Entretenimiento adulto activada,Entretenimiento familiar activada,Entretenimiento tercera edad desactivada,Backend activada,Algoritmo activada,Qiskit Simulator activada,SpinQ Simulator desactivada,TQL Simulator desactivada,QAOA activada,VQE desactivada
Visualizador calidad de aire activada,Turismo activada,Deportes activada,Entretenimiento activada,HQC activada,Visualizador restriccion uso lena desactivada,Ambientes abiertos activada,Ambientes cerrados desactivada,Optimizacion de rutas activada,Entretenimiento adulto activada,Entretenimiento familiar activada,Entretenimiento tercera edad desactivada,Backend activada,Algoritmo activada,Qiskit Simulator activada,SpinQ Simulator desactivada,TQL Simulator desactivada,QAOA desactivada,VQE activada
Visualizador calidad de aire activada,Turismo activada,Deportes activada,Entretenimiento activada,HQC activada,Visualizador restriccion uso lena desactivada,Ambientes abiertos activada,Ambientes cerrados desactivada,Optimizacion de rutas activada,Entretenimiento adulto activada,Entretenimiento familiar activada,Entretenimiento tercera edad desactivada,Backend activada,Algoritmo activada,Qiskit Simulator desactivada,SpinQ Simulator activada,TQL Simulator desactivada,QAOA activada,VQE desactivada
Visualizador calidad de aire activada,Turismo activada,Deportes activada,Entretenimiento activada,HQC activada,Visualizador restriccion uso lena desactivada,Ambientes abiertos activada,Ambientes cerrados desactivada,Optimizacion de rutas activada,Entretenimiento adulto activada,Entretenimiento familiar activada,Entretenimiento tercera edad desactivada,Backend activada,Algoritmo activada,Qiskit Simulator desactivada,SpinQ Simulator activada,TQL Simulator desactivada,QAOA desactivada,VQE activada
Visualizador calidad de aire activada,Turismo activada,Deportes activada,Entretenimiento activada,HQC activada,Visualizador restriccion uso lena desactivada,Ambientes abiertos activada,Ambientes cerrados desactivada,Optimizacion de rutas activada,Entretenimiento adulto activada,Entretenimiento familiar activada,Entretenimiento tercera edad desactivada,Backend activada,Algoritmo activada,Qiskit Simulator desactivada,SpinQ Simulator desactivada,TQL Simulator activada,QAOA activada,VQE desactivada
Visualizador calidad de aire activada,Turismo activada,Deportes activada,Entretenimiento activada,HQC activada,Visualizador restriccion uso lena desactivada,Ambientes abiertos activada,Ambientes cerrados desactivada,Optimizacion de rutas activada,Entretenimiento adulto activada,Entretenimiento familiar activada,Entretenimiento tercera edad desactivada,Backend activada,Algoritmo activada,Qiskit Simulator desactivada,SpinQ Simulator desactivada,TQL Simulator activada,QAOA desactivada,VQE activada
Visualizador calidad de aire activada,Turismo activada,Deportes activada,Entretenimiento activada,HQC activada,Visualizador restriccion uso lena desactivada,Ambientes abiertos activada,Ambientes cerrados desactivada,Optimizacion de rutas activada,Entretenimiento adulto desactivada,Entretenimiento familiar activada,Entretenimiento tercera edad activada,Backend activada,Algoritmo activada,Qiskit Simulator activada,SpinQ Simulator desactivada,TQL Simulator desactivada,QAOA activada,VQE desactivada
Visualizador calidad de aire activada,Turismo activada,Deportes activada,Entretenimiento activada,HQC activada,Visualizador restriccion uso lena desactivada,Ambientes abiertos activada,Ambientes cerrados desactivada,Optimizacion de rutas activada,Entretenimiento adulto desactivada,Entretenimiento familiar activada,Entretenimiento tercera edad activada,Backend activada,Algoritmo activada,Qiskit Simulator activada,SpinQ Simulator desactivada,TQL Simulator desactivada,QAOA desactivada,VQE activada
Visualizador calidad de aire activada,Turismo activada,Deportes activada,Entretenimiento activada,HQC activada,Visualizador restriccion uso lena desactivada,Ambientes abiertos activada,Ambientes cerrados desactivada,Optimizacion de rutas activada,Entretenimiento adulto desactivada,Entretenimiento familiar activada,Entretenimiento tercera edad activada,Backend activada,Algoritmo activada,Qiskit Simulator desactivada,SpinQ Simulator activada,TQL Simulator desactivada,QAOA activada,VQE desactivada
Visualizador calidad de aire activada,Turismo activada,Deportes activada,Entretenimiento activada,HQC activada,Visualizador restriccion uso lena desactivada,Ambientes abiertos activada,Ambientes cerrados desactivada,Optimizacion de rutas activada,Entretenimiento adulto desactivada,Entretenimiento familiar activada,Entretenimiento tercera edad activada,Backend activada,Algoritmo activada,Qiskit Simulator desactivada,SpinQ Simulator activada,TQL Simulator desactivada,QAOA desactivada,VQE activada
Visualizador calidad de aire activada,Turismo activada,Deportes activada,Entretenimiento activada,HQC activada,Visualizador restriccion uso lena desactivada,Ambientes abiertos activada,Ambientes cerrados desactivada,Optimizacion de rutas activada,Entretenimiento adulto desactivada,Entretenimiento familiar activada,Entretenimiento tercera edad activada,Backend activada,Algoritmo activada,Qiskit Simulator desactivada,SpinQ Simulator desactivada,TQL Simulator activada,QAOA activada,VQE desactivada
Visualizador calidad de aire activada,Turismo activada,Deportes activada,Entretenimiento activada,HQC activada,Visualizador restriccion uso lena desactivada,Ambientes abiertos activada,Ambientes cerrados desactivada,Optimizacion de rutas activada,Entretenimiento adulto desactivada,Entretenimiento familiar activada,Entretenimiento tercera edad activada,Backend activada,Algoritmo activada,Qiskit Simulator desactivada,SpinQ Simulator desactivada,TQL Simulator activada,QAOA desactivada,VQE activada
Visualizador calidad de aire activada,Turismo activada,Deportes activada,Entretenimiento activada,HQC activada,Visualizador restriccion uso lena desactivada,Ambientes abiertos activada,Ambientes cerrados desactivada,Optimizacion de rutas activada,Entretenimiento adulto desactivada,Entretenimiento familiar activada,Entretenimiento tercera edad desactivada,Backend activada,Algoritmo activada,Qiskit Simulator activada,SpinQ Simulator desactivada,TQL Simulator desactivada,QAOA activada,VQE desactivada
Visualizador calidad de aire activada,Turismo activada,Deportes activada,Entretenimiento activada,HQC activada,Visualizador restriccion uso lena desactivada,Ambientes abiertos activada,Ambientes cerrados desactivada,Optimizacion de rutas activada,Entretenimiento adulto desactivada,Entretenimiento familiar activada,Entretenimiento tercera edad desactivada,Backend activada,Algoritmo activada,Qiskit Simulator activada,SpinQ Simulator desactivada,TQL Simulator desactivada,QAOA desactivada,VQE activada
Visualizador calidad de aire activada,Turismo activada,Deportes activada,Entretenimiento activada,HQC activada,Visualizador restriccion uso lena desactivada,Ambientes abiertos activada,Ambientes cerrados desactivada,Optimizacion de rutas activada,Entretenimiento adulto desactivada,Entretenimiento familiar activada,Entretenimiento tercera edad desactivada,Backend activada,Algoritmo activada,Qiskit Simulator desactivada,SpinQ Simulator activada,TQL Simulator desactivada,QAOA activada,VQE desactivada
Visualizador calidad de aire activada,Turismo activada,Deportes activada,Entretenimiento activada,HQC activada,Visualizador restriccion uso lena desactivada,Ambientes abiertos activada,Ambientes cerrados desactivada,Optimizacion de rutas activada,Entretenimiento adulto desactivada,Entretenimiento familiar activada,Entretenimiento tercera edad desactivada,Backend activada,Algoritmo activada,Qiskit Simulator desactivada,SpinQ Simulator activada,TQL Simulator desactivada,QAOA desactivada,VQE activada
Visualizador calidad de aire activada,Turismo activada,Deportes activada,Entretenimiento activada,HQC activada,Visualizador restriccion uso lena desactivada,Ambientes abiertos activada,Ambientes cerrados desactivada,Optimizacion de rutas activada,Entretenimiento adulto desactivada,Entretenimiento familiar activada,Entretenimiento tercera edad desactivada,Backend activada,Algoritmo activada,Qiskit Simulator desactivada,SpinQ Simulator desactivada,TQL Simulator activada,QAOA activada,VQE desactivada
Visualizador calidad de aire activada,Turismo activada,Deportes activada,Entretenimiento activada,HQC activada,Visualizador restriccion uso lena desactivada,Ambientes abiertos activada,Ambientes cerrados desactivada,Optimizacion de rutas activada,Entretenimiento adulto desactivada,Entretenimiento familiar activada,Entretenimiento tercera edad desactivada,Backend activada,Algoritmo activada,Qiskit Simulator desactivada,SpinQ Simulator desactivada,TQL Simulator activada,QAOA desactivada,VQE activada
Visualizador calidad de aire activada,Turismo activada,Deportes activada,Entretenimiento activada,HQC activada,Visualizador restriccion uso lena desactivada,Ambientes abiertos activada,Ambientes cerrados desactivada,Optimizacion de rutas activada,Entretenimiento adulto activada,Entretenimiento familiar desactivada,Entretenimiento tercera edad activada,Backend activada,Algoritmo activada,Qiskit Simulator activada,SpinQ Simulator desactivada,TQL Simulator desactivada,QAOA activada,VQE desactivada
Visualizador calidad de aire activada,Turismo activada,Deportes activada,Entretenimiento activada,HQC activada,Visualizador restriccion uso lena desactivada,Ambientes abiertos activada,Ambientes cerrados desactivada,Optimizacion de rutas activada,Entretenimiento adulto activada,Entretenimiento familiar desactivada,Entretenimiento tercera edad activada,Backend activada,Algoritmo activada,Qiskit Simulator activada,SpinQ Simulator desactivada,TQL Simulator desactivada,QAOA desactivada,VQE activada
Visualizador calidad de aire activada,Turismo activada,Deportes activada,Entretenimiento activada,HQC activada,Visualizador restriccion uso lena desactivada,Ambientes abiertos activada,Ambientes cerrados desactivada,Optimizacion de rutas activada,Entretenimiento adulto activada,Entretenimiento familiar desactivada,Entretenimiento tercera edad activada,Backend activada,Algoritmo activada,Qiskit Simulator desactivada,SpinQ Simulator activada,TQL Simulator desactivada,QAOA activada,VQE desactivada
Visualizador calidad de aire activada,Turismo activada,Deportes activada,Entretenimiento activada,HQC activada,Visualizador restriccion uso lena desactivada,Ambientes abiertos activada,Ambientes cerrados desactivada,Optimizacion de rutas activada,Entretenimiento adulto activada,Entretenimiento familiar desactivada,Entretenimiento tercera edad activada,Backend activada,Algoritmo activada,Qiskit Simulator desactivada,SpinQ Simulator activada,TQL Simulator desactivada,QAOA desactivada,VQE activada
Visualizador calidad de aire activada,Turismo activada,Deportes activada,Entretenimiento activada,HQC activada,Visualizador restriccion uso lena desactivada,Ambientes abiertos activada,Ambientes cerrados desactivada,Optimizacion de rutas activada,Entretenimiento adulto activada,Entretenimiento familiar desactivada,Entretenimiento tercera edad activada,Backend activada,Algoritmo activada,Qiskit Simulator desactivada,SpinQ Simulator desactivada,TQL Simulator activada,QAOA activada,VQE desactivada
Visualizador calidad de aire activada,Turismo activada,Deportes activada,Entretenimiento activada,HQC activada,Visualizador restriccion uso lena desactivada,Ambientes abiertos activada,Ambientes cerrados desactivada,Optimizacion de rutas activada,Entretenimiento adulto activada,Entretenimiento familiar desactivada,Entretenimiento tercera edad activada,Backend activada,Algoritmo activada,Qiskit Simulator desactivada,SpinQ Simulator desactivada,TQL Simulator activada,QAOA desactivada,VQE activada
Visualizador calidad de aire activada,Turismo activada,Deportes activada,Entretenimiento activada,HQC activada,Visualizador restriccion uso lena desactivada,Ambientes abiertos activada,Ambientes cerrados desactivada,Optimizacion de rutas activada,Entretenimiento adulto activada,Entretenimiento familiar desactivada,Entretenimiento tercera edad desactivada,Backend activada,Algoritmo activada,Qiskit Simulator activada,SpinQ Simulator desactivada,TQL Simulator desactivada,QAOA activada,VQE desactivada
Visualizador calidad de aire activada,Turismo activada,Deportes activada,Entretenimiento activada,HQC activada,Visualizador restriccion uso lena desactivada,Ambientes abiertos activada,Ambientes cerrados desactivada,Optimizacion de rutas activada,Entretenimiento adulto activada,Entretenimiento familiar desactivada,Entretenimiento tercera edad desactivada,Backend activada,Algoritmo activada,Qiskit Simulator activada,SpinQ Simulator desactivada,TQL Simulator desactivada,QAOA desactivada,VQE activada
Visualizador calidad de aire activada,Turismo activada,Deportes activada,Entretenimiento activada,HQC activada,Visualizador restriccion uso lena desactivada,Ambientes abiertos activada,Ambientes cerrados desactivada,Optimizacion de rutas activada,Entretenimiento adulto activada,Entretenimiento familiar desactivada,Entretenimiento tercera edad desactivada,Backend activada,Algoritmo activada,Qiskit Simulator desactivada,SpinQ Simulator activada,TQL Simulator desactivada,QAOA activada,VQE desactivada
Visualizador calidad de aire activada,Turismo activada,Deportes activada,Entretenimiento activada,HQC activada,Visualizador restriccion uso lena desactivada,Ambientes abiertos activada,Ambientes cerrados desactivada,Optimizacion de rutas activada,Entretenimiento adulto activada,Entretenimiento familiar desactivada,Entretenimiento tercera edad desactivada,Backend activada,Algoritmo activada,Qiskit Simulator desactivada,SpinQ Simulator activada,TQL Simulator desactivada,QAOA desactivada,VQE activada
Visualizador calidad de aire activada,Turismo activada,Deportes activada,Entretenimiento activada,HQC activada,Visualizador restriccion uso lena desactivada,Ambientes abiertos activada,Ambientes cerrados desactivada,Optimizacion de rutas activada,Entretenimiento adulto activada,Entretenimiento familiar desactivada,Entretenimiento tercera edad desactivada,Backend activada,Algoritmo activada,Qiskit Simulator desactivada,SpinQ Simulator desactivada,TQL Simulator activada,QAOA activada,VQE desactivada
Visualizador calidad de aire activada,Turismo activada,Deportes activada,Entretenimiento activada,HQC activada,Visualizador restriccion uso lena desactivada,Ambientes abiertos activada,Ambientes cerrados desactivada,Optimizacion de rutas activada,Entretenimiento adulto activada,Entretenimiento familiar desactivada,Entretenimiento tercera edad desactivada,Backend activada,Algoritmo activada,Qiskit Simulator desactivada,SpinQ Simulator desactivada,TQL Simulator activada,QAOA desactivada,VQE activada
Visualizador calidad de aire activada,Turismo activada,Deportes activada,Entretenimiento activada,HQC activada,Visualizador restriccion uso lena desactivada,Ambientes abiertos activada,Ambientes cerrados desactivada,Optimizacion de rutas activada,Entretenimiento adulto desactivada,Entretenimiento familiar desactivada,Entretenimiento tercera edad activada,Backend activada,Algoritmo activada,Qiskit Simulator activada,SpinQ Simulator desactivada,TQL Simulator desactivada,QAOA activada,VQE desactivada
Visualizador calidad de aire activada,Turismo activada,Deportes activada,Entretenimiento activada,HQC activada,Visualizador restriccion uso lena desactivada,Ambientes abiertos activada,Ambientes cerrados desactivada,Optimizacion de rutas activada,Entretenimiento adulto desactivada,Entretenimiento familiar desactivada,Entretenimiento tercera edad activada,Backend activada,Algoritmo activada,Qiskit Simulator activada,SpinQ Simulator desactivada,TQL Simulator desactivada,QAOA desactivada,VQE activada
Visualizador calidad de aire activada,Turismo activada,Deportes activada,Entretenimiento activada,HQC activada,Visualizador restriccion uso lena desactivada,Ambientes abiertos activada,Ambientes cerrados desactivada,Optimizacion de rutas activada,Entretenimiento adulto desactivada,Entretenimiento familiar desactivada,Entretenimiento tercera edad activada,Backend activada,Algoritmo activada,Qiskit Simulator desactivada,SpinQ Simulator activada,TQL Simulator desactivada,QAOA activada,VQE desactivada
Visualizador calidad de aire activada,Turismo activada,Deportes activada,Entretenimiento activada,HQC activada,Visualizador restriccion uso lena desactivada,Ambientes abiertos activada,Ambientes cerrados desactivada,Optimizacion de rutas activada,Entretenimiento adulto desactivada,Entretenimiento familiar desactivada,Entretenimiento tercera edad activada,Backend activada,Algoritmo activada,Qiskit Simulator desactivada,SpinQ Simulator activada,TQL Simulator desactivada,QAOA desactivada,VQE activada
Visualizador calidad de aire activada,Turismo activada,Deportes activada,Entretenimiento activada,HQC activada,Visualizador restriccion uso lena desactivada,Ambientes abiertos activada,Ambientes cerrados desactivada,Optimizacion de rutas activada,Entretenimiento adulto desactivada,Entretenimiento familiar desactivada,Entretenimiento tercera edad activada,Backend activada,Algoritmo activada,Qiskit Simulator desactivada,SpinQ Simulator desactivada,TQL Simulator activada,QAOA activada,VQE desactivada
Visualizador calidad de aire activada,Turismo activada,Deportes activada,Entretenimiento activada,HQC activada,Visualizador restriccion uso lena desactivada,Ambientes abiertos activada,Ambientes cerrados desactivada,Optimizacion de rutas activada,Entretenimiento adulto desactivada,Entretenimiento familiar desactivada,Entretenimiento tercera edad activada,Backend activada,Algoritmo activada,Qiskit Simulator desactivada,SpinQ Simulator desactivada,TQL Simulator activada,QAOA desactivada,VQE activada
Visualizador calidad de aire activada,Turismo activada,Deportes activada,Entretenimiento activada,HQC activada,Visualizador restriccion uso lena desactivada,Ambientes abiertos activada,Ambientes cerrados desactivada,Optimizacion de rutas desactivada,Entretenimiento adulto activada,Entretenimiento familiar activada,Entretenimiento tercera edad activada,Backend activada,Algoritmo activada,Qiskit Simulator activada,SpinQ Simulator desactivada,TQL Simulator desactivada,QAOA activada,VQE desactivada
Visualizador calidad de aire activada,Turismo activada,Deportes activada,Entretenimiento activada,HQC activada,Visualizador restriccion uso lena desactivada,Ambientes abiertos activada,Ambientes cerrados desactivada,Optimizacion de rutas desactivada,Entretenimiento adulto activada,Entretenimiento familiar activada,Entretenimiento tercera edad activada,Backend activada,Algoritmo activada,Qiskit Simulator activada,SpinQ Simulator desactivada,TQL Simulator desactivada,QAOA desactivada,VQE activada
Visualizador calidad de aire activada,Turismo activada,Deportes activada,Entretenimiento activada,HQC activada,Visualizador restriccion uso lena desactivada,Ambientes abiertos activada,Ambientes cerrados desactivada,Optimizacion de rutas desactivada,Entretenimiento adulto activada,Entretenimiento familiar activada,Entretenimiento tercera edad activada,Backend activada,Algoritmo activada,Qiskit Simulator desactivada,SpinQ Simulator activada,TQL Simulator desactivada,QAOA activada,VQE desactivada
Visualizador calidad de aire activada,Turismo activada,Deportes activada,Entretenimiento activada,HQC activada,Visualizador restriccion uso lena desactivada,Ambientes abiertos activada,Ambientes cerrados desactivada,Optimizacion de rutas desactivada,Entretenimiento adulto activada,Entretenimiento familiar activada,Entretenimiento tercera edad activada,Backend activada,Algoritmo activada,Qiskit Simulator desactivada,SpinQ Simulator activada,TQL Simulator desactivada,QAOA desactivada,VQE activada
Visualizador calidad de aire activada,Turismo activada,Deportes activada,Entretenimiento activada,HQC activada,Visualizador restriccion uso lena desactivada,Ambientes abiertos activada,Ambientes cerrados desactivada,Optimizacion de rutas desactivada,Entretenimiento adulto activada,Entretenimiento familiar activada,Entretenimiento tercera edad activada,Backend activada,Algoritmo activada,Qiskit Simulator desactivada,SpinQ Simulator desactivada,TQL Simulator activada,QAOA activada,VQE desactivada
Visualizador calidad de aire activada,Turismo activada,Deportes activada,Entretenimiento activada,HQC activada,Visualizador restriccion uso lena desactivada,Ambientes abiertos activada,Ambientes cerrados desactivada,Optimizacion de rutas desactivada,Entretenimiento adulto activada,Entretenimiento familiar activada,Entretenimiento tercera edad activada,Backend activada,Algoritmo activada,Qiskit Simulator desactivada,SpinQ Simulator desactivada,TQL Simulator activada,QAOA desactivada,VQE activada
Visualizador calidad de aire activada,Turismo activada,Deportes activada,Entretenimiento activada,HQC activada,Visualizador restriccion uso lena desactivada,Ambientes abiertos activada,Ambientes cerrados desactivada,Optimizacion de rutas desactivada,Entretenimiento adulto activada,Entretenimiento familiar activada,Entretenimiento tercera edad desactivada,Backend activada,Algoritmo activada,Qiskit Simulator activada,SpinQ Simulator desactivada,TQL Simulator desactivada,QAOA activada,VQE desactivada
Visualizador calidad de aire activada,Turismo activada,Deportes activada,Entretenimiento activada,HQC activada,Visualizador restriccion uso lena desactivada,Ambientes abiertos activada,Ambientes cerrados desactivada,Optimizacion de rutas desactivada,Entretenimiento adulto activada,Entretenimiento familiar activada,Entretenimiento tercera edad desactivada,Backend activada,Algoritmo activada,Qiskit Simulator activada,SpinQ Simulator desactivada,TQL Simulator desactivada,QAOA desactivada,VQE activada
Visualizador calidad de aire activada,Turismo activada,Deportes activada,Entretenimiento activada,HQC activada,Visualizador restriccion uso lena desactivada,Ambientes abiertos activada,Ambientes cerrados desactivada,Optimizacion de rutas desactivada,Entretenimiento adulto activada,Entretenimiento familiar activada,Entretenimiento tercera edad desactivada,Backend activada,Algoritmo activada,Qiskit Simulator desactivada,SpinQ Simulator activada,TQL Simulator desactivada,QAOA activada,VQE desactivada
Visualizador calidad de aire activada,Turismo activada,Deportes activada,Entretenimiento activada,HQC activada,Visualizador restriccion uso lena desactivada,Ambientes abiertos activada,Ambientes cerrados desactivada,Optimizacion de rutas desactivada,Entretenimiento adulto activada,Entretenimiento familiar activada,Entretenimiento tercera edad desactivada,Backend activada,Algoritmo activada,Qiskit Simulator desactivada,SpinQ Simulator activada,TQL Simulator desactivada,QAOA desactivada,VQE activada
Visualizador calidad de aire activada,Turismo activada,Deportes activada,Entretenimiento activada,HQC activada,Visualizador restriccion uso lena desactivada,Ambientes abiertos activada,Ambientes cerrados desactivada,Optimizacion de rutas desactivada,Entretenimiento adulto activada,Entretenimiento familiar activada,Entretenimiento tercera edad desactivada,Backend activada,Algoritmo activada,Qiskit Simulator desactivada,SpinQ Simulator desactivada,TQL Simulator activada,QAOA activada,VQE desactivada
Visualizador calidad de aire activada,Turismo activada,Deportes activada,Entretenimiento activada,HQC activada,Visualizador restriccion uso lena desactivada,Ambientes abiertos activada,Ambientes cerrados desactivada,Optimizacion de rutas desactivada,Entretenimiento adulto activada,Entretenimiento familiar activada,Entretenimiento tercera edad desactivada,Backend activada,Algoritmo activada,Qiskit Simulator desactivada,SpinQ Simulator desactivada,TQL Simulator activada,QAOA desactivada,VQE activada
Visualizador calidad de aire activada,Turismo activada,Deportes activada,Entretenimiento activada,HQC activada,Visualizador restriccion uso lena desactivada,Ambientes abiertos activada,Ambientes cerrados desactivada,Optimizacion de rutas desactivada,Entretenimiento adulto desactivada,Entretenimiento familiar activada,Entretenimiento tercera edad activada,Backend activada,Algoritmo activada,Qiskit Simulator activada,SpinQ Simulator desactivada,TQL Simulator desactivada,QAOA activada,VQE desactivada
Visualizador calidad de aire activada,Turismo activada,Deportes activada,Entretenimiento activada,HQC activada,Visualizador restriccion uso lena desactivada,Ambientes abiertos activada,Ambientes cerrados desactivada,Optimizacion de rutas desactivada,Entretenimiento adulto desactivada,Entretenimiento familiar activada,Entretenimiento tercera edad activada,Backend activada,Algoritmo activada,Qiskit Simulator activada,SpinQ Simulator desactivada,TQL Simulator desactivada,QAOA desactivada,VQE activada
Visualizador calidad de aire activada,Turismo activada,Deportes activada,Entretenimiento activada,HQC activada,Visualizador restriccion uso lena desactivada,Ambientes abiertos activada,Ambientes cerrados desactivada,Optimizacion de rutas desactivada,Entretenimiento adulto desactivada,Entretenimiento familiar activada,Entretenimiento tercera edad activada,Backend activada,Algoritmo activada,Qiskit Simulator desactivada,SpinQ Simulator activada,TQL Simulator desactivada,QAOA activada,VQE desactivada
Visualizador calidad de aire activada,Turismo activada,Deportes activada,Entretenimiento activada,HQC activada,Visualizador restriccion uso lena desactivada,Ambientes abiertos activada,Ambientes cerrados desactivada,Optimizacion de rutas desactivada,Entretenimiento adulto desactivada,Entretenimiento familiar activada,Entretenimiento tercera edad activada,Backend activada,Algoritmo activada,Qiskit Simulator desactivada,SpinQ Simulator activada,TQL Simulator desactivada,QAOA desactivada,VQE activada
Visualizador calidad de aire activada,Turismo activada,Deportes activada,Entretenimiento activada,HQC activada,Visualizador restriccion uso lena desactivada,Ambientes abiertos activada,Ambientes cerrados desactivada,Optimizacion de rutas desactivada,Entretenimiento adulto desactivada,Entretenimiento familiar activada,Entretenimiento tercera edad activada,Backend activada,Algoritmo activada,Qiskit Simulator desactivada,SpinQ Simulator desactivada,TQL Simulator activada,QAOA activada,VQE desactivada
Visualizador calidad de aire activada,Turismo activada,Deportes activada,Entretenimiento activada,HQC activada,Visualizador restriccion uso lena desactivada,Ambientes abiertos activada,Ambientes cerrados desactivada,Optimizacion de rutas desactivada,Entretenimiento adulto desactivada,Entretenimiento familiar activada,Entretenimiento tercera edad activada,Backend activada,Algoritmo activada,Qiskit Simulator desactivada,SpinQ Simulator desactivada,TQL Simulator activada,QAOA desactivada,VQE activada
Visualizador calidad de aire activada,Turismo activada,Deportes activada,Entretenimiento activada,HQC activada,Visualizador restriccion uso lena desactivada,Ambientes abiertos activada,Ambientes cerrados desactivada,Optimizacion de rutas desactivada,Entretenimiento adulto desactivada,Entretenimiento familiar activada,Entretenimiento tercera edad desactivada,Backend activada,Algoritmo activada,Qiskit Simulator activada,SpinQ Simulator desactivada,TQL Simulator desactivada,QAOA activada,VQE desactivada
Visualizador calidad de aire activada,Turismo activada,Deportes activada,Entretenimiento activada,HQC activada,Visualizador restriccion uso lena desactivada,Ambientes abiertos activada,Ambientes cerrados desactivada,Optimizacion de rutas desactivada,Entretenimiento adulto desactivada,Entretenimiento familiar activada,Entretenimiento tercera edad desactivada,Backend activada,Algoritmo activada,Qiskit Simulator activada,SpinQ Simulator desactivada,TQL Simulator desactivada,QAOA desactivada,VQE activada
Visualizador calidad de aire activada,Turismo activada,Deportes activada,Entretenimiento activada,HQC activada,Visualizador restriccion uso lena desactivada,Ambientes abiertos activada,Ambientes cerrados desactivada,Optimizacion de rutas desactivada,Entretenimiento adulto desactivada,Entretenimiento familiar activada,Entretenimiento tercera edad desactivada,Backend activada,Algoritmo activada,Qiskit Simulator desactivada,SpinQ Simulator activada,TQL Simulator desactivada,QAOA activada,VQE desactivada
Visualizador calidad de aire activada,Turismo activada,Deportes activada,Entretenimiento activada,HQC activada,Visualizador restriccion uso lena desactivada,Ambientes abiertos activada,Ambientes cerrados desactivada,Optimizacion de rutas desactivada,Entretenimiento adulto desactivada,Entretenimiento familiar activada,Entretenimiento tercera edad desactivada,Backend activada,Algoritmo activada,Qiskit Simulator desactivada,SpinQ Simulator activada,TQL Simulator desactivada,QAOA desactivada,VQE activada
Visualizador calidad de aire activada,Turismo activada,Deportes activada,Entretenimiento activada,HQC activada,Visualizador restriccion uso lena desactivada,Ambientes abiertos activada,Ambientes cerrados desactivada,Optimizacion de rutas desactivada,Entretenimiento adulto desactivada,Entretenimiento familiar activada,Entretenimiento tercera edad desactivada,Backend activada,Algoritmo activada,Qiskit Simulator desactivada,SpinQ Simulator desactivada,TQL Simulator activada,QAOA activada,VQE desactivada
Visualizador calidad de aire activada,Turismo activada,Deportes activada,Entretenimiento activada,HQC activada,Visualizador restriccion uso lena desactivada,Ambientes abiertos activada,Ambientes cerrados desactivada,Optimizacion de rutas desactivada,Entretenimiento adulto desactivada,Entretenimiento familiar activada,Entretenimiento tercera edad desactivada,Backend activada,Algoritmo activada,Qiskit Simulator desactivada,SpinQ Simulator desactivada,TQL Simulator activada,QAOA desactivada,VQE activada
Visualizador calidad de aire activada,Turismo activada,Deportes activada,Entretenimiento activada,HQC activada,Visualizador restriccion uso lena desactivada,Ambientes abiertos activada,Ambientes cerrados desactivada,Optimizacion de rutas desactivada,Entretenimiento adulto activada,Entretenimiento familiar desactivada,Entretenimiento tercera edad activada,Backend activada,Algoritmo activada,Qiskit Simulator activada,SpinQ Simulator desactivada,TQL Simulator desactivada,QAOA activada,VQE desactivada
Visualizador calidad de aire activada,Turismo activada,Deportes activada,Entretenimiento activada,HQC activada,Visualizador restriccion uso lena desactivada,Ambientes abiertos activada,Ambientes cerrados desactivada,Optimizacion de rutas desactivada,Entretenimiento adulto activada,Entretenimiento familiar desactivada,Entretenimiento tercera edad activada,Backend activada,Algoritmo activada,Qiskit Simulator activada,SpinQ Simulator desactivada,TQL Simulator desactivada,QAOA desactivada,VQE activada
Visualizador calidad de aire activada,Turismo activada,Deportes activada,Entretenimiento activada,HQC activada,Visualizador restriccion uso lena desactivada,Ambientes abiertos activada,Ambientes cerrados desactivada,Optimizacion de rutas desactivada,Entretenimiento adulto activada,Entretenimiento familiar desactivada,Entretenimiento tercera edad activada,Backend activada,Algoritmo activada,Qiskit Simulator desactivada,SpinQ Simulator activada,TQL Simulator desactivada,QAOA activada,VQE desactivada
Visualizador calidad de aire activada,Turismo activada,Deportes activada,Entretenimiento activada,HQC activada,Visualizador restriccion uso lena desactivada,Ambientes abiertos activada,Ambientes cerrados desactivada,Optimizacion de rutas desactivada,Entretenimiento adulto activada,Entretenimiento familiar desactivada,Entretenimiento tercera edad activada,Backend activada,Algoritmo activada,Qiskit Simulator desactivada,SpinQ Simulator activada,TQL Simulator desactivada,QAOA desactivada,VQE activada
Visualizador calidad de aire activada,Turismo activada,Deportes activada,Entretenimiento activada,HQC activada,Visualizador restriccion uso lena desactivada,Ambientes abiertos activada,Ambientes cerrados desactivada,Optimizacion de rutas desactivada,Entretenimiento adulto activada,Entretenimiento familiar desactivada,Entretenimiento tercera edad activada,Backend activada,Algoritmo activada,Qiskit Simulator desactivada,SpinQ Simulator desactivada,TQL Simulator activada,QAOA activada,VQE desactivada
Visualizador calidad de aire activada,Turismo activada,Deportes activada,Entretenimiento activada,HQC activada,Visualizador restriccion uso lena desactivada,Ambientes abiertos activada,Ambientes cerrados desactivada,Optimizacion de rutas desactivada,Entretenimiento adulto activada,Entretenimiento familiar desactivada,Entretenimiento tercera edad activada,Backend activada,Algoritmo activada,Qiskit Simulator desactivada,SpinQ Simulator desactivada,TQL Simulator activada,QAOA desactivada,VQE activada
Visualizador calidad de aire activada,Turismo activada,Deportes activada,Entretenimiento activada,HQC activada,Visualizador restriccion uso lena desactivada,Ambientes abiertos activada,Ambientes cerrados desactivada,Optimizacion de rutas desactivada,Entretenimiento adulto activada,Entretenimiento familiar desactivada,Entretenimiento tercera edad desactivada,Backend activada,Algoritmo activada,Qiskit Simulator activada,SpinQ Simulator desactivada,TQL Simulator desactivada,QAOA activada,VQE desactivada
Visualizador calidad de aire activada,Turismo activada,Deportes activada,Entretenimiento activada,HQC activada,Visualizador restriccion uso lena desactivada,Ambientes abiertos activada,Ambientes cerrados desactivada,Optimizacion de rutas desactivada,Entretenimiento adulto activada,Entretenimiento familiar desactivada,Entretenimiento tercera edad desactivada,Backend activada,Algoritmo activada,Qiskit Simulator activada,SpinQ Simulator desactivada,TQL Simulator desactivada,QAOA desactivada,VQE activada
Visualizador calidad de aire activada,Turismo activada,Deportes activada,Entretenimiento activada,HQC activada,Visualizador restriccion uso lena desactivada,Ambientes abiertos activada,Ambientes cerrados desactivada,Optimizacion de rutas desactivada,Entretenimiento adulto activada,Entretenimiento familiar desactivada,Entretenimiento tercera edad desactivada,Backend activada,Algoritmo activada,Qiskit Simulator desactivada,SpinQ Simulator activada,TQL Simulator desactivada,QAOA activada,VQE desactivada
Visualizador calidad de aire activada,Turismo activada,Deportes activada,Entretenimiento activada,HQC activada,Visualizador restriccion uso lena desactivada,Ambientes abiertos activada,Ambientes cerrados desactivada,Optimizacion de rutas desactivada,Entretenimiento adulto activada,Entretenimiento familiar desactivada,Entretenimiento tercera edad desactivada,Backend activada,Algoritmo activada,Qiskit Simulator desactivada,SpinQ Simulator activada,TQL Simulator desactivada,QAOA desactivada,VQE activada
Visualizador calidad de aire activada,Turismo activada,Deportes activada,Entretenimiento activada,HQC activada,Visualizador restriccion uso lena desactivada,Ambientes abiertos activada,Ambientes cerrados desactivada,Optimizacion de rutas desactivada,Entretenimiento adulto activada,Entretenimiento familiar desactivada,Entretenimiento tercera edad desactivada,Backend activada,Algoritmo activada,Qiskit Simulator desactivada,SpinQ Simulator desactivada,TQL Simulator activada,QAOA activada,VQE desactivada
Visualizador calidad de aire activada,Turismo activada,Deportes activada,Entretenimiento activada,HQC activada,Visualizador restriccion uso lena desactivada,Ambientes abiertos activada,Ambientes cerrados desactivada,Optimizacion de rutas desactivada,Entretenimiento adulto activada,Entretenimiento familiar desactivada,Entretenimiento tercera edad desactivada,Backend activada,Algoritmo activada,Qiskit Simulator desactivada,SpinQ Simulator desactivada,TQL Simulator activada,QAOA desactivada,VQE activada
Visualizador calidad de aire activada,Turismo activada,Deportes activada,Entretenimiento activada,HQC activada,Visualizador restriccion uso lena desactivada,Ambientes abiertos activada,Ambientes cerrados desactivada,Optimizacion de rutas desactivada,Entretenimiento adulto desactivada,Entretenimiento familiar desactivada,Entretenimiento tercera edad activada,Backend activada,Algoritmo activada,Qiskit Simulator activada,SpinQ Simulator desactivada,TQL Simulator desactivada,QAOA activada,VQE desactivada
Visualizador calidad de aire activada,Turismo activada,Deportes activada,Entretenimiento activada,HQC activada,Visualizador restriccion uso lena desactivada,Ambientes abiertos activada,Ambientes cerrados desactivada,Optimizacion de rutas desactivada,Entretenimiento adulto desactivada,Entretenimiento familiar desactivada,Entretenimiento tercera edad activada,Backend activada,Algoritmo activada,Qiskit Simulator activada,SpinQ Simulator desactivada,TQL Simulator desactivada,QAOA desactivada,VQE activada
Visualizador calidad de aire activada,Turismo activada,Deportes activada,Entretenimiento activada,HQC activada,Visualizador restriccion uso lena desactivada,Ambientes abiertos activada,Ambientes cerrados desactivada,Optimizacion de rutas desactivada,Entretenimiento adulto desactivada,Entretenimiento familiar desactivada,Entretenimiento tercera edad activada,Backend activada,Algoritmo activada,Qiskit Simulator desactivada,SpinQ Simulator activada,TQL Simulator desactivada,QAOA activada,VQE desactivada
Visualizador calidad de aire activada,Turismo activada,Deportes activada,Entretenimiento activada,HQC activada,Visualizador restriccion uso lena desactivada,Ambientes abiertos activada,Ambientes cerrados desactivada,Optimizacion de rutas desactivada,Entretenimiento adulto desactivada,Entretenimiento familiar desactivada,Entretenimiento tercera edad activada,Backend activada,Algoritmo activada,Qiskit Simulator desactivada,SpinQ Simulator activada,TQL Simulator desactivada,QAOA desactivada,VQE activada
Visualizador calidad de aire activada,Turismo activada,Deportes activada,Entretenimiento activada,HQC activada,Visualizador restriccion uso lena desactivada,Ambientes abiertos activada,Ambientes cerrados desactivada,Optimizacion de rutas desactivada,Entretenimiento adulto desactivada,Entretenimiento familiar desactivada,Entretenimiento tercera edad activada,Backend activada,Algoritmo activada,Qiskit Simulator desactivada,SpinQ Simulator desactivada,TQL Simulator activada,QAOA activada,VQE desactivada
Visualizador calidad de aire activada,Turismo activada,Deportes activada,Entretenimiento activada,HQC activada,Visualizador restriccion uso lena desactivada,Ambientes abiertos activada,Ambientes cerrados desactivada,Optimizacion de rutas desactivada,Entretenimiento adulto desactivada,Entretenimiento familiar desactivada,Entretenimiento tercera edad activada,Backend activada,Algoritmo activada,Qiskit Simulator desactivada,SpinQ Simulator desactivada,TQL Simulator activada,QAOA desactivada,VQE activada
Visualizador calidad de aire activada,Turismo activada,Deportes activada,Entretenimiento activada,HQC desactivada,Visualizador restriccion uso lena activada,Ambientes abiertos desactivada,Ambientes cerrados activada,Optimizacion de rutas desactivada,Entretenimiento adulto activada,Entretenimiento familiar activada,Entretenimiento tercera edad activada,Backend desactivada,Algoritmo desactivada,Qiskit Simulator desactivada,SpinQ Simulator desactivada,TQL Simulator desactivada,QAOA desactivada,VQE desactivada
Visualizador calidad de aire activada,Turismo activada,Deportes activada,Entretenimiento activada,HQC desactivada,Visualizador restriccion uso lena activada,Ambientes abiertos desactivada,Ambientes cerrados activada,Optimizacion de rutas desactivada,Entretenimiento adulto activada,Entretenimiento familiar activada,Entretenimiento tercera edad desactivada,Backend desactivada,Algoritmo desactivada,Qiskit Simulator desactivada,SpinQ Simulator desactivada,TQL Simulator desactivada,QAOA desactivada,VQE desactivada
Visualizador calidad de aire activada,Turismo activada,Deportes activada,Entretenimiento activada,HQC desactivada,Visualizador restriccion uso lena activada,Ambientes abiertos desactivada,Ambientes cerrados activada,Optimizacion de rutas desactivada,Entretenimiento adulto desactivada,Entretenimiento familiar activada,Entretenimiento tercera edad activada,Backend desactivada,Algoritmo desactivada,Qiskit Simulator desactivada,SpinQ Simulator desactivada,TQL Simulator desactivada,QAOA desactivada,VQE desactivada
Visualizador calidad de aire activada,Turismo activada,Deportes activada,Entretenimiento activada,HQC desactivada,Visualizador restriccion uso lena activada,Ambientes abiertos desactivada,Ambientes cerrados activada,Optimizacion de rutas desactivada,Entretenimiento adulto desactivada,Entretenimiento familiar activada,Entretenimiento tercera edad desactivada,Backend desactivada,Algoritmo desactivada,Qiskit Simulator desactivada,SpinQ Simulator desactivada,TQL Simulator desactivada,QAOA desactivada,VQE desactivada
Visualizador calidad de aire activada,Turismo activada,Deportes activada,Entretenimiento activada,HQC desactivada,Visualizador restriccion uso lena activada,Ambientes abiertos desactivada,Ambientes cerrados activada,Optimizacion de rutas desactivada,Entretenimiento adulto activada,Entretenimiento familiar desactivada,Entretenimiento tercera edad activada,Backend desactivada,Algoritmo desactivada,Qiskit Simulator desactivada,SpinQ Simulator desactivada,TQL Simulator desactivada,QAOA desactivada,VQE desactivada
Visualizador calidad de aire activada,Turismo activada,Deportes activada,Entretenimiento activada,HQC desactivada,Visualizador restriccion uso lena activada,Ambientes abiertos desactivada,Ambientes cerrados activada,Optimizacion de rutas desactivada,Entretenimiento adulto activada,Entretenimiento familiar desactivada,Entretenimiento tercera edad desactivada,Backend desactivada,Algoritmo desactivada,Qiskit Simulator desactivada,SpinQ Simulator desactivada,TQL Simulator desactivada,QAOA desactivada,VQE desactivada
Visualizador calidad de aire activada,Turismo activada,Deportes activada,Entretenimiento activada,HQC desactivada,Visualizador restriccion uso lena activada,Ambientes abiertos desactivada,Ambientes cerrados activada,Optimizacion de rutas desactivada,Entretenimiento adulto desactivada,Entretenimiento familiar desactivada,Entretenimiento tercera edad activada,Backend desactivada,Algoritmo desactivada,Qiskit Simulator desactivada,SpinQ Simulator desactivada,TQL Simulator desactivada,QAOA desactivada,VQE desactivada
Visualizador calidad de aire activada,Turismo activada,Deportes activada,Entretenimiento activada,HQC desactivada,Visualizador restriccion uso lena activada,Ambientes abiertos activada,Ambientes cerrados desactivada,Optimizacion de rutas desactivada,Entretenimiento adulto activada,Entretenimiento familiar activada,Entretenimiento tercera edad activada,Backend desactivada,Algoritmo desactivada,Qiskit Simulator desactivada,SpinQ Simulator desactivada,TQL Simulator desactivada,QAOA desactivada,VQE desactivada
Visualizador calidad de aire activada,Turismo activada,Deportes activada,Entretenimiento activada,HQC desactivada,Visualizador restriccion uso lena activada,Ambientes abiertos activada,Ambientes cerrados desactivada,Optimizacion de rutas desactivada,Entretenimiento adulto activada,Entretenimiento familiar activada,Entretenimiento tercera edad desactivada,Backend desactivada,Algoritmo desactivada,Qiskit Simulator desactivada,SpinQ Simulator desactivada,TQL Simulator desactivada,QAOA desactivada,VQE desactivada
Visualizador calidad de aire activada,Turismo activada,Deportes activada,Entretenimiento activada,HQC desactivada,Visualizador restriccion uso lena activada,Ambientes abiertos activada,Ambientes cerrados desactivada,Optimizacion de rutas desactivada,Entretenimiento adulto desactivada,Entretenimiento familiar activada,Entretenimiento tercera edad activada,Backend desactivada,Algoritmo desactivada,Qiskit Simulator desactivada,SpinQ Simulator desactivada,TQL Simulator desactivada,QAOA desactivada,VQE desactivada
Visualizador calidad de aire activada,Turismo activada,Deportes activada,Entretenimiento activada,HQC desactivada,Visualizador restriccion uso lena activada,Ambientes abiertos activada,Ambientes cerrados desactivada,Optimizacion de rutas desactivada,Entretenimiento adulto desactivada,Entretenimiento familiar activada,Entretenimiento tercera edad desactivada,Backend desactivada,Algoritmo desactivada,Qiskit Simulator desactivada,SpinQ Simulator desactivada,TQL Simulator desactivada,QAOA desactivada,VQE desactivada
Visualizador calidad de aire activada,Turismo activada,Deportes activada,Entretenimiento activada,HQC desactivada,Visualizador restriccion uso lena activada,Ambientes abiertos activada,Ambientes cerrados desactivada,Optimizacion de rutas desactivada,Entretenimiento adulto activada,Entretenimiento familiar desactivada,Entretenimiento tercera edad activada,Backend desactivada,Algoritmo desactivada,Qiskit Simulator desactivada,SpinQ Simulator desactivada,TQL Simulator desactivada,QAOA desactivada,VQE desactivada
Visualizador calidad de aire activada,Turismo activada,Deportes activada,Entretenimiento activada,HQC desactivada,Visualizador restriccion uso lena activada,Ambientes abiertos activada,Ambientes cerrados desactivada,Optimizacion de rutas desactivada,Entretenimiento adulto activada,Entretenimiento familiar desactivada,Entretenimiento tercera edad desactivada,Backend desactivada,Algoritmo desactivada,Qiskit Simulator desactivada,SpinQ Simulator desactivada,TQL Simulator desactivada,QAOA desactivada,VQE desactivada
Visualizador calidad de aire activada,Turismo activada,Deportes activada,Entretenimiento activada,HQC desactivada,Visualizador restriccion uso lena activada,Ambientes abiertos activada,Ambientes cerrados desactivada,Optimizacion de rutas desactivada,Entretenimiento adulto desactivada,Entretenimiento familiar desactivada,Entretenimiento tercera edad activada,Backend desactivada,Algoritmo desactivada,Qiskit Simulator desactivada,SpinQ Simulator desactivada,TQL Simulator desactivada,QAOA desactivada,VQE desactivada
Visualizador calidad de aire activada,Turismo activada,Deportes activada,Entretenimiento activada,HQC desactivada,Visualizador restriccion uso lena desactivada,Ambientes abiertos activada,Ambientes cerrados desactivada,Optimizacion de rutas desactivada,Entretenimiento adulto activada,Entretenimiento familiar activada,Entretenimiento tercera edad activada,Backend desactivada,Algoritmo desactivada,Qiskit Simulator desactivada,SpinQ Simulator desactivada,TQL Simulator desactivada,QAOA desactivada,VQE desactivada
Visualizador calidad de aire activada,Turismo activada,Deportes activada,Entretenimiento activada,HQC desactivada,Visualizador restriccion uso lena desactivada,Ambientes abiertos activada,Ambientes cerrados desactivada,Optimizacion de rutas desactivada,Entretenimiento adulto activada,Entretenimiento familiar activada,Entretenimiento tercera edad desactivada,Backend desactivada,Algoritmo desactivada,Qiskit Simulator desactivada,SpinQ Simulator desactivada,TQL Simulator desactivada,QAOA desactivada,VQE desactivada
Visualizador calidad de aire activada,Turismo activada,Deportes activada,Entretenimiento activada,HQC desactivada,Visualizador restriccion uso lena desactivada,Ambientes abiertos activada,Ambientes cerrados desactivada,Optimizacion de rutas desactivada,Entretenimiento adulto desactivada,Entretenimiento familiar activada,Entretenimiento tercera edad activada,Backend desactivada,Algoritmo desactivada,Qiskit Simulator desactivada,SpinQ Simulator desactivada,TQL Simulator desactivada,QAOA desactivada,VQE desactivada
Visualizador calidad de aire activada,Turismo activada,Deportes activada,Entretenimiento activada,HQC desactivada,Visualizador restriccion uso lena desactivada,Ambientes abiertos activada,Ambientes cerrados desactivada,Optimizacion de rutas desactivada,Entretenimiento adulto desactivada,Entretenimiento familiar activada,Entretenimiento tercera edad desactivada,Backend desactivada,Algoritmo desactivada,Qiskit Simulator desactivada,SpinQ Simulator desactivada,TQL Simulator desactivada,QAOA desactivada,VQE desactivada
Visualizador calidad de aire activada,Turismo activada,Deportes activada,Entretenimiento activada,HQC desactivada,Visualizador restriccion uso lena desactivada,Ambientes abiertos activada,Ambientes cerrados desactivada,Optimizacion de rutas desactivada,Entretenimiento adulto activada,Entretenimiento familiar desactivada,Entretenimiento tercera edad activada,Backend desactivada,Algoritmo desactivada,Qiskit Simulator desactivada,SpinQ Simulator desactivada,TQL Simulator desactivada,QAOA desactivada,VQE desactivada
Visualizador calidad de aire activada,Turismo activada,Deportes activada,Entretenimiento activada,HQC desactivada,Visualizador restriccion uso lena desactivada,Ambientes abiertos activada,Ambientes cerrados desactivada,Optimizacion de rutas desactivada,Entretenimiento adulto activada,Entretenimiento familiar desactivada,Entretenimiento tercera edad desactivada,Backend desactivada,Algoritmo desactivada,Qiskit Simulator desactivada,SpinQ Simulator desactivada,TQL Simulator desactivada,QAOA desactivada,VQE desactivada
Visualizador calidad de aire activada,Turismo activada,Deportes activada,Entretenimiento activada,HQC desactivada,Visualizador restriccion uso lena desactivada,Ambientes abiertos activada,Ambientes cerrados desactivada,Optimizacion de rutas desactivada,Entretenimiento adulto desactivada,Entretenimiento familiar desactivada,Entretenimiento tercera edad activada,Backend desactivada,Algoritmo desactivada,Qiskit Simulator desactivada,SpinQ Simulator desactivada,TQL Simulator desactivada,QAOA desactivada,VQE desactivada
Visualizador calidad de aire activada,Turismo activada,Deportes activada,Entretenimiento desactivada,HQC activada,Visualizador restriccion uso lena activada,Ambientes abiertos desactivada,Ambientes cerrados activada,Optimizacion de rutas activada,Entretenimiento adulto desactivada,Entretenimiento familiar desactivada,Entretenimiento tercera edad desactivada,Backend activada,Algoritmo activada,Qiskit Simulator activada,SpinQ Simulator desactivada,TQL Simulator desactivada,QAOA activada,VQE desactivada
Visualizador calidad de aire activada,Turismo activada,Deportes activada,Entretenimiento desactivada,HQC activada,Visualizador restriccion uso lena activada,Ambientes abiertos desactivada,Ambientes cerrados activada,Optimizacion de rutas activada,Entretenimiento adulto desactivada,Entretenimiento familiar desactivada,Entretenimiento tercera edad desactivada,Backend activada,Algoritmo activada,Qiskit Simulator activada,SpinQ Simulator desactivada,TQL Simulator desactivada,QAOA desactivada,VQE activada
Visualizador calidad de aire activada,Turismo activada,Deportes activada,Entretenimiento desactivada,HQC activada,Visualizador restriccion uso lena activada,Ambientes abiertos desactivada,Ambientes cerrados activada,Optimizacion de rutas activada,Entretenimiento adulto desactivada,Entretenimiento familiar desactivada,Entretenimiento tercera edad desactivada,Backend activada,Algoritmo activada,Qiskit Simulator desactivada,SpinQ Simulator activada,TQL Simulator desactivada,QAOA activada,VQE desactivada
Visualizador calidad de aire activada,Turismo activada,Deportes activada,Entretenimiento desactivada,HQC activada,Visualizador restriccion uso lena activada,Ambientes abiertos desactivada,Ambientes cerrados activada,Optimizacion de rutas activada,Entretenimiento adulto desactivada,Entretenimiento familiar desactivada,Entretenimiento tercera edad desactivada,Backend activada,Algoritmo activada,Qiskit Simulator desactivada,SpinQ Simulator activada,TQL Simulator desactivada,QAOA desactivada,VQE activada
Visualizador calidad de aire activada,Turismo activada,Deportes activada,Entretenimiento desactivada,HQC activada,Visualizador restriccion uso lena activada,Ambientes abiertos desactivada,Ambientes cerrados activada,Optimizacion de rutas activada,Entretenimiento adulto desactivada,Entretenimiento familiar desactivada,Entretenimiento tercera edad desactivada,Backend activada,Algoritmo activada,Qiskit Simulator desactivada,SpinQ Simulator desactivada,TQL Simulator activada,QAOA activada,VQE desactivada
Visualizador calidad de aire activada,Turismo activada,Deportes activada,Entretenimiento desactivada,HQC activada,Visualizador restriccion uso lena activada,Ambientes abiertos desactivada,Ambientes cerrados activada,Optimizacion de rutas activada,Entretenimiento adulto desactivada,Entretenimiento familiar desactivada,Entretenimiento tercera edad desactivada,Backend activada,Algoritmo activada,Qiskit Simulator desactivada,SpinQ Simulator desactivada,TQL Simulator activada,QAOA desactivada,VQE activada
Visualizador calidad de aire activada,Turismo activada,Deportes activada,Entretenimiento desactivada,HQC activada,Visualizador restriccion uso lena activada,Ambientes abiertos desactivada,Ambientes cerrados activada,Optimizacion de rutas desactivada,Entretenimiento adulto desactivada,Entretenimiento familiar desactivada,Entretenimiento tercera edad desactivada,Backend activada,Algoritmo activada,Qiskit Simulator activada,SpinQ Simulator desactivada,TQL Simulator desactivada,QAOA activada,VQE desactivada
Visualizador calidad de aire activada,Turismo activada,Deportes activada,Entretenimiento desactivada,HQC activada,Visualizador restriccion uso lena activada,Ambientes abiertos desactivada,Ambientes cerrados activada,Optimizacion de rutas desactivada,Entretenimiento adulto desactivada,Entretenimiento familiar desactivada,Entretenimiento tercera edad desactivada,Backend activada,Algoritmo activada,Qiskit Simulator activada,SpinQ Simulator desactivada,TQL Simulator desactivada,QAOA desactivada,VQE activada
Visualizador calidad de aire activada,Turismo activada,Deportes activada,Entretenimiento desactivada,HQC activada,Visualizador restriccion uso lena activada,Ambientes abiertos desactivada,Ambientes cerrados activada,Optimizacion de rutas desactivada,Entretenimiento adulto desactivada,Entretenimiento familiar desactivada,Entretenimiento tercera edad desactivada,Backend activada,Algoritmo activada,Qiskit Simulator desactivada,SpinQ Simulator activada,TQL Simulator desactivada,QAOA activada,VQE desactivada
Visualizador calidad de aire activada,Turismo activada,Deportes activada,Entretenimiento desactivada,HQC activada,Visualizador restriccion uso lena activada,Ambientes abiertos desactivada,Ambientes cerrados activada,Optimizacion de rutas desactivada,Entretenimiento adulto desactivada,Entretenimiento familiar desactivada,Entretenimiento tercera edad desactivada,Backend activada,Algoritmo activada,Qiskit Simulator desactivada,SpinQ Simulator activada,TQL Simulator desactivada,QAOA desactivada,VQE activada
Visualizador calidad de aire activada,Turismo activada,Deportes activada,Entretenimiento desactivada,HQC activada,Visualizador restriccion uso lena activada,Ambientes abiertos desactivada,Ambientes cerrados activada,Optimizacion de rutas desactivada,Entretenimiento adulto desactivada,Entretenimiento familiar desactivada,Entretenimiento tercera edad desactivada,Backend activada,Algoritmo activada,Qiskit Simulator desactivada,SpinQ Simulator desactivada,TQL Simulator activada,QAOA activada,VQE desactivada
Visualizador calidad de aire activada,Turismo activada,Deportes activada,Entretenimiento desactivada,HQC activada,Visualizador restriccion uso lena activada,Ambientes abiertos desactivada,Ambientes cerrados activada,Optimizacion de rutas desactivada,Entretenimiento adulto desactivada,Entretenimiento familiar desactivada,Entretenimiento tercera edad desactivada,Backend activada,Algoritmo activada,Qiskit Simulator desactivada,SpinQ Simulator desactivada,TQL Simulator activada,QAOA desactivada,VQE activada
Visualizador calidad de aire activada,Turismo activada,Deportes activada,Entretenimiento desactivada,HQC activada,Visualizador restriccion uso lena activada,Ambientes abiertos activada,Ambientes cerrados desactivada,Optimizacion de rutas activada,Entretenimiento adulto desactivada,Entretenimiento familiar desactivada,Entretenimiento tercera edad desactivada,Backend activada,Algoritmo activada,Qiskit Simulator activada,SpinQ Simulator desactivada,TQL Simulator desactivada,QAOA activada,VQE desactivada
Visualizador calidad de aire activada,Turismo activada,Deportes activada,Entretenimiento desactivada,HQC activada,Visualizador restriccion uso lena activada,Ambientes abiertos activada,Ambientes cerrados desactivada,Optimizacion de rutas activada,Entretenimiento adulto desactivada,Entretenimiento familiar desactivada,Entretenimiento tercera edad desactivada,Backend activada,Algoritmo activada,Qiskit Simulator activada,SpinQ Simulator desactivada,TQL Simulator desactivada,QAOA desactivada,VQE activada
Visualizador calidad de aire activada,Turismo activada,Deportes activada,Entretenimiento desactivada,HQC activada,Visualizador restriccion uso lena activada,Ambientes abiertos activada,Ambientes cerrados desactivada,Optimizacion de rutas activada,Entretenimiento adulto desactivada,Entretenimiento familiar desactivada,Entretenimiento tercera edad desactivada,Backend activada,Algoritmo activada,Qiskit Simulator desactivada,SpinQ Simulator activada,TQL Simulator desactivada,QAOA activada,VQE desactivada
Visualizador calidad de aire activada,Turismo activada,Deportes activada,Entretenimiento desactivada,HQC activada,Visualizador restriccion uso lena activada,Ambientes abiertos activada,Ambientes cerrados desactivada,Optimizacion de rutas activada,Entretenimiento adulto desactivada,Entretenimiento familiar desactivada,Entretenimiento tercera edad desactivada,Backend activada,Algoritmo activada,Qiskit Simulator desactivada,SpinQ Simulator activada,TQL Simulator desactivada,QAOA desactivada,VQE activada
Visualizador calidad de aire activada,Turismo activada,Deportes activada,Entretenimiento desactivada,HQC activada,Visualizador restriccion uso lena activada,Ambientes abiertos activada,Ambientes cerrados desactivada,Optimizacion de rutas activada,Entretenimiento adulto desactivada,Entretenimiento familiar desactivada,Entretenimiento tercera edad desactivada,Backend activada,Algoritmo activada,Qiskit Simulator desactivada,SpinQ Simulator desactivada,TQL Simulator activada,QAOA activada,VQE desactivada
Visualizador calidad de aire activada,Turismo activada,Deportes activada,Entretenimiento desactivada,HQC activada,Visualizador restriccion uso lena activada,Ambientes abiertos activada,Ambientes cerrados desactivada,Optimizacion de rutas activada,Entretenimiento adulto desactivada,Entretenimiento familiar desactivada,Entretenimiento tercera edad desactivada,Backend activada,Algoritmo activada,Qiskit Simulator desactivada,SpinQ Simulator desactivada,TQL Simulator activada,QAOA desactivada,VQE activada
Visualizador calidad de aire activada,Turismo activada,Deportes activada,Entretenimiento desactivada,HQC activada,Visualizador restriccion uso lena activada,Ambientes abiertos activada,Ambientes cerrados desactivada,Optimizacion de rutas desactivada,Entretenimiento adulto desactivada,Entretenimiento familiar desactivada,Entretenimiento tercera edad desactivada,Backend activada,Algoritmo activada,Qiskit Simulator activada,SpinQ Simulator desactivada,TQL Simulator desactivada,QAOA activada,VQE desactivada
Visualizador calidad de aire activada,Turismo activada,Deportes activada,Entretenimiento desactivada,HQC activada,Visualizador restriccion uso lena activada,Ambientes abiertos activada,Ambientes cerrados desactivada,Optimizacion de rutas desactivada,Entretenimiento adulto desactivada,Entretenimiento familiar desactivada,Entretenimiento tercera edad desactivada,Backend activada,Algoritmo activada,Qiskit Simulator activada,SpinQ Simulator desactivada,TQL Simulator desactivada,QAOA desactivada,VQE activada
Visualizador calidad de aire activada,Turismo activada,Deportes activada,Entretenimiento desactivada,HQC activada,Visualizador restriccion uso lena activada,Ambientes abiertos activada,Ambientes cerrados desactivada,Optimizacion de rutas desactivada,Entretenimiento adulto desactivada,Entretenimiento familiar desactivada,Entretenimiento tercera edad desactivada,Backend activada,Algoritmo activada,Qiskit Simulator desactivada,SpinQ Simulator activada,TQL Simulator desactivada,QAOA activada,VQE desactivada
Visualizador calidad de aire activada,Turismo activada,Deportes activada,Entretenimiento desactivada,HQC activada,Visualizador restriccion uso lena activada,Ambientes abiertos activada,Ambientes cerrados desactivada,Optimizacion de rutas desactivada,Entretenimiento adulto desactivada,Entretenimiento familiar desactivada,Entretenimiento tercera edad desactivada,Backend activada,Algoritmo activada,Qiskit Simulator desactivada,SpinQ Simulator activada,TQL Simulator desactivada,QAOA desactivada,VQE activada
Visualizador calidad de aire activada,Turismo activada,Deportes activada,Entretenimiento desactivada,HQC activada,Visualizador restriccion uso lena activada,Ambientes abiertos activada,Ambientes cerrados desactivada,Optimizacion de rutas desactivada,Entretenimiento adulto desactivada,Entretenimiento familiar desactivada,Entretenimiento tercera edad desactivada,Backend activada,Algoritmo activada,Qiskit Simulator desactivada,SpinQ Simulator desactivada,TQL Simulator activada,QAOA activada,VQE desactivada
Visualizador calidad de aire activada,Turismo activada,Deportes activada,Entretenimiento desactivada,HQC activada,Visualizador restriccion uso lena activada,Ambientes abiertos activada,Ambientes cerrados desactivada,Optimizacion de rutas desactivada,Entretenimiento adulto desactivada,Entretenimiento familiar desactivada,Entretenimiento tercera edad desactivada,Backend activada,Algoritmo activada,Qiskit Simulator desactivada,SpinQ Simulator desactivada,TQL Simulator activada,QAOA desactivada,VQE activada
Visualizador calidad de aire activada,Turismo activada,Deportes activada,Entretenimiento desactivada,HQC activada,Visualizador restriccion uso lena desactivada,Ambientes abiertos activada,Ambientes cerrados desactivada,Optimizacion de rutas activada,Entretenimiento adulto desactivada,Entretenimiento familiar desactivada,Entretenimiento tercera edad desactivada,Backend activada,Algoritmo activada,Qiskit Simulator activada,SpinQ Simulator desactivada,TQL Simulator desactivada,QAOA activada,VQE desactivada
Visualizador calidad de aire activada,Turismo activada,Deportes activada,Entretenimiento desactivada,HQC activada,Visualizador restriccion uso lena desactivada,Ambientes abiertos activada,Ambientes cerrados desactivada,Optimizacion de rutas activada,Entretenimiento adulto desactivada,Entretenimiento familiar desactivada,Entretenimiento tercera edad desactivada,Backend activada,Algoritmo activada,Qiskit Simulator activada,SpinQ Simulator desactivada,TQL Simulator desactivada,QAOA desactivada,VQE activada
Visualizador calidad de aire activada,Turismo activada,Deportes activada,Entretenimiento desactivada,HQC activada,Visualizador restriccion uso lena desactivada,Ambientes abiertos activada,Ambientes cerrados desactivada,Optimizacion de rutas activada,Entretenimiento adulto desactivada,Entretenimiento familiar desactivada,Entretenimiento tercera edad desactivada,Backend activada,Algoritmo activada,Qiskit Simulator desactivada,SpinQ Simulator activada,TQL Simulator desactivada,QAOA activada,VQE desactivada
Visualizador calidad de aire activada,Turismo activada,Deportes activada,Entretenimiento desactivada,HQC activada,Visualizador restriccion uso lena desactivada,Ambientes abiertos activada,Ambientes cerrados desactivada,Optimizacion de rutas activada,Entretenimiento adulto desactivada,Entretenimiento familiar desactivada,Entretenimiento tercera edad desactivada,Backend activada,Algoritmo activada,Qiskit Simulator desactivada,SpinQ Simulator activada,TQL Simulator desactivada,QAOA desactivada,VQE activada
Visualizador calidad de aire activada,Turismo activada,Deportes activada,Entretenimiento desactivada,HQC activada,Visualizador restriccion uso lena desactivada,Ambientes abiertos activada,Ambientes cerrados desactivada,Optimizacion de rutas activada,Entretenimiento adulto desactivada,Entretenimiento familiar desactivada,Entretenimiento tercera edad desactivada,Backend activada,Algoritmo activada,Qiskit Simulator desactivada,SpinQ Simulator desactivada,TQL Simulator activada,QAOA activada,VQE desactivada
Visualizador calidad de aire activada,Turismo activada,Deportes activada,Entretenimiento desactivada,HQC activada,Visualizador restriccion uso lena desactivada,Ambientes abiertos activada,Ambientes cerrados desactivada,Optimizacion de rutas activada,Entretenimiento adulto desactivada,Entretenimiento familiar desactivada,Entretenimiento tercera edad desactivada,Backend activada,Algoritmo activada,Qiskit Simulator desactivada,SpinQ Simulator desactivada,TQL Simulator activada,QAOA desactivada,VQE activada
Visualizador calidad de aire activada,Turismo activada,Deportes activada,Entretenimiento desactivada,HQC activada,Visualizador restriccion uso lena desactivada,Ambientes abiertos activada,Ambientes cerrados desactivada,Optimizacion de rutas desactivada,Entretenimiento adulto desactivada,Entretenimiento familiar desactivada,Entretenimiento tercera edad desactivada,Backend activada,Algoritmo activada,Qiskit Simulator activada,SpinQ Simulator desactivada,TQL Simulator desactivada,QAOA activada,VQE desactivada
Visualizador calidad de aire activada,Turismo activada,Deportes activada,Entretenimiento desactivada,HQC activada,Visualizador restriccion uso lena desactivada,Ambientes abiertos activada,Ambientes cerrados desactivada,Optimizacion de rutas desactivada,Entretenimiento adulto desactivada,Entretenimiento familiar desactivada,Entretenimiento tercera edad desactivada,Backend activada,Algoritmo activada,Qiskit Simulator activada,SpinQ Simulator desactivada,TQL Simulator desactivada,QAOA desactivada,VQE activada
Visualizador calidad de aire activada,Turismo activada,Deportes activada,Entretenimiento desactivada,HQC activada,Visualizador restriccion uso lena desactivada,Ambientes abiertos activada,Ambientes cerrados desactivada,Optimizacion de rutas desactivada,Entretenimiento adulto desactivada,Entretenimiento familiar desactivada,Entretenimiento tercera edad desactivada,Backend activada,Algoritmo activada,Qiskit Simulator desactivada,SpinQ Simulator activada,TQL Simulator desactivada,QAOA activada,VQE desactivada
Visualizador calidad de aire activada,Turismo activada,Deportes activada,Entretenimiento desactivada,HQC activada,Visualizador restriccion uso lena desactivada,Ambientes abiertos activada,Ambientes cerrados desactivada,Optimizacion de rutas desactivada,Entretenimiento adulto desactivada,Entretenimiento familiar desactivada,Entretenimiento tercera edad desactivada,Backend activada,Algoritmo activada,Qiskit Simulator desactivada,SpinQ Simulator activada,TQL Simulator desactivada,QAOA desactivada,VQE activada
Visualizador calidad de aire activada,Turismo activada,Deportes activada,Entretenimiento desactivada,HQC activada,Visualizador restriccion uso lena desactivada,Ambientes abiertos activada,Ambientes cerrados desactivada,Optimizacion de rutas desactivada,Entretenimiento adulto desactivada,Entretenimiento familiar desactivada,Entretenimiento tercera edad desactivada,Backend activada,Algoritmo activada,Qiskit Simulator desactivada,SpinQ Simulator desactivada,TQL Simulator activada,QAOA activada,VQE desactivada
Visualizador calidad de aire activada,Turismo activada,Deportes activada,Entretenimiento desactivada,HQC activada,Visualizador restriccion uso lena desactivada,Ambientes abiertos activada,Ambientes cerrados desactivada,Optimizacion de rutas desactivada,Entretenimiento adulto desactivada,Entretenimiento familiar desactivada,Entretenimiento tercera edad desactivada,Backend activada,Algoritmo activada,Qiskit Simulator desactivada,SpinQ Simulator desactivada,TQL Simulator activada,QAOA desactivada,VQE activada
Visualizador calidad de aire activada,Turismo activada,Deportes activada,Entretenimiento desactivada,HQC desactivada,Visualizador restriccion uso lena activada,Ambientes abiertos desactivada,Ambientes cerrados activada,Optimizacion de rutas desactivada,Entretenimiento adulto desactivada,Entretenimiento familiar desactivada,Entretenimiento tercera edad desactivada,Backend desactivada,Algoritmo desactivada,Qiskit Simulator desactivada,SpinQ Simulator desactivada,TQL Simulator desactivada,QAOA desactivada,VQE desactivada
Visualizador calidad de aire activada,Turismo activada,Deportes activada,Entretenimiento desactivada,HQC desactivada,Visualizador restriccion uso lena activada,Ambientes abiertos activada,Ambientes cerrados desactivada,Optimizacion de rutas desactivada,Entretenimiento adulto desactivada,Entretenimiento familiar desactivada,Entretenimiento tercera edad desactivada,Backend desactivada,Algoritmo desactivada,Qiskit Simulator desactivada,SpinQ Simulator desactivada,TQL Simulator desactivada,QAOA desactivada,VQE desactivada
Visualizador calidad de aire activada,Turismo activada,Deportes activada,Entretenimiento desactivada,HQC desactivada,Visualizador restriccion uso lena desactivada,Ambientes abiertos activada,Ambientes cerrados desactivada,Optimizacion de rutas desactivada,Entretenimiento adulto desactivada,Entretenimiento familiar desactivada,Entretenimiento tercera edad desactivada,Backend desactivada,Algoritmo desactivada,Qiskit Simulator desactivada,SpinQ Simulator desactivada,TQL Simulator desactivada,QAOA desactivada,VQE desactivada
Visualizador calidad de aire activada,Turismo activada,Deportes desactivada,Entretenimiento activada,HQC activada,Visualizador restriccion uso lena activada,Ambientes abiertos desactivada,Ambientes cerrados activada,Optimizacion de rutas activada,Entretenimiento adulto activada,Entretenimiento familiar activada,Entretenimiento tercera edad activada,Backend activada,Algoritmo activada,Qiskit Simulator activada,SpinQ Simulator desactivada,TQL Simulator desactivada,QAOA activada,VQE desactivada
Visualizador calidad de aire activada,Turismo activada,Deportes desactivada,Entretenimiento activada,HQC activada,Visualizador restriccion uso lena activada,Ambientes abiertos desactivada,Ambientes cerrados activada,Optimizacion de rutas activada,Entretenimiento adulto activada,Entretenimiento familiar activada,Entretenimiento tercera edad activada,Backend activada,Algoritmo activada,Qiskit Simulator activada,SpinQ Simulator desactivada,TQL Simulator desactivada,QAOA desactivada,VQE activada
Visualizador calidad de aire activada,Turismo activada,Deportes desactivada,Entretenimiento activada,HQC activada,Visualizador restriccion uso lena activada,Ambientes abiertos desactivada,Ambientes cerrados activada,Optimizacion de rutas activada,Entretenimiento adulto activada,Entretenimiento familiar activada,Entretenimiento tercera edad activada,Backend activada,Algoritmo activada,Qiskit Simulator desactivada,SpinQ Simulator activada,TQL Simulator desactivada,QAOA activada,VQE desactivada
Visualizador calidad de aire activada,Turismo activada,Deportes desactivada,Entretenimiento activada,HQC activada,Visualizador restriccion uso lena activada,Ambientes abiertos desactivada,Ambientes cerrados activada,Optimizacion de rutas activada,Entretenimiento adulto activada,Entretenimiento familiar activada,Entretenimiento tercera edad activada,Backend activada,Algoritmo activada,Qiskit Simulator desactivada,SpinQ Simulator activada,TQL Simulator desactivada,QAOA desactivada,VQE activada
Visualizador calidad de aire activada,Turismo activada,Deportes desactivada,Entretenimiento activada,HQC activada,Visualizador restriccion uso lena activada,Ambientes abiertos desactivada,Ambientes cerrados activada,Optimizacion de rutas activada,Entretenimiento adulto activada,Entretenimiento familiar activada,Entretenimiento tercera edad activada,Backend activada,Algoritmo activada,Qiskit Simulator desactivada,SpinQ Simulator desactivada,TQL Simulator activada,QAOA activada,VQE desactivada
Visualizador calidad de aire activada,Turismo activada,Deportes desactivada,Entretenimiento activada,HQC activada,Visualizador restriccion uso lena activada,Ambientes abiertos desactivada,Ambientes cerrados activada,Optimizacion de rutas activada,Entretenimiento adulto activada,Entretenimiento familiar activada,Entretenimiento tercera edad activada,Backend activada,Algoritmo activada,Qiskit Simulator desactivada,SpinQ Simulator desactivada,TQL Simulator activada,QAOA desactivada,VQE activada
Visualizador calidad de aire activada,Turismo activada,Deportes desactivada,Entretenimiento activada,HQC activada,Visualizador restriccion uso lena activada,Ambientes abiertos desactivada,Ambientes cerrados activada,Optimizacion de rutas activada,Entretenimiento adulto activada,Entretenimiento familiar activada,Entretenimiento tercera edad desactivada,Backend activada,Algoritmo activada,Qiskit Simulator activada,SpinQ Simulator desactivada,TQL Simulator desactivada,QAOA activada,VQE desactivada
Visualizador calidad de aire activada,Turismo activada,Deportes desactivada,Entretenimiento activada,HQC activada,Visualizador restriccion uso lena activada,Ambientes abiertos desactivada,Ambientes cerrados activada,Optimizacion de rutas activada,Entretenimiento adulto activada,Entretenimiento familiar activada,Entretenimiento tercera edad desactivada,Backend activada,Algoritmo activada,Qiskit Simulator activada,SpinQ Simulator desactivada,TQL Simulator desactivada,QAOA desactivada,VQE activada
Visualizador calidad de aire activada,Turismo activada,Deportes desactivada,Entretenimiento activada,HQC activada,Visualizador restriccion uso lena activada,Ambientes abiertos desactivada,Ambientes cerrados activada,Optimizacion de rutas activada,Entretenimiento adulto activada,Entretenimiento familiar activada,Entretenimiento tercera edad desactivada,Backend activada,Algoritmo activada,Qiskit Simulator desactivada,SpinQ Simulator activada,TQL Simulator desactivada,QAOA activada,VQE desactivada
Visualizador calidad de aire activada,Turismo activada,Deportes desactivada,Entretenimiento activada,HQC activada,Visualizador restriccion uso lena activada,Ambientes abiertos desactivada,Ambientes cerrados activada,Optimizacion de rutas activada,Entretenimiento adulto activada,Entretenimiento familiar activada,Entretenimiento tercera edad desactivada,Backend activada,Algoritmo activada,Qiskit Simulator desactivada,SpinQ Simulator activada,TQL Simulator desactivada,QAOA desactivada,VQE activada
Visualizador calidad de aire activada,Turismo activada,Deportes desactivada,Entretenimiento activada,HQC activada,Visualizador restriccion uso lena activada,Ambientes abiertos desactivada,Ambientes cerrados activada,Optimizacion de rutas activada,Entretenimiento adulto activada,Entretenimiento familiar activada,Entretenimiento tercera edad desactivada,Backend activada,Algoritmo activada,Qiskit Simulator desactivada,SpinQ Simulator desactivada,TQL Simulator activada,QAOA activada,VQE desactivada
Visualizador calidad de aire activada,Turismo activada,Deportes desactivada,Entretenimiento activada,HQC activada,Visualizador restriccion uso lena activada,Ambientes abiertos desactivada,Ambientes cerrados activada,Optimizacion de rutas activada,Entretenimiento adulto activada,Entretenimiento familiar activada,Entretenimiento tercera edad desactivada,Backend activada,Algoritmo activada,Qiskit Simulator desactivada,SpinQ Simulator desactivada,TQL Simulator activada,QAOA desactivada,VQE activada
Visualizador calidad de aire activada,Turismo activada,Deportes desactivada,Entretenimiento activada,HQC activada,Visualizador restriccion uso lena activada,Ambientes abiertos desactivada,Ambientes cerrados activada,Optimizacion de rutas activada,Entretenimiento adulto desactivada,Entretenimiento familiar activada,Entretenimiento tercera edad activada,Backend activada,Algoritmo activada,Qiskit Simulator activada,SpinQ Simulator desactivada,TQL Simulator desactivada,QAOA activada,VQE desactivada
Visualizador calidad de aire activada,Turismo activada,Deportes desactivada,Entretenimiento activada,HQC activada,Visualizador restriccion uso lena activada,Ambientes abiertos desactivada,Ambientes cerrados activada,Optimizacion de rutas activada,Entretenimiento adulto desactivada,Entretenimiento familiar activada,Entretenimiento tercera edad activada,Backend activada,Algoritmo activada,Qiskit Simulator activada,SpinQ Simulator desactivada,TQL Simulator desactivada,QAOA desactivada,VQE activada
Visualizador calidad de aire activada,Turismo activada,Deportes desactivada,Entretenimiento activada,HQC activada,Visualizador restriccion uso lena activada,Ambientes abiertos desactivada,Ambientes cerrados activada,Optimizacion de rutas activada,Entretenimiento adulto desactivada,Entretenimiento familiar activada,Entretenimiento tercera edad activada,Backend activada,Algoritmo activada,Qiskit Simulator desactivada,SpinQ Simulator activada,TQL Simulator desactivada,QAOA activada,VQE desactivada
Visualizador calidad de aire activada,Turismo activada,Deportes desactivada,Entretenimiento activada,HQC activada,Visualizador restriccion uso lena activada,Ambientes abiertos desactivada,Ambientes cerrados activada,Optimizacion de rutas activada,Entretenimiento adulto desactivada,Entretenimiento familiar activada,Entretenimiento tercera edad activada,Backend activada,Algoritmo activada,Qiskit Simulator desactivada,SpinQ Simulator activada,TQL Simulator desactivada,QAOA desactivada,VQE activada
Visualizador calidad de aire activada,Turismo activada,Deportes desactivada,Entretenimiento activada,HQC activada,Visualizador restriccion uso lena activada,Ambientes abiertos desactivada,Ambientes cerrados activada,Optimizacion de rutas activada,Entretenimiento adulto desactivada,Entretenimiento familiar activada,Entretenimiento tercera edad activada,Backend activada,Algoritmo activada,Qiskit Simulator desactivada,SpinQ Simulator desactivada,TQL Simulator activada,QAOA activada,VQE desactivada
Visualizador calidad de aire activada,Turismo activada,Deportes desactivada,Entretenimiento activada,HQC activada,Visualizador restriccion uso lena activada,Ambientes abiertos desactivada,Ambientes cerrados activada,Optimizacion de rutas activada,Entretenimiento adulto desactivada,Entretenimiento familiar activada,Entretenimiento tercera edad activada,Backend activada,Algoritmo activada,Qiskit Simulator desactivada,SpinQ Simulator desactivada,TQL Simulator activada,QAOA desactivada,VQE activada
Visualizador calidad de aire activada,Turismo activada,Deportes desactivada,Entretenimiento activada,HQC activada,Visualizador restriccion uso lena activada,Ambientes abiertos desactivada,Ambientes cerrados activada,Optimizacion de rutas activada,Entretenimiento adulto desactivada,Entretenimiento familiar activada,Entretenimiento tercera edad desactivada,Backend activada,Algoritmo activada,Qiskit Simulator activada,SpinQ Simulator desactivada,TQL Simulator desactivada,QAOA activada,VQE desactivada
Visualizador calidad de aire activada,Turismo activada,Deportes desactivada,Entretenimiento activada,HQC activada,Visualizador restriccion uso lena activada,Ambientes abiertos desactivada,Ambientes cerrados activada,Optimizacion de rutas activada,Entretenimiento adulto desactivada,Entretenimiento familiar activada,Entretenimiento tercera edad desactivada,Backend activada,Algoritmo activada,Qiskit Simulator activada,SpinQ Simulator desactivada,TQL Simulator desactivada,QAOA desactivada,VQE activada
Visualizador calidad de aire activada,Turismo activada,Deportes desactivada,Entretenimiento activada,HQC activada,Visualizador restriccion uso lena activada,Ambientes abiertos desactivada,Ambientes cerrados activada,Optimizacion de rutas activada,Entretenimiento adulto desactivada,Entretenimiento familiar activada,Entretenimiento tercera edad desactivada,Backend activada,Algoritmo activada,Qiskit Simulator desactivada,SpinQ Simulator activada,TQL Simulator desactivada,QAOA activada,VQE desactivada
Visualizador calidad de aire activada,Turismo activada,Deportes desactivada,Entretenimiento activada,HQC activada,Visualizador restriccion uso lena activada,Ambientes abiertos desactivada,Ambientes cerrados activada,Optimizacion de rutas activada,Entretenimiento adulto desactivada,Entretenimiento familiar activada,Entretenimiento tercera edad desactivada,Backend activada,Algoritmo activada,Qiskit Simulator desactivada,SpinQ Simulator activada,TQL Simulator desactivada,QAOA desactivada,VQE activada
Visualizador calidad de aire activada,Turismo activada,Deportes desactivada,Entretenimiento activada,HQC activada,Visualizador restriccion uso lena activada,Ambientes abiertos desactivada,Ambientes cerrados activada,Optimizacion de rutas activada,Entretenimiento adulto desactivada,Entretenimiento familiar activada,Entretenimiento tercera edad desactivada,Backend activada,Algoritmo activada,Qiskit Simulator desactivada,SpinQ Simulator desactivada,TQL Simulator activada,QAOA activada,VQE desactivada
Visualizador calidad de aire activada,Turismo activada,Deportes desactivada,Entretenimiento activada,HQC activada,Visualizador restriccion uso lena activada,Ambientes abiertos desactivada,Ambientes cerrados activada,Optimizacion de rutas activada,Entretenimiento adulto desactivada,Entretenimiento familiar activada,Entretenimiento tercera edad desactivada,Backend activada,Algoritmo activada,Qiskit Simulator desactivada,SpinQ Simulator desactivada,TQL Simulator activada,QAOA desactivada,VQE activada
Visualizador calidad de aire activada,Turismo activada,Deportes desactivada,Entretenimiento activada,HQC activada,Visualizador restriccion uso lena activada,Ambientes abiertos desactivada,Ambientes cerrados activada,Optimizacion de rutas activada,Entretenimiento adulto activada,Entretenimiento familiar desactivada,Entretenimiento tercera edad activada,Backend activada,Algoritmo activada,Qiskit Simulator activada,SpinQ Simulator desactivada,TQL Simulator desactivada,QAOA activada,VQE desactivada
Visualizador calidad de aire activada,Turismo activada,Deportes desactivada,Entretenimiento activada,HQC activada,Visualizador restriccion uso lena activada,Ambientes abiertos desactivada,Ambientes cerrados activada,Optimizacion de rutas activada,Entretenimiento adulto activada,Entretenimiento familiar desactivada,Entretenimiento tercera edad activada,Backend activada,Algoritmo activada,Qiskit Simulator activada,SpinQ Simulator desactivada,TQL Simulator desactivada,QAOA desactivada,VQE activada
Visualizador calidad de aire activada,Turismo activada,Deportes desactivada,Entretenimiento activada,HQC activada,Visualizador restriccion uso lena activada,Ambientes abiertos desactivada,Ambientes cerrados activada,Optimizacion de rutas activada,Entretenimiento adulto activada,Entretenimiento familiar desactivada,Entretenimiento tercera edad activada,Backend activada,Algoritmo activada,Qiskit Simulator desactivada,SpinQ Simulator activada,TQL Simulator desactivada,QAOA activada,VQE desactivada
Visualizador calidad de aire activada,Turismo activada,Deportes desactivada,Entretenimiento activada,HQC activada,Visualizador restriccion uso lena activada,Ambientes abiertos desactivada,Ambientes cerrados activada,Optimizacion de rutas activada,Entretenimiento adulto activada,Entretenimiento familiar desactivada,Entretenimiento tercera edad activada,Backend activada,Algoritmo activada,Qiskit Simulator desactivada,SpinQ Simulator activada,TQL Simulator desactivada,QAOA desactivada,VQE activada
Visualizador calidad de aire activada,Turismo activada,Deportes desactivada,Entretenimiento activada,HQC activada,Visualizador restriccion uso lena activada,Ambientes abiertos desactivada,Ambientes cerrados activada,Optimizacion de rutas activada,Entretenimiento adulto activada,Entretenimiento familiar desactivada,Entretenimiento tercera edad activada,Backend activada,Algoritmo activada,Qiskit Simulator desactivada,SpinQ Simulator desactivada,TQL Simulator activada,QAOA activada,VQE desactivada
Visualizador calidad de aire activada,Turismo activada,Deportes desactivada,Entretenimiento activada,HQC activada,Visualizador restriccion uso lena activada,Ambientes abiertos desactivada,Ambientes cerrados activada,Optimizacion de rutas activada,Entretenimiento adulto activada,Entretenimiento familiar desactivada,Entretenimiento tercera edad activada,Backend activada,Algoritmo activada,Qiskit Simulator desactivada,SpinQ Simulator desactivada,TQL Simulator activada,QAOA desactivada,VQE activada
Visualizador calidad de aire activada,Turismo activada,Deportes desactivada,Entretenimiento activada,HQC activada,Visualizador restriccion uso lena activada,Ambientes abiertos desactivada,Ambientes cerrados activada,Optimizacion de rutas activada,Entretenimiento adulto activada,Entretenimiento familiar desactivada,Entretenimiento tercera edad desactivada,Backend activada,Algoritmo activada,Qiskit Simulator activada,SpinQ Simulator desactivada,TQL Simulator desactivada,QAOA activada,VQE desactivada
Visualizador calidad de aire activada,Turismo activada,Deportes desactivada,Entretenimiento activada,HQC activada,Visualizador restriccion uso lena activada,Ambientes abiertos desactivada,Ambientes cerrados activada,Optimizacion de rutas activada,Entretenimiento adulto activada,Entretenimiento familiar desactivada,Entretenimiento tercera edad desactivada,Backend activada,Algoritmo activada,Qiskit Simulator activada,SpinQ Simulator desactivada,TQL Simulator desactivada,QAOA desactivada,VQE activada
Visualizador calidad de aire activada,Turismo activada,Deportes desactivada,Entretenimiento activada,HQC activada,Visualizador restriccion uso lena activada,Ambientes abiertos desactivada,Ambientes cerrados activada,Optimizacion de rutas activada,Entretenimiento adulto activada,Entretenimiento familiar desactivada,Entretenimiento tercera edad desactivada,Backend activada,Algoritmo activada,Qiskit Simulator desactivada,SpinQ Simulator activada,TQL Simulator desactivada,QAOA activada,VQE desactivada
Visualizador calidad de aire activada,Turismo activada,Deportes desactivada,Entretenimiento activada,HQC activada,Visualizador restriccion uso lena activada,Ambientes abiertos desactivada,Ambientes cerrados activada,Optimizacion de rutas activada,Entretenimiento adulto activada,Entretenimiento familiar desactivada,Entretenimiento tercera edad desactivada,Backend activada,Algoritmo activada,Qiskit Simulator desactivada,SpinQ Simulator activada,TQL Simulator desactivada,QAOA desactivada,VQE activada
Visualizador calidad de aire activada,Turismo activada,Deportes desactivada,Entretenimiento activada,HQC activada,Visualizador restriccion uso lena activada,Ambientes abiertos desactivada,Ambientes cerrados activada,Optimizacion de rutas activada,Entretenimiento adulto activada,Entretenimiento familiar desactivada,Entretenimiento tercera edad desactivada,Backend activada,Algoritmo activada,Qiskit Simulator desactivada,SpinQ Simulator desactivada,TQL Simulator activada,QAOA activada,VQE desactivada
Visualizador calidad de aire activada,Turismo activada,Deportes desactivada,Entretenimiento activada,HQC activada,Visualizador restriccion uso lena activada,Ambientes abiertos desactivada,Ambientes cerrados activada,Optimizacion de rutas activada,Entretenimiento adulto activada,Entretenimiento familiar desactivada,Entretenimiento tercera edad desactivada,Backend activada,Algoritmo activada,Qiskit Simulator desactivada,SpinQ Simulator desactivada,TQL Simulator activada,QAOA desactivada,VQE activada
Visualizador calidad de aire activada,Turismo activada,Deportes desactivada,Entretenimiento activada,HQC activada,Visualizador restriccion uso lena activada,Ambientes abiertos desactivada,Ambientes cerrados activada,Optimizacion de rutas activada,Entretenimiento adulto desactivada,Entretenimiento familiar desactivada,Entretenimiento tercera edad activada,Backend activada,Algoritmo activada,Qiskit Simulator activada,SpinQ Simulator desactivada,TQL Simulator desactivada,QAOA activada,VQE desactivada
Visualizador calidad de aire activada,Turismo activada,Deportes desactivada,Entretenimiento activada,HQC activada,Visualizador restriccion uso lena activada,Ambientes abiertos desactivada,Ambientes cerrados activada,Optimizacion de rutas activada,Entretenimiento adulto desactivada,Entretenimiento familiar desactivada,Entretenimiento tercera edad activada,Backend activada,Algoritmo activada,Qiskit Simulator activada,SpinQ Simulator desactivada,TQL Simulator desactivada,QAOA desactivada,VQE activada
Visualizador calidad de aire activada,Turismo activada,Deportes desactivada,Entretenimiento activada,HQC activada,Visualizador restriccion uso lena activada,Ambientes abiertos desactivada,Ambientes cerrados activada,Optimizacion de rutas activada,Entretenimiento adulto desactivada,Entretenimiento familiar desactivada,Entretenimiento tercera edad activada,Backend activada,Algoritmo activada,Qiskit Simulator desactivada,SpinQ Simulator activada,TQL Simulator desactivada,QAOA activada,VQE desactivada
Visualizador calidad de aire activada,Turismo activada,Deportes desactivada,Entretenimiento activada,HQC activada,Visualizador restriccion uso lena activada,Ambientes abiertos desactivada,Ambientes cerrados activada,Optimizacion de rutas activada,Entretenimiento adulto desactivada,Entretenimiento familiar desactivada,Entretenimiento tercera edad activada,Backend activada,Algoritmo activada,Qiskit Simulator desactivada,SpinQ Simulator activada,TQL Simulator desactivada,QAOA desactivada,VQE activada
Visualizador calidad de aire activada,Turismo activada,Deportes desactivada,Entretenimiento activada,HQC activada,Visualizador restriccion uso lena activada,Ambientes abiertos desactivada,Ambientes cerrados activada,Optimizacion de rutas activada,Entretenimiento adulto desactivada,Entretenimiento familiar desactivada,Entretenimiento tercera edad activada,Backend activada,Algoritmo activada,Qiskit Simulator desactivada,SpinQ Simulator desactivada,TQL Simulator activada,QAOA activada,VQE desactivada
Visualizador calidad de aire activada,Turismo activada,Deportes desactivada,Entretenimiento activada,HQC activada,Visualizador restriccion uso lena activada,Ambientes abiertos desactivada,Ambientes cerrados activada,Optimizacion de rutas activada,Entretenimiento adulto desactivada,Entretenimiento familiar desactivada,Entretenimiento tercera edad activada,Backend activada,Algoritmo activada,Qiskit Simulator desactivada,SpinQ Simulator desactivada,TQL Simulator activada,QAOA desactivada,VQE activada
Visualizador calidad de aire activada,Turismo activada,Deportes desactivada,Entretenimiento activada,HQC activada,Visualizador restriccion uso lena activada,Ambientes abiertos desactivada,Ambientes cerrados activada,Optimizacion de rutas desactivada,Entretenimiento adulto activada,Entretenimiento familiar activada,Entretenimiento tercera edad activada,Backend activada,Algoritmo activada,Qiskit Simulator activada,SpinQ Simulator desactivada,TQL Simulator desactivada,QAOA activada,VQE desactivada
Visualizador calidad de aire activada,Turismo activada,Deportes desactivada,Entretenimiento activada,HQC activada,Visualizador restriccion uso lena activada,Ambientes abiertos desactivada,Ambientes cerrados activada,Optimizacion de rutas desactivada,Entretenimiento adulto activada,Entretenimiento familiar activada,Entretenimiento tercera edad activada,Backend activada,Algoritmo activada,Qiskit Simulator activada,SpinQ Simulator desactivada,TQL Simulator desactivada,QAOA desactivada,VQE activada
Visualizador calidad de aire activada,Turismo activada,Deportes desactivada,Entretenimiento activada,HQC activada,Visualizador restriccion uso lena activada,Ambientes abiertos desactivada,Ambientes cerrados activada,Optimizacion de rutas desactivada,Entretenimiento adulto activada,Entretenimiento familiar activada,Entretenimiento tercera edad activada,Backend activada,Algoritmo activada,Qiskit Simulator desactivada,SpinQ Simulator activada,TQL Simulator desactivada,QAOA activada,VQE desactivada
Visualizador calidad de aire activada,Turismo activada,Deportes desactivada,Entretenimiento activada,HQC activada,Visualizador restriccion uso lena activada,Ambientes abiertos desactivada,Ambientes cerrados activada,Optimizacion de rutas desactivada,Entretenimiento adulto activada,Entretenimiento familiar activada,Entretenimiento tercera edad activada,Backend activada,Algoritmo activada,Qiskit Simulator desactivada,SpinQ Simulator activada,TQL Simulator desactivada,QAOA desactivada,VQE activada
Visualizador calidad de aire activada,Turismo activada,Deportes desactivada,Entretenimiento activada,HQC activada,Visualizador restriccion uso lena activada,Ambientes abiertos desactivada,Ambientes cerrados activada,Optimizacion de rutas desactivada,Entretenimiento adulto activada,Entretenimiento familiar activada,Entretenimiento tercera edad activada,Backend activada,Algoritmo activada,Qiskit Simulator desactivada,SpinQ Simulator desactivada,TQL Simulator activada,QAOA activada,VQE desactivada
Visualizador calidad de aire activada,Turismo activada,Deportes desactivada,Entretenimiento activada,HQC activada,Visualizador restriccion uso lena activada,Ambientes abiertos desactivada,Ambientes cerrados activada,Optimizacion de rutas desactivada,Entretenimiento adulto activada,Entretenimiento familiar activada,Entretenimiento tercera edad activada,Backend activada,Algoritmo activada,Qiskit Simulator desactivada,SpinQ Simulator desactivada,TQL Simulator activada,QAOA desactivada,VQE activada
Visualizador calidad de aire activada,Turismo activada,Deportes desactivada,Entretenimiento activada,HQC activada,Visualizador restriccion uso lena activada,Ambientes abiertos desactivada,Ambientes cerrados activada,Optimizacion de rutas desactivada,Entretenimiento adulto activada,Entretenimiento familiar activada,Entretenimiento tercera edad desactivada,Backend activada,Algoritmo activada,Qiskit Simulator activada,SpinQ Simulator desactivada,TQL Simulator desactivada,QAOA activada,VQE desactivada
Visualizador calidad de aire activada,Turismo activada,Deportes desactivada,Entretenimiento activada,HQC activada,Visualizador restriccion uso lena activada,Ambientes abiertos desactivada,Ambientes cerrados activada,Optimizacion de rutas desactivada,Entretenimiento adulto activada,Entretenimiento familiar activada,Entretenimiento tercera edad desactivada,Backend activada,Algoritmo activada,Qiskit Simulator activada,SpinQ Simulator desactivada,TQL Simulator desactivada,QAOA desactivada,VQE activada
Visualizador calidad de aire activada,Turismo activada,Deportes desactivada,Entretenimiento activada,HQC activada,Visualizador restriccion uso lena activada,Ambientes abiertos desactivada,Ambientes cerrados activada,Optimizacion de rutas desactivada,Entretenimiento adulto activada,Entretenimiento familiar activada,Entretenimiento tercera edad desactivada,Backend activada,Algoritmo activada,Qiskit Simulator desactivada,SpinQ Simulator activada,TQL Simulator desactivada,QAOA activada,VQE desactivada
Visualizador calidad de aire activada,Turismo activada,Deportes desactivada,Entretenimiento activada,HQC activada,Visualizador restriccion uso lena activada,Ambientes abiertos desactivada,Ambientes cerrados activada,Optimizacion de rutas desactivada,Entretenimiento adulto activada,Entretenimiento familiar activada,Entretenimiento tercera edad desactivada,Backend activada,Algoritmo activada,Qiskit Simulator desactivada,SpinQ Simulator activada,TQL Simulator desactivada,QAOA desactivada,VQE activada
Visualizador calidad de aire activada,Turismo activada,Deportes desactivada,Entretenimiento activada,HQC activada,Visualizador restriccion uso lena activada,Ambientes abiertos desactivada,Ambientes cerrados activada,Optimizacion de rutas desactivada,Entretenimiento adulto activada,Entretenimiento familiar activada,Entretenimiento tercera edad desactivada,Backend activada,Algoritmo activada,Qiskit Simulator desactivada,SpinQ Simulator desactivada,TQL Simulator activada,QAOA activada,VQE desactivada
Visualizador calidad de aire activada,Turismo activada,Deportes desactivada,Entretenimiento activada,HQC activada,Visualizador restriccion uso lena activada,Ambientes abiertos desactivada,Ambientes cerrados activada,Optimizacion de rutas desactivada,Entretenimiento adulto activada,Entretenimiento familiar activada,Entretenimiento tercera edad desactivada,Backend activada,Algoritmo activada,Qiskit Simulator desactivada,SpinQ Simulator desactivada,TQL Simulator activada,QAOA desactivada,VQE activada
Visualizador calidad de aire activada,Turismo activada,Deportes desactivada,Entretenimiento activada,HQC activada,Visualizador restriccion uso lena activada,Ambientes abiertos desactivada,Ambientes cerrados activada,Optimizacion de rutas desactivada,Entretenimiento adulto desactivada,Entretenimiento familiar activada,Entretenimiento tercera edad activada,Backend activada,Algoritmo activada,Qiskit Simulator activada,SpinQ Simulator desactivada,TQL Simulator desactivada,QAOA activada,VQE desactivada
Visualizador calidad de aire activada,Turismo activada,Deportes desactivada,Entretenimiento activada,HQC activada,Visualizador restriccion uso lena activada,Ambientes abiertos desactivada,Ambientes cerrados activada,Optimizacion de rutas desactivada,Entretenimiento adulto desactivada,Entretenimiento familiar activada,Entretenimiento tercera edad activada,Backend activada,Algoritmo activada,Qiskit Simulator activada,SpinQ Simulator desactivada,TQL Simulator desactivada,QAOA desactivada,VQE activada
Visualizador calidad de aire activada,Turismo activada,Deportes desactivada,Entretenimiento activada,HQC activada,Visualizador restriccion uso lena activada,Ambientes abiertos desactivada,Ambientes cerrados activada,Optimizacion de rutas desactivada,Entretenimiento adulto desactivada,Entretenimiento familiar activada,Entretenimiento tercera edad activada,Backend activada,Algoritmo activada,Qiskit Simulator desactivada,SpinQ Simulator activada,TQL Simulator desactivada,QAOA activada,VQE desactivada
Visualizador calidad de aire activada,Turismo activada,Deportes desactivada,Entretenimiento activada,HQC activada,Visualizador restriccion uso lena activada,Ambientes abiertos desactivada,Ambientes cerrados activada,Optimizacion de rutas desactivada,Entretenimiento adulto desactivada,Entretenimiento familiar activada,Entretenimiento tercera edad activada,Backend activada,Algoritmo activada,Qiskit Simulator desactivada,SpinQ Simulator activada,TQL Simulator desactivada,QAOA desactivada,VQE activada
Visualizador calidad de aire activada,Turismo activada,Deportes desactivada,Entretenimiento activada,HQC activada,Visualizador restriccion uso lena activada,Ambientes abiertos desactivada,Ambientes cerrados activada,Optimizacion de rutas desactivada,Entretenimiento adulto desactivada,Entretenimiento familiar activada,Entretenimiento tercera edad activada,Backend activada,Algoritmo activada,Qiskit Simulator desactivada,SpinQ Simulator desactivada,TQL Simulator activada,QAOA activada,VQE desactivada
Visualizador calidad de aire activada,Turismo activada,Deportes desactivada,Entretenimiento activada,HQC activada,Visualizador restriccion uso lena activada,Ambientes abiertos desactivada,Ambientes cerrados activada,Optimizacion de rutas desactivada,Entretenimiento adulto desactivada,Entretenimiento familiar activada,Entretenimiento tercera edad activada,Backend activada,Algoritmo activada,Qiskit Simulator desactivada,SpinQ Simulator desactivada,TQL Simulator activada,QAOA desactivada,VQE activada
Visualizador calidad de aire activada,Turismo activada,Deportes desactivada,Entretenimiento activada,HQC activada,Visualizador restriccion uso lena activada,Ambientes abiertos desactivada,Ambientes cerrados activada,Optimizacion de rutas desactivada,Entretenimiento adulto desactivada,Entretenimiento familiar activada,Entretenimiento tercera edad desactivada,Backend activada,Algoritmo activada,Qiskit Simulator activada,SpinQ Simulator desactivada,TQL Simulator desactivada,QAOA activada,VQE desactivada
Visualizador calidad de aire activada,Turismo activada,Deportes desactivada,Entretenimiento activada,HQC activada,Visualizador restriccion uso lena activada,Ambientes abiertos desactivada,Ambientes cerrados activada,Optimizacion de rutas desactivada,Entretenimiento adulto desactivada,Entretenimiento familiar activada,Entretenimiento tercera edad desactivada,Backend activada,Algoritmo activada,Qiskit Simulator activada,SpinQ Simulator desactivada,TQL Simulator desactivada,QAOA desactivada,VQE activada
Visualizador calidad de aire activada,Turismo activada,Deportes desactivada,Entretenimiento activada,HQC activada,Visualizador restriccion uso lena activada,Ambientes abiertos desactivada,Ambientes cerrados activada,Optimizacion de rutas desactivada,Entretenimiento adulto desactivada,Entretenimiento familiar activada,Entretenimiento tercera edad desactivada,Backend activada,Algoritmo activada,Qiskit Simulator desactivada,SpinQ Simulator activada,TQL Simulator desactivada,QAOA activada,VQE desactivada
Visualizador calidad de aire activada,Turismo activada,Deportes desactivada,Entretenimiento activada,HQC activada,Visualizador restriccion uso lena activada,Ambientes abiertos desactivada,Ambientes cerrados activada,Optimizacion de rutas desactivada,Entretenimiento adulto desactivada,Entretenimiento familiar activada,Entretenimiento tercera edad desactivada,Backend activada,Algoritmo activada,Qiskit Simulator desactivada,SpinQ Simulator activada,TQL Simulator desactivada,QAOA desactivada,VQE activada
Visualizador calidad de aire activada,Turismo activada,Deportes desactivada,Entretenimiento activada,HQC activada,Visualizador restriccion uso lena activada,Ambientes abiertos desactivada,Ambientes cerrados activada,Optimizacion de rutas desactivada,Entretenimiento adulto desactivada,Entretenimiento familiar activada,Entretenimiento tercera edad desactivada,Backend activada,Algoritmo activada,Qiskit Simulator desactivada,SpinQ Simulator desactivada,TQL Simulator activada,QAOA activada,VQE desactivada
Visualizador calidad de aire activada,Turismo activada,Deportes desactivada,Entretenimiento activada,HQC activada,Visualizador restriccion uso lena activada,Ambientes abiertos desactivada,Ambientes cerrados activada,Optimizacion de rutas desactivada,Entretenimiento adulto desactivada,Entretenimiento familiar activada,Entretenimiento tercera edad desactivada,Backend activada,Algoritmo activada,Qiskit Simulator desactivada,SpinQ Simulator desactivada,TQL Simulator activada,QAOA desactivada,VQE activada
Visualizador calidad de aire activada,Turismo activada,Deportes desactivada,Entretenimiento activada,HQC activada,Visualizador restriccion uso lena activada,Ambientes abiertos desactivada,Ambientes cerrados activada,Optimizacion de rutas desactivada,Entretenimiento adulto activada,Entretenimiento familiar desactivada,Entretenimiento tercera edad activada,Backend activada,Algoritmo activada,Qiskit Simulator activada,SpinQ Simulator desactivada,TQL Simulator desactivada,QAOA activada,VQE desactivada
Visualizador calidad de aire activada,Turismo activada,Deportes desactivada,Entretenimiento activada,HQC activada,Visualizador restriccion uso lena activada,Ambientes abiertos desactivada,Ambientes cerrados activada,Optimizacion de rutas desactivada,Entretenimiento adulto activada,Entretenimiento familiar desactivada,Entretenimiento tercera edad activada,Backend activada,Algoritmo activada,Qiskit Simulator activada,SpinQ Simulator desactivada,TQL Simulator desactivada,QAOA desactivada,VQE activada
Visualizador calidad de aire activada,Turismo activada,Deportes desactivada,Entretenimiento activada,HQC activada,Visualizador restriccion uso lena activada,Ambientes abiertos desactivada,Ambientes cerrados activada,Optimizacion de rutas desactivada,Entretenimiento adulto activada,Entretenimiento familiar desactivada,Entretenimiento tercera edad activada,Backend activada,Algoritmo activada,Qiskit Simulator desactivada,SpinQ Simulator activada,TQL Simulator desactivada,QAOA activada,VQE desactivada
Visualizador calidad de aire activada,Turismo activada,Deportes desactivada,Entretenimiento activada,HQC activada,Visualizador restriccion uso lena activada,Ambientes abiertos desactivada,Ambientes cerrados activada,Optimizacion de rutas desactivada,Entretenimiento adulto activada,Entretenimiento familiar desactivada,Entretenimiento tercera edad activada,Backend activada,Algoritmo activada,Qiskit Simulator desactivada,SpinQ Simulator activada,TQL Simulator desactivada,QAOA desactivada,VQE activada
Visualizador calidad de aire activada,Turismo activada,Deportes desactivada,Entretenimiento activada,HQC activada,Visualizador restriccion uso lena activada,Ambientes abiertos desactivada,Ambientes cerrados activada,Optimizacion de rutas desactivada,Entretenimiento adulto activada,Entretenimiento familiar desactivada,Entretenimiento tercera edad activada,Backend activada,Algoritmo activada,Qiskit Simulator desactivada,SpinQ Simulator desactivada,TQL Simulator activada,QAOA activada,VQE desactivada
Visualizador calidad de aire activada,Turismo activada,Deportes desactivada,Entretenimiento activada,HQC activada,Visualizador restriccion uso lena activada,Ambientes abiertos desactivada,Ambientes cerrados activada,Optimizacion de rutas desactivada,Entretenimiento adulto activada,Entretenimiento familiar desactivada,Entretenimiento tercera edad activada,Backend activada,Algoritmo activada,Qiskit Simulator desactivada,SpinQ Simulator desactivada,TQL Simulator activada,QAOA desactivada,VQE activada
Visualizador calidad de aire activada,Turismo activada,Deportes desactivada,Entretenimiento activada,HQC activada,Visualizador restriccion uso lena activada,Ambientes abiertos desactivada,Ambientes cerrados activada,Optimizacion de rutas desactivada,Entretenimiento adulto activada,Entretenimiento familiar desactivada,Entretenimiento tercera edad desactivada,Backend activada,Algoritmo activada,Qiskit Simulator activada,SpinQ Simulator desactivada,TQL Simulator desactivada,QAOA activada,VQE desactivada
Visualizador calidad de aire activada,Turismo activada,Deportes desactivada,Entretenimiento activada,HQC activada,Visualizador restriccion uso lena activada,Ambientes abiertos desactivada,Ambientes cerrados activada,Optimizacion de rutas desactivada,Entretenimiento adulto activada,Entretenimiento familiar desactivada,Entretenimiento tercera edad desactivada,Backend activada,Algoritmo activada,Qiskit Simulator activada,SpinQ Simulator desactivada,TQL Simulator desactivada,QAOA desactivada,VQE activada
Visualizador calidad de aire activada,Turismo activada,Deportes desactivada,Entretenimiento activada,HQC activada,Visualizador restriccion uso lena activada,Ambientes abiertos desactivada,Ambientes cerrados activada,Optimizacion de rutas desactivada,Entretenimiento adulto activada,Entretenimiento familiar desactivada,Entretenimiento tercera edad desactivada,Backend activada,Algoritmo activada,Qiskit Simulator desactivada,SpinQ Simulator activada,TQL Simulator desactivada,QAOA activada,VQE desactivada
Visualizador calidad de aire activada,Turismo activada,Deportes desactivada,Entretenimiento activada,HQC activada,Visualizador restriccion uso lena activada,Ambientes abiertos desactivada,Ambientes cerrados activada,Optimizacion de rutas desactivada,Entretenimiento adulto activada,Entretenimiento familiar desactivada,Entretenimiento tercera edad desactivada,Backend activada,Algoritmo activada,Qiskit Simulator desactivada,SpinQ Simulator activada,TQL Simulator desactivada,QAOA desactivada,VQE activada
Visualizador calidad de aire activada,Turismo activada,Deportes desactivada,Entretenimiento activada,HQC activada,Visualizador restriccion uso lena activada,Ambientes abiertos desactivada,Ambientes cerrados activada,Optimizacion de rutas desactivada,Entretenimiento adulto activada,Entretenimiento familiar desactivada,Entretenimiento tercera edad desactivada,Backend activada,Algoritmo activada,Qiskit Simulator desactivada,SpinQ Simulator desactivada,TQL Simulator activada,QAOA activada,VQE desactivada
Visualizador calidad de aire activada,Turismo activada,Deportes desactivada,Entretenimiento activada,HQC activada,Visualizador restriccion uso lena activada,Ambientes abiertos desactivada,Ambientes cerrados activada,Optimizacion de rutas desactivada,Entretenimiento adulto activada,Entretenimiento familiar desactivada,Entretenimiento tercera edad desactivada,Backend activada,Algoritmo activada,Qiskit Simulator desactivada,SpinQ Simulator desactivada,TQL Simulator activada,QAOA desactivada,VQE activada
Visualizador calidad de aire activada,Turismo activada,Deportes desactivada,Entretenimiento activada,HQC activada,Visualizador restriccion uso lena activada,Ambientes abiertos desactivada,Ambientes cerrados activada,Optimizacion de rutas desactivada,Entretenimiento adulto desactivada,Entretenimiento familiar desactivada,Entretenimiento tercera edad activada,Backend activada,Algoritmo activada,Qiskit Simulator activada,SpinQ Simulator desactivada,TQL Simulator desactivada,QAOA activada,VQE desactivada
Visualizador calidad de aire activada,Turismo activada,Deportes desactivada,Entretenimiento activada,HQC activada,Visualizador restriccion uso lena activada,Ambientes abiertos desactivada,Ambientes cerrados activada,Optimizacion de rutas desactivada,Entretenimiento adulto desactivada,Entretenimiento familiar desactivada,Entretenimiento tercera edad activada,Backend activada,Algoritmo activada,Qiskit Simulator activada,SpinQ Simulator desactivada,TQL Simulator desactivada,QAOA desactivada,VQE activada
Visualizador calidad de aire activada,Turismo activada,Deportes desactivada,Entretenimiento activada,HQC activada,Visualizador restriccion uso lena activada,Ambientes abiertos desactivada,Ambientes cerrados activada,Optimizacion de rutas desactivada,Entretenimiento adulto desactivada,Entretenimiento familiar desactivada,Entretenimiento tercera edad activada,Backend activada,Algoritmo activada,Qiskit Simulator desactivada,SpinQ Simulator activada,TQL Simulator desactivada,QAOA activada,VQE desactivada
Visualizador calidad de aire activada,Turismo activada,Deportes desactivada,Entretenimiento activada,HQC activada,Visualizador restriccion uso lena activada,Ambientes abiertos desactivada,Ambientes cerrados activada,Optimizacion de rutas desactivada,Entretenimiento adulto desactivada,Entretenimiento familiar desactivada,Entretenimiento tercera edad activada,Backend activada,Algoritmo activada,Qiskit Simulator desactivada,SpinQ Simulator activada,TQL Simulator desactivada,QAOA desactivada,VQE activada
Visualizador calidad de aire activada,Turismo activada,Deportes desactivada,Entretenimiento activada,HQC activada,Visualizador restriccion uso lena activada,Ambientes abiertos desactivada,Ambientes cerrados activada,Optimizacion de rutas desactivada,Entretenimiento adulto desactivada,Entretenimiento familiar desactivada,Entretenimiento tercera edad activada,Backend activada,Algoritmo activada,Qiskit Simulator desactivada,SpinQ Simulator desactivada,TQL Simulator activada,QAOA activada,VQE desactivada
Visualizador calidad de aire activada,Turismo activada,Deportes desactivada,Entretenimiento activada,HQC activada,Visualizador restriccion uso lena activada,Ambientes abiertos desactivada,Ambientes cerrados activada,Optimizacion de rutas desactivada,Entretenimiento adulto desactivada,Entretenimiento familiar desactivada,Entretenimiento tercera edad activada,Backend activada,Algoritmo activada,Qiskit Simulator desactivada,SpinQ Simulator desactivada,TQL Simulator activada,QAOA desactivada,VQE activada
Visualizador calidad de aire activada,Turismo activada,Deportes desactivada,Entretenimiento activada,HQC desactivada,Visualizador restriccion uso lena activada,Ambientes abiertos desactivada,Ambientes cerrados activada,Optimizacion de rutas desactivada,Entretenimiento adulto activada,Entretenimiento familiar activada,Entretenimiento tercera edad activada,Backend desactivada,Algoritmo desactivada,Qiskit Simulator desactivada,SpinQ Simulator desactivada,TQL Simulator desactivada,QAOA desactivada,VQE desactivada
Visualizador calidad de aire activada,Turismo activada,Deportes desactivada,Entretenimiento activada,HQC desactivada,Visualizador restriccion uso lena activada,Ambientes abiertos desactivada,Ambientes cerrados activada,Optimizacion de rutas desactivada,Entretenimiento adulto activada,Entretenimiento familiar activada,Entretenimiento tercera edad desactivada,Backend desactivada,Algoritmo desactivada,Qiskit Simulator desactivada,SpinQ Simulator desactivada,TQL Simulator desactivada,QAOA desactivada,VQE desactivada
Visualizador calidad de aire activada,Turismo activada,Deportes desactivada,Entretenimiento activada,HQC desactivada,Visualizador restriccion uso lena activada,Ambientes abiertos desactivada,Ambientes cerrados activada,Optimizacion de rutas desactivada,Entretenimiento adulto desactivada,Entretenimiento familiar activada,Entretenimiento tercera edad activada,Backend desactivada,Algoritmo desactivada,Qiskit Simulator desactivada,SpinQ Simulator desactivada,TQL Simulator desactivada,QAOA desactivada,VQE desactivada
Visualizador calidad de aire activada,Turismo activada,Deportes desactivada,Entretenimiento activada,HQC desactivada,Visualizador restriccion uso lena activada,Ambientes abiertos desactivada,Ambientes cerrados activada,Optimizacion de rutas desactivada,Entretenimiento adulto desactivada,Entretenimiento familiar activada,Entretenimiento tercera edad desactivada,Backend desactivada,Algoritmo desactivada,Qiskit Simulator desactivada,SpinQ Simulator desactivada,TQL Simulator desactivada,QAOA desactivada,VQE desactivada
Visualizador calidad de aire activada,Turismo activada,Deportes desactivada,Entretenimiento activada,HQC desactivada,Visualizador restriccion uso lena activada,Ambientes abiertos desactivada,Ambientes cerrados activada,Optimizacion de rutas desactivada,Entretenimiento adulto activada,Entretenimiento familiar desactivada,Entretenimiento tercera edad activada,Backend desactivada,Algoritmo desactivada,Qiskit Simulator desactivada,SpinQ Simulator desactivada,TQL Simulator desactivada,QAOA desactivada,VQE desactivada
Visualizador calidad de aire activada,Turismo activada,Deportes desactivada,Entretenimiento activada,HQC desactivada,Visualizador restriccion uso lena activada,Ambientes abiertos desactivada,Ambientes cerrados activada,Optimizacion de rutas desactivada,Entretenimiento adulto activada,Entretenimiento familiar desactivada,Entretenimiento tercera edad desactivada,Backend desactivada,Algoritmo desactivada,Qiskit Simulator desactivada,SpinQ Simulator desactivada,TQL Simulator desactivada,QAOA desactivada,VQE desactivada
Visualizador calidad de aire activada,Turismo activada,Deportes desactivada,Entretenimiento activada,HQC desactivada,Visualizador restriccion uso lena activada,Ambientes abiertos desactivada,Ambientes cerrados activada,Optimizacion de rutas desactivada,Entretenimiento adulto desactivada,Entretenimiento familiar desactivada,Entretenimiento tercera edad activada,Backend desactivada,Algoritmo desactivada,Qiskit Simulator desactivada,SpinQ Simulator desactivada,TQL Simulator desactivada,QAOA desactivada,VQE desactivada
Visualizador calidad de aire activada,Turismo activada,Deportes desactivada,Entretenimiento desactivada,HQC activada,Visualizador restriccion uso lena activada,Ambientes abiertos desactivada,Ambientes cerrados activada,Optimizacion de rutas activada,Entretenimiento adulto desactivada,Entretenimiento familiar desactivada,Entretenimiento tercera edad desactivada,Backend activada,Algoritmo activada,Qiskit Simulator activada,SpinQ Simulator desactivada,TQL Simulator desactivada,QAOA activada,VQE desactivada
Visualizador calidad de aire activada,Turismo activada,Deportes desactivada,Entretenimiento desactivada,HQC activada,Visualizador restriccion uso lena activada,Ambientes abiertos desactivada,Ambientes cerrados activada,Optimizacion de rutas activada,Entretenimiento adulto desactivada,Entretenimiento familiar desactivada,Entretenimiento tercera edad desactivada,Backend activada,Algoritmo activada,Qiskit Simulator activada,SpinQ Simulator desactivada,TQL Simulator desactivada,QAOA desactivada,VQE activada
Visualizador calidad de aire activada,Turismo activada,Deportes desactivada,Entretenimiento desactivada,HQC activada,Visualizador restriccion uso lena activada,Ambientes abiertos desactivada,Ambientes cerrados activada,Optimizacion de rutas activada,Entretenimiento adulto desactivada,Entretenimiento familiar desactivada,Entretenimiento tercera edad desactivada,Backend activada,Algoritmo activada,Qiskit Simulator desactivada,SpinQ Simulator activada,TQL Simulator desactivada,QAOA activada,VQE desactivada
Visualizador calidad de aire activada,Turismo activada,Deportes desactivada,Entretenimiento desactivada,HQC activada,Visualizador restriccion uso lena activada,Ambientes abiertos desactivada,Ambientes cerrados activada,Optimizacion de rutas activada,Entretenimiento adulto desactivada,Entretenimiento familiar desactivada,Entretenimiento tercera edad desactivada,Backend activada,Algoritmo activada,Qiskit Simulator desactivada,SpinQ Simulator activada,TQL Simulator desactivada,QAOA desactivada,VQE activada
Visualizador calidad de aire activada,Turismo activada,Deportes desactivada,Entretenimiento desactivada,HQC activada,Visualizador restriccion uso lena activada,Ambientes abiertos desactivada,Ambientes cerrados activada,Optimizacion de rutas activada,Entretenimiento adulto desactivada,Entretenimiento familiar desactivada,Entretenimiento tercera edad desactivada,Backend activada,Algoritmo activada,Qiskit Simulator desactivada,SpinQ Simulator desactivada,TQL Simulator activada,QAOA activada,VQE desactivada
Visualizador calidad de aire activada,Turismo activada,Deportes desactivada,Entretenimiento desactivada,HQC activada,Visualizador restriccion uso lena activada,Ambientes abiertos desactivada,Ambientes cerrados activada,Optimizacion de rutas activada,Entretenimiento adulto desactivada,Entretenimiento familiar desactivada,Entretenimiento tercera edad desactivada,Backend activada,Algoritmo activada,Qiskit Simulator desactivada,SpinQ Simulator desactivada,TQL Simulator activada,QAOA desactivada,VQE activada
Visualizador calidad de aire activada,Turismo activada,Deportes desactivada,Entretenimiento desactivada,HQC activada,Visualizador restriccion uso lena activada,Ambientes abiertos desactivada,Ambientes cerrados activada,Optimizacion de rutas desactivada,Entretenimiento adulto desactivada,Entretenimiento familiar desactivada,Entretenimiento tercera edad desactivada,Backend activada,Algoritmo activada,Qiskit Simulator activada,SpinQ Simulator desactivada,TQL Simulator desactivada,QAOA activada,VQE desactivada
Visualizador calidad de aire activada,Turismo activada,Deportes desactivada,Entretenimiento desactivada,HQC activada,Visualizador restriccion uso lena activada,Ambientes abiertos desactivada,Ambientes cerrados activada,Optimizacion de rutas desactivada,Entretenimiento adulto desactivada,Entretenimiento familiar desactivada,Entretenimiento tercera edad desactivada,Backend activada,Algoritmo activada,Qiskit Simulator activada,SpinQ Simulator desactivada,TQL Simulator desactivada,QAOA desactivada,VQE activada
Visualizador calidad de aire activada,Turismo activada,Deportes desactivada,Entretenimiento desactivada,HQC activada,Visualizador restriccion uso lena activada,Ambientes abiertos desactivada,Ambientes cerrados activada,Optimizacion de rutas desactivada,Entretenimiento adulto desactivada,Entretenimiento familiar desactivada,Entretenimiento tercera edad desactivada,Backend activada,Algoritmo activada,Qiskit Simulator desactivada,SpinQ Simulator activada,TQL Simulator desactivada,QAOA activada,VQE desactivada
Visualizador calidad de aire activada,Turismo activada,Deportes desactivada,Entretenimiento desactivada,HQC activada,Visualizador restriccion uso lena activada,Ambientes abiertos desactivada,Ambientes cerrados activada,Optimizacion de rutas desactivada,Entretenimiento adulto desactivada,Entretenimiento familiar desactivada,Entretenimiento tercera edad desactivada,Backend activada,Algoritmo activada,Qiskit Simulator desactivada,SpinQ Simulator activada,TQL Simulator desactivada,QAOA desactivada,VQE activada
Visualizador calidad de aire activada,Turismo activada,Deportes desactivada,Entretenimiento desactivada,HQC activada,Visualizador restriccion uso lena activada,Ambientes abiertos desactivada,Ambientes cerrados activada,Optimizacion de rutas desactivada,Entretenimiento adulto desactivada,Entretenimiento familiar desactivada,Entretenimiento tercera edad desactivada,Backend activada,Algoritmo activada,Qiskit Simulator desactivada,SpinQ Simulator desactivada,TQL Simulator activada,QAOA activada,VQE desactivada
Visualizador calidad de aire activada,Turismo activada,Deportes desactivada,Entretenimiento desactivada,HQC activada,Visualizador restriccion uso lena activada,Ambientes abiertos desactivada,Ambientes cerrados activada,Optimizacion de rutas desactivada,Entretenimiento adulto desactivada,Entretenimiento familiar desactivada,Entretenimiento tercera edad desactivada,Backend activada,Algoritmo activada,Qiskit Simulator desactivada,SpinQ Simulator desactivada,TQL Simulator activada,QAOA desactivada,VQE activada
Visualizador calidad de aire activada,Turismo activada,Deportes desactivada,Entretenimiento desactivada,HQC desactivada,Visualizador restriccion uso lena activada,Ambientes abiertos desactivada,Ambientes cerrados activada,Optimizacion de rutas desactivada,Entretenimiento adulto desactivada,Entretenimiento familiar desactivada,Entretenimiento tercera edad desactivada,Backend desactivada,Algoritmo desactivada,Qiskit Simulator desactivada,SpinQ Simulator desactivada,TQL Simulator desactivada,QAOA desactivada,VQE desactivada
